kreiskey1888,county,rb,edu1886_apa_m_free,edu1886_apa_m_ren,edu1886_apa_f_free,edu1886_apa_f_ren,edu1886_val_she,edu1886_wag_m_tot,edu1886_wag_f_tot,edu1886_fin_fee_wag,edu1886_fin_fou_wag,edu1886_fin_soc_wag,edu1886_fin_pat_wag,edu1886_fin_sfu_wag,edu1886_fin_sgr_wag,edu1886_tot_bui,edu1886_new_sum,edu1886_new_num,edu1886_new_apa,edu1886_new_roo,edu1886_ext_sum,edu1886_ext_num,edu1886_ext_apa,edu1886_ext_roo,edu1886_tot_ren,edu1886_fin_pat_bui,edu1886_fin_sgr_bui,edu1886_fin_fou_bui,edu1886_fin_soc_bui,edu1886_fin_mun_bui,edu1886_fin_oth_bui,edu1886_fin_tot_mai,edu1886_fin_fou_mai,edu1886_fin_soc_mai,edu1886_fin_mun_mai,edu1886_fin_sgr_mai,edu1886_fin_oth_mai,edu1886_fin_tot
1,"MEMEL","KON",65,8,3,0,184,74600,5190,7456,6364,18588,20554,146,26682,15051,6556,5,3,3,1514,4,1,0,6981,1216,1220,113,7021,2815,2666,25735,0,14366,11002,361,6,40786
2,"FISCHHAUSEN","KON",95,4,1,0,268,82492,1224,1462,12931,18840,38505,1076,10902,19693,3975,6,2,2,7963,13,3,3,7755,1109,1333,679,3583,12851,138,46670,489,7653,26752,11776,0,66363
3,"KONIGSBERG","KON",22,0,0,0,260,213321,46550,54537,1854,200,202680,600,0,154415,22265,2,0,16,131446,7,2,42,704,828,0,199,0,153388,0,85394,1348,0,81471,0,2575,239809
4,"KONIGSBERG","KON",116,5,2,0,180,96618,2280,570,25620,25968,39533,682,6525,26341,16573,4,2,2,1259,12,3,3,8509,12972,0,114,4117,9110,28,37722,617,12631,20989,3295,190,64063
5,"LABIAU","KON",91,2,0,0,102.5,75188,0,0,8500,41220,6207,275,18986,13938,1737,5,0,0,5867,16,3,3,6334,3146,0,753,8413,1606,20,27526,415,22144,3429,1510,28,41464
6,"WEHLAU","KON",101,3,0,0,158.5,85683,450,4038,13466,36736,15505,390,15998,22326,12489,6,3,20,3541,12,5,3,6296,1794,0,207,13354,6971,0,28071,26,15949,10016,2051,29,50397
7,"GERDAUEN","KON",90,0,0,0,196,76972,2000,6688,22155,25777,14240,283,9829,17317,5628,5,5,6,5247,13,4,3,6442,2989,0,331,10786,2999,212,26588,114,14738,11530,206,0,43905
8,"RASTENBURG","KON",97,0,0,0,214.5,85430,811,1242,26956,21140,25659,171,11073,11988,3041,4,3,1,2436,7,3,1,6511,1349,0,29,2893,7693,24,35122,329,11915,18517,4324,37,47110
9,"FRIEDLAND","KON",87,1,0,0,163.5,79411,0,3756,14223,37845,11825,0,11762,8844,2712,2,2,2,2288,10,2,0,3844,337,0,19,6233,2154,101,23107,325,14750,7721,175,136,31951
10,"PREUSSISCH EYLAU","KON",133,1,0,0,170.5,114589,0,3732,18212,52610,18391,2689,18955,16882,10892,6,5,6,310,7,0,0,5680,635,0,29,10653,5565,0,35116,473,20502,11845,2296,0,51998
11,"HEILIGENBEIL","KON",98,1,0,0,179.5,86704,1040,4870,16189,31408,15464,2284,17529,12964,2612,3,2,2,3346,12,1,0,7006,829,0,180,8502,3402,51,34416,115,16774,11883,5603,41,47380
12,"BRAUNSBERG","KON",91,1,5,0,153,106840,12151,2658,8802,74465,6013,730,26323,24483,13937,7,8,8,4127,11,2,2,6419,1217,293,0,19016,3957,0,37956,208,28360,9388,0,0,62439
13,"HEILSBERG","KON",110,3,6,0,176,109783,7290,778,15773,45801,31244,456,23021,14735,3333,5,1,1,3843,21,3,4,7559,195,303,392,5836,8009,0,35906,90,18454,16075,1287,0,50641
14,"ROSSEL","KON",91,0,2,0,186.5,94594,4992,289,7696,21217,39316,716,30352,31576,22416,9,10,10,3240,19,1,2,5920,28,1653,47,12366,17452,30,37273,755,8761,27146,611,0,68849
15,"ALLENSTEIN","KON",119,7,3,0,158.5,122821,6170,0,8831,20370,66973,910,31907,30747,20602,13,6,6,6981,17,5,5,4664,498,3646,0,8128,17583,892,43789,30,10447,32993,273,46,74536
16,"ORTELSBURG","KON",144,15,0,0,191.5,140626,900,10300,31630,1113,44247,97,54139,46454,31410,43,17,17,5742,20,2,2,7802,9155,8507,88,423,28181,100,48663,0,306,32574,15783,0,95117
17,"NEIDENBURG","KON",121,8,0,0,203,106865,0,5355,13200,26424,20786,1797,39303,35141,29263,21,11,12,2996,4,1,1,3883,2875,5435,2150,18781,5723,177,40053,356,20793,17686,1211,7,75194
18,"OSTERODE","KON",129,28,0,0,239.5,137204,837,9251,19793,48512,18375,2150,39960,34153,24397,19,14,14,3218,17,6,4,5537,4399,5879,357,17681,5382,455,56967,627,27857,22146,5854,483,91120
19,"MOHRUNGEN","KON",125,2,1,0,163.5,110471,1954,9966,21306,38832,18832,606,22883,13730,4679,7,2,2,3606,24,0,0,5445,3675,0,151,5202,4684,18,37388,521,20862,15525,479,1,51118
20,"PREUSSISCH HOLLAND","KON",111,0,0,0,212.5,102966,0,7718,23829,29989,26307,453,14670,10164,943,2,1,1,2551,10,2,0,6670,662,0,395,3169,5904,34,37352,1167,16105,14782,5141,157,47516
21,"HEYDEKRUG","GUM",81,4,0,2,150,64546,1275,3265,12979,19072,12443,0,18062,15187,3424,3,3,3,6600,17,6,4,5163,1299,0,0,11514,2374,0,24130,250,12903,5565,5412,0,39317
22,"NIEDERUNG","GUM",90,5,3,0,155,74344,1740,4463,9884,236,47765,0,13736,36730,14839,6,5,5,11539,18,11,7,10352,5158,0,0,316,31218,38,34183,0,298,26652,7163,70,70913
23,"TILSIT","GUM",91,3,1,0,179,82838,9330,5341,10389,3914,53140,0,19384,35236,21922,7,7,7,4937,13,2,3,8377,6645,0,1824,11254,15180,333,42672,158,2484,32340,7690,0,77908
24,"RAGNIT","GUM",104,7,0,0,186,87389,750,4766,12210,0,48231,553,22379,28472,19151,13,12,14,852,6,2,3,8469,5455,2864,0,0,20034,119,31167,0,0,28879,2288,0,59639
25,"PILLKALLEN","GUM",99,2,0,0,166.5,86762,2340,8209,13578,10092,34974,30,22219,18360,3956,4,4,4,5922,4,3,3,8482,2591,0,733,2427,12546,63,28850,503,5524,22110,713,0,47210
26,"STALLUPONEN","GUM",106,0,0,0,201.5,84651,800,5250,9045,2902,43737,6236,18281,16356,544,1,0,0,5283,12,1,1,10529,2761,387,0,2735,10473,0,40303,3,5059,26853,8311,77,56659
27,"GUMBINNEN","GUM",95,4,0,0,211,85253,980,4700,10973,9999,35396,1509,23656,25336,4616,2,3,3,11794,17,2,1,8926,7235,0,57,3237,14807,0,28824,202,3696,16116,8710,100,54160
28,"INSTERBURG","GUM",113,2,0,0,194,109555,2976,4846,14153,0,71364,75,22093,31381,16459,8,7,8,5982,17,5,3,8940,8821,266,0,76,22151,67,45310,0,894,35028,9117,271,76691
29,"DARKEHMEN","GUM",77,2,0,0,203.5,69572,1400,4908,11410,540,38366,0,15748,14567,2757,4,2,2,6281,17,3,2,5529,1735,0,100,3321,9411,0,32038,0,766,23984,6898,390,46605
30,"ANGERBURG","GUM",84,1,1,0,222.5,69555,650,3103,20852,7552,23556,0,15142,15090,893,1,1,1,7442,13,1,0,6755,3281,0,287,5452,6018,52,31847,22,8785,14423,8460,157,46937
31,"GOLDAP","GUM",102,1,0,0,159.5,85390,450,3885,13940,0,37998,2370,27647,26227,12906,6,5,5,4418,12,4,3,8903,3409,1000,0,191,21612,15,31377,0,0,26799,4574,4,57604
32,"OLETZKO","GUM",99,2,0,0,184,88718,845,4802,17937,0,42250,0,24574,27087,14454,3,7,7,5514,18,0,0,7119,8072,0,10,0,19005,0,37401,409,0,33501,3491,0,64488
33,"LYCK","GUM",110,1,0,0,182.5,93884,675,4372,14807,11808,38767,0,24805,23801,11897,7,7,5,3400,10,4,6,8504,810,78,47,8629,14166,71,33765,15,5405,25652,2663,30,57566
34,"LOTZEN","GUM",94,0,0,0,167,77820,730,5528,13597,376,36116,0,22933,28064,11058,7,4,4,7345,26,1,1,9661,3717,185,329,2128,21705,0,36984,0,0,27706,9278,0,65048
35,"SENSBURG","GUM",101,5,0,0,165.5,86518,0,4208,15454,15102,22809,150,28795,31482,20162,31,7,7,4579,24,4,3,6741,1044,4166,333,10404,14981,554,39746,0,14948,20291,4507,0,71228
36,"JOHANNISBURG","GUM",118,0,0,0,202,94481,0,4425,12726,1357,41141,0,34832,52592,42460,22,18,18,4573,8,1,1,5559,7215,8153,89,310,36825,0,41007,15,1518,29313,10161,0,93599
37,"ELBING","DAN",10,0,0,0,250,71328,4798,33442,863,0,41821,0,0,16877,0,0,0,0,5348,1,0,3,11529,16709,0,0,0,168,0,31625,0,0,29349,0,2276,48502
38,"ELBING","DAN",80,0,3,0,138.5,72404,3640,3154,9371,22542,26968,633,13376,15262,4290,5,2,1,4130,9,3,3,6842,1332,0,1980,4604,6693,653,30852,483,12602,15053,2458,256,46114
39,"MARIENBURG","DAN",124,2,1,0,221.5,130400,2876,7098,22457,16816,68697,3259,14949,24122,9150,7,2,2,3775,9,2,2,11197,2250,472,88,5677,15608,27,53821,117,9196,41511,2976,21,77943
40,"DANZIG","DAN",9,0,1,0,394,136565,60325,0,12080,0,184450,360,0,50088,14359,1,0,12,23099,4,0,14,12630,0,0,205,0,49883,0,106235,250,0,105985,0,0,156323
41,"DANZIG NIEDERUNG","DAN",75,1,1,0,196,60635,540,5989,8157,20919,18065,154,7891,34335,25588,9,11,11,2456,6,4,0,6291,454,4012,839,11370,17537,123,26989,1074,12146,13163,569,37,61324
42,"DANZIG HOHE","DAN",77,2,2,0,148,64396,4180,441,7268,18564,27206,1651,13446,38216,24367,9,7,13,6654,11,4,2,7195,2553,2067,539,12447,20610,0,29549,1678,10326,14019,3345,181,67765
43,"DIRSCHAU","DAN",56,1,2,0,215.5,64232,3210,7487,7683,11827,32225,28,8192,15979,10328,5,3,3,2316,8,3,2,3335,77,0,268,857,14274,503,26751,118,4239,21425,904,65,42730
44,"PREUSSISCH STARGARD","DAN",86,11,0,0,197.5,78477,2727,3498,9476,20461,24649,756,22364,12931,5574,8,1,1,1721,9,0,0,5636,194,1200,0,3974,7476,87,26061,30,10004,15106,840,81,38992
45,"BERENT","DAN",82,6,0,0,152,82834,0,0,5394,246,37004,270,39920,22674,16472,11,5,5,1100,8,1,1,5102,625,5593,0,384,16072,0,28456,49,627,26722,640,418,51130
46,"KARTHAUS","DAN",93,17,0,2,138,84818,1500,0,5705,28714,13114,2510,36275,42888,27238,17,13,9,7728,14,2,6,7922,7783,8501,273,20722,5475,134,28148,0,15920,10303,1830,95,71036
47,"NEUSTADT","DAN",64,7,2,1,167,67232,2310,695,6800,12146,21867,3684,24350,32277,26002,7,7,15,728,4,1,0,5547,3655,10244,0,7115,10434,829,24185,0,8500,14214,1333,138,56462
48,"PUTZIG","DAN",55,4,0,0,162,48681,750,245,5833,9645,20587,888,12233,17773,10554,4,3,3,2703,8,1,1,4516,2633,5400,796,3704,4772,468,15566,17,5322,10055,145,27,33339
49,"STUHM","MAR",83,0,0,0,183,68842,0,75,6302,0,46715,502,15248,19335,7355,8,2,2,4323,13,3,2,7657,1765,1911,0,0,15659,0,23784,0,0,23784,0,0,43119
50,"MARIENWERDER","MAR",114,0,3,0,199,109442,2390,7786,12255,9107,66584,693,15407,46069,32026,6,6,19,6413,15,4,4,7630,3444,35,0,627,41566,397,53576,17,638,41303,11564,54,99645
51,"ROSENBERG","MAR",89,0,0,0,196.5,96061,850,7731,25901,16066,34783,1053,11377,37195,19682,9,10,10,10706,14,3,3,6807,402,2667,5,5661,22202,6258,38356,215,11193,26499,0,449,75551
52,"LOBAU","MAR",92,6,0,0,249.5,86485,0,0,7743,0,50729,21,27992,45018,36676,24,13,13,7196,12,3,4,1146,3833,4273,0,0,34713,2199,40106,36,0,30133,9922,15,85124
53,"STRASBURG","MAR",77,1,0,0,212,71096,645,1470,5147,34161,17194,49,13720,37332,26914,7,8,7,4130,10,2,1,6288,1982,1584,1012,27632,5122,0,31044,0,16576,13629,744,95,68376
54,"BRIESEN","MAR",59,0,0,0,216,62794,0,1372,6034,24527,18384,16,12461,29337,23170,5,8,19,2771,7,1,1,3396,70,1900,0,9703,7687,9977,25233,150,13123,11199,761,0,54570
55,"THORN","MAR",72,4,2,0,233,107226,5880,6203,5711,1292,83831,900,15169,34357,21863,9,6,17,3794,7,1,4,8700,0,4537,905,0,23573,5342,49218,2625,0,46195,398,0,83575
56,"KULM","MAR",64,4,1,0,245.5,72436,2960,4993,6721,15304,38525,402,9451,29622,18397,14,5,5,2541,8,2,2,8684,10570,1608,0,6265,11139,40,23887,0,8085,15485,152,165,53509
57,"GRAUDENZ","MAR",85,1,4,0,210.5,89743,4791,4327,9884,28082,35909,288,16044,20801,2550,5,0,0,10550,15,6,7,7701,230,107,0,12150,8287,27,38901,0,18484,20161,256,0,59702
58,"SCHWETZ","MAR",131,7,0,1,195.5,120670,1240,5494,9994,27314,52183,4215,22710,33985,16725,8,8,9,2938,15,1,2,14322,835,1979,0,10369,16987,3815,49024,0,14525,33920,413,166,83009
59,"TUCHEL","MAR",55,7,0,0,153.5,49359,0,0,3440,0,29867,579,15473,16016,13247,3,5,6,933,1,0,0,1836,1518,3525,0,0,3653,7320,16146,0,0,15881,265,0,32162
60,"KONITZ","MAR",73,27,1,0,208,87822,540,1500,4557,25750,26244,220,30091,25572,17169,7,7,7,3082,9,4,4,5321,1987,10031,0,8742,4712,100,34449,0,19981,12789,1679,0,60021
61,"SCHLOCHAU","MAR",109,15,0,0,183,122026,900,8292,8180,1082,66230,638,38504,24622,14724,11,6,8,2197,13,0,1,7701,1522,7633,167,71,15112,117,48315,0,232,46721,1252,110,72937
62,"FLATOW","MAR",123,11,2,0,214,119604,1560,404,12478,5712,60718,804,41048,31673,14063,9,5,5,9124,30,4,5,8486,2145,5625,25,4415,19430,33,49708,36,5472,43702,408,90,81381
63,"DEUTSCH KRONE","MAR",116,3,0,0,207.5,118007,0,15636,14745,35565,33120,70,18871,30098,16564,7,2,7,6527,24,7,2,7007,1280,257,0,7816,20642,103,49020,652,15143,27568,5186,471,79118
64,"BERLIN","BER",140,0,7,0,407,3470568,990850,26421,2135,16504,4411582,2244,2532,1470481,1318536,11,20,355,8866,2,0,0,143079,0,0,500,10280,1274439,185262,1974772,3401,14709,1954147,0,2515,3445253
65,"PRENZLAU","POT",104,0,1,0,215.5,140188,8234,37978,31612,13619,45702,3559,15952,31102,19182,1,0,8,3183,14,1,0,8737,461,0,4893,605,24753,390,46408,1980,12912,31410,25,81,77510
66,"TEMPLIN","POT",96,2,0,0,180.5,113932,0,28533,22857,7177,34389,2653,18323,9816,450,2,0,0,1321,11,0,0,8045,1794,0,987,1326,5645,64,34905,1381,9077,24334,96,17,44721
67,"ANGERMUNDE","POT",102,2,1,0,221.5,157632,2230,49369,32238,10717,42950,4697,19891,32769,20981,4,3,9,4160,8,1,2,7628,4955,3619,2922,3322,17927,24,51558,2681,6889,41443,517,28,84327
68,"OBERBARNIM","POT",112,1,0,0,211.5,192745,1680,55127,33505,4824,85263,2749,12957,30032,16404,5,2,10,5307,8,2,10,8321,2412,700,109,3713,23098,0,60018,996,4753,54096,74,99,90050
69,"NIEDERBARNIM","POT",192,13,2,0,235,293397,16980,108092,37294,23458,112879,6312,22342,35824,14905,9,8,12,5247,16,0,0,15672,6059,0,689,6031,22882,163,100749,1544,19355,78337,1240,273,136573
70,"CHARLOTTENBURG","POT",0,0,0,0,472,55350,9750,0,90,0,64770,0,240,92774,90758,2,0,58,0,0,0,0,2016,0,0,0,0,92774,0,36090,0,0,36090,0,0,128864
71,"TELTOW","POT",182,2,11,1,255.5,300294,26715,112978,41969,23759,98513,12381,37409,82639,53578,14,7,28,11745,21,1,1,17316,8123,0,47,6674,66564,1231,142198,2768,23660,113830,1865,75,224837
72,"BEESKOW-STORKOW","POT",85,0,0,0,178.5,87100,1080,29469,14821,17088,10583,546,15673,10876,5613,7,1,1,1228,6,1,1,4035,953,577,31,1751,7497,67,28696,549,9245,18777,117,8,39572
73,"JUTERBOG-LUCKENWALDE","POT",101,1,0,0,196,154237,660,42632,31582,2583,45571,1991,30538,30556,20632,2,2,17,3642,9,2,0,6282,1170,0,954,1185,26568,679,52815,1166,3264,48328,40,17,83371
74,"ZAUCH-BELZIG","POT",138,0,0,0,183.5,192225,2080,52032,48335,8354,65806,1254,18524,21494,6169,7,2,2,5432,17,1,2,9893,2988,0,2279,3173,12603,451,51109,3570,7611,39763,165,0,72603
75,"POTSDAM","POT",9,0,0,0,248,93419,15200,19545,11557,0,51740,14472,11305,97695,96236,3,3,34,0,0,0,0,1459,0,0,0,0,97695,0,34999,0,0,34999,0,0,132694
76,"SPANDAU","POT",3,0,0,0,363,50562,12070,23961,0,0,38671,0,0,2264,0,0,0,0,1745,4,0,7,519,0,0,0,0,2264,0,36455,0,0,36455,0,0,38719
77,"OSTHAVELLAND","POT",100,0,0,0,224.5,140796,700,46844,38933,3491,42196,1725,8307,33214,27231,4,4,12,126,3,0,0,5857,584,0,147,1177,31306,0,44386,1723,6411,36002,211,39,77600
78,"BRANDENBURG","POT",0,0,0,0,253,45530,7100,8142,380,375,43733,0,0,6124,0,0,0,0,3640,1,0,4,2484,0,0,0,96,6028,0,16511,0,877,15634,0,0,22635
79,"WESTHAVELLAND","POT",84,1,0,0,196,140349,2220,47355,38543,9589,39473,684,6925,25433,8946,4,4,4,9511,22,0,3,6976,431,0,956,5438,17091,1517,38115,4042,7604,26469,0,0,63548
80,"RUPPIN","POT",143,1,0,0,221.5,191424,1835,51723,43222,15883,55606,5146,21679,39260,25091,6,4,5,4392,15,1,1,9777,3966,940,3987,2144,28080,143,60296,2477,11605,45364,848,2,99556
81,"OSTPRIGNITZ","POT",137,1,0,0,178,167011,1330,40281,31395,13067,58749,2234,22615,13129,2013,2,2,0,4008,17,1,0,7108,2552,0,1356,1017,7883,321,47021,2558,6612,37448,293,110,60150
82,"WESTPRIGNITZ","POT",135,1,0,0,191.5,182642,2880,49390,41382,17585,52531,3754,20880,60609,27575,3,2,24,24450,16,3,10,8584,1506,282,8895,3884,46034,8,53381,2896,13536,36523,137,289,113990
83,"KONIGSBERG","FRA",154,0,0,0,184.5,191610,4685,59852,36283,12367,66332,1582,19879,42322,27228,9,6,13,1766,10,3,1,13328,5427,620,668,7644,27858,105,61036,1783,11071,47773,159,250,103358
84,"SOLDIN","FRA",74,0,0,0,154,104442,3315,28543,18426,7507,41485,225,11571,8264,2074,2,0,0,2661,10,2,1,3529,808,0,1853,844,4304,455,30422,1128,6019,23029,210,36,38686
85,"ARNSWALDE","FRA",62,0,0,0,154,89976,810,28825,12123,2353,35198,0,12287,13754,6895,4,3,4,2801,13,1,2,4058,1740,2774,278,2745,6217,0,24041,9,3400,20418,184,30,37795
86,"FRIEDEBERG","FRA",97,0,0,0,163.5,126143,1625,33558,20921,2188,54745,0,16356,18118,6333,4,1,5,6228,11,1,2,5557,747,0,1299,687,15190,195,34996,682,2991,30941,346,36,53114
87,"LANDSBERG","FRA",118,0,0,0,246,142380,3300,50360,23048,6557,50185,0,15530,50031,30785,7,8,20,12484,18,1,9,6762,5382,2757,1507,1264,38081,1040,59867,412,6112,53028,315,0,109898
88,"LEBUS","FRA",169,1,1,0,187,203336,600,51916,48362,34041,56105,1195,12317,20067,6293,2,3,3,3584,11,0,0,10190,2394,3352,769,5067,8485,0,59099,1261,10697,46858,211,72,79166
89,"FRANKFURT","FRA",0,0,0,0,223,102745,9696,23165,0,0,89276,0,0,25256,22281,1,0,13,322,2,0,2,2653,0,0,0,0,25256,0,45068,590,0,44478,0,0,70324
90,"WESTSTERNBERG","FRA",75,0,0,0,155.5,99474,3150,27827,21140,5011,35088,368,13190,12326,5621,6,4,2,2634,12,4,1,4071,2122,316,133,2419,7170,166,24562,1723,4499,17737,4,599,36888
91,"OSTSTERNBERG","FRA",83,1,0,0,159,103296,818,28541,22463,4865,31231,1117,15897,10885,4944,5,2,2,1530,6,2,1,4411,587,0,2357,1587,6354,0,26103,2306,5007,18513,265,12,36988
92,"ZULLICHAU-SCHWIEBUS","FRA",67,2,0,0,170.5,91635,0,24087,17159,4449,30866,0,15074,8695,3278,3,1,1,1046,6,0,0,4371,46,0,1094,1958,5506,91,28032,2252,3780,21760,87,153,36727
93,"KROSSEN","FRA",87,0,0,0,171,124699,3298,44521,21927,26775,14611,1210,18953,14883,3100,1,1,1,5259,17,1,2,6524,725,0,189,5919,8018,32,33426,2968,11623,18646,43,146,48309
94,"GUBEN","FRA",5,0,0,0,212,72076,2300,21571,330,240,52235,0,0,30576,28709,1,1,14,0,0,0,0,1867,0,0,0,123,30453,0,20927,0,486,20441,0,0,51503
95,"GUBEN","FRA",74,0,0,0,180,76794,0,25775,18415,5640,17293,93,9578,11208,2896,2,1,1,2682,8,1,0,5630,416,0,961,3600,6231,0,22616,1050,6075,15318,60,113,33824
96,"LUBBEN","FRA",68,0,0,0,162.5,67930,0,23881,17764,2792,10464,493,12536,26267,18749,6,6,6,2736,4,2,0,4782,3232,3370,13,3611,16024,17,20320,681,4233,13514,9,1883,46587
97,"LUCKAU","FRA",112,1,0,0,161.5,147482,1110,50722,34186,13965,30179,1511,18029,17622,11968,9,2,3,3109,9,3,2,8545,3643,0,1323,6489,12070,97,38165,1875,12484,22921,851,34,61787
98,"KALAU","FRA",86,0,0,0,201,108134,1530,41351,23012,8185,20698,691,15727,25958,9269,3,1,5,5659,5,0,4,6030,25,0,380,7119,10434,3000,32609,1019,7250,23406,136,798,53567
99,"KOTTBUS","FRA",1,0,0,0,213,42945,5850,10804,0,0,37691,300,0,24141,21979,1,0,13,97,1,0,1,2065,0,0,0,0,24141,0,17134,0,0,17134,0,0,41275
100,"KOTTBUS","FRA",81,1,0,0,163,86877,1650,31845,19445,8761,7555,0,20921,34776,28551,7,11,15,2415,10,2,0,3810,3288,4272,40,26008,1164,4,25744,530,18010,6841,250,413,60820
101,"SORAU","FRA",105,4,0,0,187.5,179615,900,64155,23841,8200,57023,422,26874,45098,35515,10,11,21,2127,8,1,0,7456,3267,0,2586,7301,31146,798,48715,4196,10820,32736,410,553,93813
102,"SPREMBERG","FRA",24,1,0,0,151,44807,0,20242,3845,1154,10972,60,8534,4293,2092,2,3,3,28,1,0,0,2173,696,0,5,1342,1916,334,12426,607,1393,10426,0,0,16719
103,"DEMMIN","STE",105,1,0,0,185.5,128997,1846,33434,37759,6738,33048,2614,17250,10499,2000,2,1,1,1315,5,3,0,7184,349,108,1839,995,5127,2081,35182,3505,6689,24736,125,127,45681
104,"ANKLAM","STE",59,2,0,0,199.5,78278,645,23756,16083,3975,16471,748,17890,17405,12083,6,5,5,2432,4,1,0,2890,2589,1058,2864,4534,4404,1956,24017,2190,4309,17185,100,233,41422
105,"USEDOM-WOLLIN","STE",79,4,0,0,172,100220,6290,34815,11864,4375,27184,0,28272,24118,15630,8,5,6,2621,7,0,0,5867,1916,2896,124,4782,14356,44,30726,1596,8138,20513,473,6,54844
106,"UCKERMUNDE","STE",74,2,0,0,178.5,98664,0,32134,9729,3712,30243,671,22175,66538,60031,6,2,24,928,9,0,0,5579,377,0,1339,3476,54297,7049,30813,1201,6591,21903,137,981,97351
107,"RANDOW","STE",151,0,0,0,209,215070,3316,81988,43550,9651,41262,2438,39497,43945,29087,11,8,21,3403,8,1,2,11455,879,1127,12121,7377,22227,214,69356,4509,13689,50955,0,203,113301
108,"STETTIN","STE",13,0,0,0,227,269759,33320,84783,0,0,218296,0,0,207370,189993,5,2,20,8754,4,0,6,8623,0,0,0,407,206963,0,76959,84,0,76245,630,0,284329
109,"GREIFENHAGEN","STE",104,1,0,0,177.5,114979,0,36139,28619,7087,21734,296,21104,14970,4475,1,2,2,2487,10,4,2,8008,1224,533,4539,2534,5954,186,32458,4548,8746,18741,420,3,47428
110,"PYRITZ","STE",96,0,0,0,177,88893,0,24876,27432,4079,16250,2056,14200,14841,4701,3,1,1,2075,14,0,0,8065,591,96,9124,1561,3461,8,24121,804,5834,17278,0,205,38962
111,"SAATZIG","STE",104,0,0,0,212.5,157947,9680,54437,19286,9098,55270,1164,28372,26462,16459,7,7,6,1305,8,1,0,8698,784,117,6269,5556,11672,2064,53438,1373,14632,37299,20,114,79900
112,"NAUGARD","STE",110,1,0,0,172,135833,0,44644,23438,11295,19823,6008,30625,14286,4576,2,2,2,2751,14,2,0,6959,2134,897,2274,4072,4871,38,33363,436,13481,18922,515,9,47649
113,"KAMMIN","STE",112,4,0,0,160.5,106535,0,31362,21297,9138,7525,596,36617,15229,8388,3,3,3,2152,8,2,1,4689,1293,1393,377,10377,1789,0,29867,1633,16576,11008,556,94,45096
114,"GREIFENBERG","STE",82,1,0,0,204.5,102271,0,21454,16129,4567,30372,7197,22552,13768,6270,3,3,2,3078,11,5,3,4420,1681,1330,188,1340,7940,1289,29800,512,6194,22635,10,449,43568
115,"REGENWALDE","STE",103,0,0,0,169.5,112054,0,30999,18095,8609,15555,4396,34400,22469,10564,6,4,4,2118,12,0,2,9787,88,2610,3199,7664,8828,80,34865,1909,14228,18608,15,105,57334
116,"SCHIVELBEIN","KOS",44,0,0,0,213,52789,1768,11536,6508,8628,9627,0,18258,8464,1909,1,1,0,2480,8,5,2,4075,2308,167,538,4554,770,127,17317,498,9819,6833,0,167,25781
117,"DRAMBURG","KOS",61,0,0,0,197.5,84399,650,18732,15035,4992,11133,2822,32335,6897,3369,1,1,1,995,6,0,0,2533,274,2733,1275,1210,1405,0,26193,755,9195,15111,1044,88,33090
118,"NEUSTETTIN","KOS",137,4,0,0,203,149283,2810,37829,17084,12159,24656,2537,57828,22566,10229,9,4,5,7030,12,3,4,5307,1051,169,292,10248,10764,42,52145,1468,22721,25657,979,1320,74711
119,"BELGARD","KOS",97,0,1,0,223,97539,750,24024,15757,16133,10366,394,31615,14434,7723,4,3,3,2629,9,2,3,4082,503,0,31,5279,6401,2220,36858,1054,11449,24267,67,21,51292
120,"KOLBERG-KORLIN","KOS",102,0,0,0,260,124369,1950,29540,15762,11694,38488,800,30035,31963,22449,6,6,10,2188,10,4,0,7326,273,0,2267,10622,18801,0,52266,865,14745,36649,7,0,84229
121,"KOSLIN","KOS",79,4,0,0,226,125489,1722,12976,11565,14505,64600,999,22566,20104,10750,5,2,2,4490,20,6,2,4864,2077,33,50,4893,12966,85,39611,930,15854,22653,137,37,59715
122,"BUBLITZ","KOS",45,2,0,0,217.5,50038,730,10649,4974,5074,6053,6822,17196,2905,0,0,0,0,823,4,0,0,2082,31,0,46,2020,761,47,17406,594,10154,6539,0,119,20311
123,"SCHLAWE","KOS",158,9,0,0,200,165035,975,32775,22652,19088,36444,4223,50828,22265,9696,6,6,4,5326,15,4,4,7243,1995,500,146,10644,8918,62,53185,1272,25026,26288,336,263,75450
124,"RUMMELSBURG","KOS",71,0,1,0,218,66005,1865,14721,7596,4342,10182,458,30571,7268,3401,3,1,1,498,5,2,1,3369,580,0,26,2403,4229,30,22709,3390,7874,11196,120,129,29977
125,"STOLP","KOS",202,0,0,0,232.5,220137,0,48693,24972,65724,17685,4467,58596,34208,20748,12,10,9,4195,28,7,2,9265,2823,4700,33,11875,12885,1892,71338,1810,24238,44466,704,120,105546
126,"LAUENBURG","KOS",95,1,0,0,231,93023,0,13354,12204,18021,9912,0,39532,18628,12654,13,8,8,2574,13,1,2,3400,2241,377,33,11401,4576,0,32317,349,20171,10407,1122,268,50945
127,"BUTOW","KOS",51,1,0,0,210,47811,0,6700,5538,6337,4887,0,24349,6837,4314,6,3,3,132,4,1,0,2391,47,2757,51,3321,661,0,17080,547,11073,5361,99,0,23917
128,"RUGEN","STR",103,7,1,0,204,109735,1740,10006,33416,36714,10106,0,21233,25701,16834,12,8,8,1520,16,1,0,7347,192,5445,280,8647,11137,0,31141,438,20865,9478,355,5,56842
129,"STRALSUND","STR",5,0,0,0,256,48580,10575,5014,600,0,53361,0,180,12503,10023,1,0,4,288,1,0,2,2192,0,0,0,0,12503,0,23538,0,0,23538,0,0,36041
130,"FRANZBURG","STR",113,1,1,0,175,115864,1990,8020,35607,36453,17407,0,20367,15722,8381,7,5,5,1251,5,0,1,6090,30,0,10,8396,6846,440,36802,1855,21559,13283,39,66,52524
131,"GREIFSWALD","STR",90,1,0,0,203,152713,11920,29123,34249,26426,60025,0,14810,12783,2500,1,1,1,1382,4,1,0,8901,190,0,186,6734,5633,40,55266,1041,17102,37120,0,3,68049
132,"GRIMMEN","STR",97,1,0,0,189,109174,3235,10391,38044,22295,29518,0,12161,14563,4774,2,3,3,3375,7,2,1,6414,2182,0,52,7248,5081,0,30149,783,15213,14108,45,0,44712
133,"WRESCHEN","POS",44,1,0,0,274.5,44719,0,0,3297,28339,2454,0,10629,17963,11057,11,4,4,2122,11,3,1,4784,0,3400,75,13386,816,286,22748,0,21119,1212,417,0,40711
134,"JAROTSCHIN","POS",58,2,0,0,239.5,59111,0,0,5401,23429,2261,0,28020,27871,20166,21,4,4,2144,9,1,0,5561,1562,1777,0,21965,0,2567,28508,0,27671,529,262,46,56379
135,"SCHRODA","POS",85,3,0,0,271,77023,0,0,6733,43084,5943,0,21263,35536,18627,28,4,5,6921,14,3,4,9988,315,0,0,31660,3261,300,39607,201,37080,1735,591,0,75143
136,"SCHRIMM","POS",82,8,0,0,249.5,82520,0,0,4983,40357,1961,1538,33681,37430,26164,19,6,6,6214,21,3,5,5052,1266,5901,0,25640,4502,121,40978,598,39987,150,243,0,78408
137,"POSEN","POS",0,0,0,0,277,128625,16500,0,0,0,145125,0,0,39804,39804,2,0,6,0,0,0,0,0,0,0,0,0,39804,0,74189,0,0,74189,0,0,113993
138,"POSEN OST","POS",45,2,0,0,260,53038,0,0,1931,30811,2087,0,18209,21555,13991,12,3,3,2654,7,2,5,4910,392,209,90,18059,2805,0,24460,0,21758,2461,241,0,46015
139,"POSEN WEST","POS",45,1,0,0,213.5,38593,0,0,3165,22884,1919,0,10625,27479,18325,14,5,5,4892,13,1,1,4262,745,2304,4674,18516,1240,0,18853,0,17462,1391,0,0,46332
140,"OBORNIK","POS",97,5,2,1,258,87961,3200,42,6985,42361,8626,0,33147,33980,25755,14,6,6,1646,10,0,0,6579,0,12728,220,18868,1731,433,26676,58,20115,5850,324,329,60656
141,"SAMTER","POS",78,6,0,0,263.5,78903,0,0,7197,40055,2834,0,28817,27665,15379,9,5,5,5420,14,0,1,6866,1281,755,0,23722,1829,78,41008,94,39206,1085,623,0,68673
142,"BIRNBAUM","POS",46,3,0,0,245,46810,0,0,4695,19635,5928,385,16167,15167,6283,3,4,4,4460,13,2,1,4424,1894,295,2839,9314,825,0,22563,1048,17436,3856,223,0,37730
143,"SCHWERIN","POS",31,0,0,0,231,42932,0,0,3827,24855,213,0,14037,8492,3006,5,1,1,1952,4,1,4,3534,0,0,181,7091,1220,0,17437,1381,15933,123,0,0,25929
144,"MESERITZ","POS",76,3,0,0,246.5,83898,0,111,11739,39526,6969,0,25553,15894,4972,6,3,3,4381,19,1,3,6541,307,473,17,13110,1987,0,36861,171,27431,9215,44,0,52755
145,"NEUTOMISCHEL","POS",54,2,0,0,216.5,46398,0,0,3047,23587,4568,0,15196,14106,6726,6,3,3,3301,7,2,3,4079,0,733,0,11938,1435,0,22495,0,18352,3647,90,406,36601
146,"GRATZ (Buk)","POS",43,2,0,0,254,51769,800,0,3426,22144,8930,102,17967,7555,351,1,1,1,1148,2,0,1,6056,0,0,0,7303,103,149,26706,437,19795,5856,0,618,34261
147,"BOMST","POS",106,3,0,0,237.5,98309,960,302,8097,41784,2835,615,45636,40727,29653,12,10,10,2896,14,0,0,8178,2021,8952,262,20424,7710,1358,46092,683,42720,1653,1014,22,86819
148,"FRAUSTADT","POS",51,1,0,0,233.5,52052,0,1688,7530,34205,1200,180,7249,13237,8388,7,3,4,2831,5,3,1,3018,917,0,2481,9658,98,83,20508,308,19253,644,300,3,33745
149,"SCHMIEGEL","POS",60,3,0,0,279.5,50621,0,0,3706,28381,347,0,18187,31627,23970,20,8,9,1788,5,1,0,5869,1478,5583,976,23129,0,461,28890,594,27498,777,0,21,60517
150,"KOSTEN","POS",55,4,0,0,225,52840,0,0,4633,29768,3855,0,14584,21893,13011,16,6,6,3351,8,0,1,5531,0,5588,555,14833,850,67,26210,479,22839,2240,452,200,48103
151,"LISSA","POS",42,4,0,0,262,64130,0,208,5757,42626,747,28,14764,14479,7755,5,4,8,3236,6,0,1,3488,0,3490,130,10658,38,163,27647,77,26518,685,367,0,42126
152,"RAWITSCH","POS",70,1,1,0,259,68519,1690,3449,5278,33373,4398,1287,22424,24257,17968,16,3,5,2764,9,3,1,3525,1148,0,733,21844,0,532,29780,202,26542,2625,0,411,54037
153,"GOSTYN (Kröben)","POS",60,0,0,0,248.5,58129,0,0,6977,25457,3746,0,21949,30361,22011,21,6,6,2544,9,1,0,5806,1322,1453,1377,25826,266,117,27704,725,26326,386,243,24,58065
154,"KOSCHMIN","POS",37,1,0,0,238.5,41052,0,0,2055,22478,2876,0,13643,15463,8135,8,1,1,2747,11,0,0,4581,0,2000,86,10956,371,2050,19588,182,16476,2469,388,73,35051
155,"KROTOSCHIN","POS",54,2,0,0,246,67888,0,0,4507,43447,890,0,19044,14511,8825,6,2,2,803,4,0,0,4883,168,3152,0,10991,200,0,31591,33,30753,0,805,0,46102
156,"PLESCHEN","POS",42,3,0,0,264.5,51751,0,0,1996,22692,2235,0,24828,45520,38254,6,10,10,5333,3,2,1,1933,2267,6382,0,24264,0,12607,24076,0,23247,709,120,0,69596
157,"OSTROWO","POS",43,0,0,0,296.5,48986,0,60,2568,35030,1981,0,9347,12910,10375,6,5,4,1281,2,0,1,1254,0,500,41,12369,0,0,25072,688,24038,0,346,0,37982
158,"ADELNAU","POS",61,1,0,0,250,57029,0,0,3112,27592,3867,0,22458,34236,26358,6,8,8,4209,3,2,1,3669,118,2655,0,29479,1984,0,26266,945,22966,2246,109,0,60502
159,"SCHILDBERG","POS",53,2,0,0,242,52300,0,0,2449,31866,195,0,17790,11662,6884,13,1,1,1697,4,2,2,3081,0,0,0,11662,0,0,24038,2187,20174,1677,0,0,35700
160,"KEMPEN","POS",48,1,0,0,241.5,48104,850,203,1463,31244,950,0,15094,53225,47803,20,11,11,4293,6,1,0,1129,14018,4082,0,34063,1062,0,23385,359,21707,737,582,0,76610
161,"FILEHNE","BRO",59,0,0,0,167.5,58892,0,24,3943,30042,1817,0,23066,11290,6825,4,3,3,2009,6,1,2,2456,10,2213,0,7931,1136,0,20050,80,19100,460,410,0,31340
162,"CZARNIKAU","BRO",68,0,2,0,151,67162,1300,0,5278,28918,5432,0,28834,10423,1891,4,0,0,3797,11,1,2,4735,0,0,0,8510,1913,0,23490,322,20683,2404,81,0,33913
163,"KOLMAR (Chodziesen)","BRO",95,3,0,0,184.5,113233,0,117,7940,50537,1717,0,52922,18145,7231,9,4,4,5652,14,5,2,5262,442,597,13,16654,323,116,45994,442,45189,44,319,0,64139
164,"WIRSITZ","BRO",102,2,0,0,202,107699,0,673,9899,55282,5673,0,36172,42857,27210,18,9,8,7489,14,3,4,8158,440,6068,337,35831,0,181,37821,295,34783,308,2435,0,80678
165,"BROMBERG","BRO",0,0,0,0,209,34800,4890,4979,0,0,34711,0,0,3844,0,0,0,0,0,0,0,0,3844,0,0,0,0,3844,0,16441,0,0,16441,0,0,20285
166,"BROMBERG","BRO",111,3,0,0,155.5,119198,750,0,6394,42152,9329,0,62073,31985,14465,15,4,4,7360,10,0,1,10160,890,6546,463,22121,1965,0,40911,600,32322,7288,701,0,72896
167,"SCHUBIN","BRO",83,7,0,0,192.5,73385,0,0,3999,31367,480,0,37539,22537,13455,7,2,3,3598,13,5,4,5484,995,5453,23,11787,89,4190,29924,100,29164,165,333,162,52461
168,"HOHENSALZA (Inowraclaw)","BRO",62,0,0,0,226.5,77566,1500,3584,3450,54660,0,0,17372,76806,63300,15,6,20,5894,6,2,1,7612,386,3825,0,23440,708,48447,30903,0,23323,7527,53,0,107709
169,"STRELNO","BRO",50,0,0,0,174.5,46851,0,0,2651,24766,990,0,18444,13550,8292,4,3,3,2102,5,2,1,3156,171,3497,0,9832,50,0,22550,0,22185,260,105,0,36100
170,"MOGILNO","BRO",67,15,0,0,169.5,65447,0,324,5272,34321,1264,0,24266,16700,7987,20,4,6,596,3,0,0,8117,0,585,3418,12267,430,0,26434,78,24375,398,467,1116,43134
171,"ZNIN","BRO",56,1,0,0,191,46494,0,0,3317,26471,636,0,16070,20186,11947,11,6,7,1658,6,2,0,6581,146,3113,0,16927,0,0,17797,238,17329,0,100,130,37983
172,"WONGROWITZ","BRO",77,0,0,0,168.5,78454,0,0,5137,31354,1826,0,40137,19117,9613,12,7,6,1445,8,3,1,8059,198,2247,0,15686,387,599,28674,153,26485,624,109,1303,47791
173,"GNESEN","BRO",46,2,0,0,253.5,55281,585,2908,8409,30234,878,0,13437,14183,5187,3,1,1,3692,13,1,2,5304,0,1731,0,9619,0,2833,33384,1355,31758,0,0,271,47567
174,"WITKOWO","BRO",41,1,0,0,138.5,36273,0,0,2248,19952,560,0,13513,9054,6109,5,1,1,417,1,0,0,2528,115,2000,0,6758,181,0,11473,93,11193,0,0,187,20527
175,"NAMSLAU","BRE",68,0,0,0,212,68799,0,781,5939,10460,35238,0,16381,7501,1825,2,0,0,461,7,0,0,5215,487,0,651,720,5593,50,21917,1032,4521,16294,0,70,29418
176,"GROSS WARTENBERG","BRE",108,1,3,0,177.5,100911,2040,12348,7930,10085,43373,0,29215,25098,17561,13,4,9,2534,7,1,0,5003,0,5418,410,2821,12214,4235,31306,2478,7106,21220,387,115,56404
177,"OLS","BRE",99,1,10,1,173.5,124147,6046,12658,19430,48845,35901,452,12907,22550,12252,7,4,16,3933,13,1,1,6365,1010,0,1785,14641,5113,1,35985,2678,19473,13595,0,239,58535
178,"TREBNITZ","BRE",98,0,3,0,189.5,97182,3053,17134,12936,18738,37259,1540,12628,25886,18247,10,4,4,2650,11,1,1,4989,867,3322,1058,3969,8610,8060,28446,855,7788,18789,452,562,54332
179,"MILITSCH","BRE",110,0,3,0,206,111969,1170,13987,10550,16435,47632,293,24242,16695,9961,11,3,3,493,3,0,0,6241,338,3889,293,4324,7775,76,36487,615,6843,28658,241,130,53182
180,"GUHRAU","BRE",75,0,0,0,177,77335,2328,28968,7995,6119,22806,1669,12106,20008,12209,3,2,2,309,3,0,1,7490,772,4381,1186,1035,12578,56,22274,1958,3997,15855,433,31,42282
181,"STEINAU","BRE",49,1,0,0,185.5,54207,0,15496,8529,5310,19822,690,4360,5243,1563,1,1,1,195,5,0,0,3485,1886,0,127,420,2660,150,15551,824,3712,10948,39,28,20794
182,"WOHLAU","BRE",104,1,0,0,194,98755,0,21812,12677,12263,37388,1913,12702,10333,2373,5,2,2,1490,8,5,2,6470,734,0,1917,1016,6526,140,28220,1190,5629,21163,164,74,38553
183,"NEUMARKT","BRE",107,1,1,0,236.5,108632,618,8935,11345,33735,43723,804,10708,22911,11832,10,6,6,6555,10,4,3,4524,272,2500,805,5992,12983,359,33823,461,7406,25698,251,7,56734
184,"BRESLAU","BRE",27,1,0,0,473,663456,159850,3116,4116,0,815384,690,0,223737,194287,4,4,91,1221,2,0,4,28229,0,0,1739,0,169812,52186,316731,1231,0,315500,0,0,540468
185,"BRESLAU","BRE",106,9,13,3,251,104865,10608,1951,10745,13027,69483,1454,18813,25881,14953,10,5,5,3385,12,4,2,7543,859,0,412,4919,16053,3638,46060,1098,8299,36112,491,60,71941
186,"OHLAU","BRE",87,1,0,0,220.5,104409,1500,8478,16429,8164,60367,2419,10052,25428,19848,5,9,10,1423,5,0,0,4157,7606,4450,315,624,12227,206,32647,1160,3882,27444,117,44,58075
187,"BRIEG","BRE",77,3,3,0,234,130761,5889,26148,16563,19938,69918,216,3867,18192,8473,5,2,2,3824,21,0,5,5895,1386,2583,198,3800,10225,0,42340,1040,7486,33724,80,10,60532
188,"STREHLEN","BRE",52,0,2,0,164,66751,4046,5502,6618,6939,45735,1487,4516,6836,3200,1,1,1,322,4,2,0,3314,2252,0,35,481,3809,259,18189,380,3805,13955,30,19,25025
189,"NIMPTSCH","BRE",53,2,0,0,231,58893,0,11518,8991,20785,12587,488,4524,15473,10876,2,4,4,2704,3,0,2,1893,230,1367,5171,5517,3181,7,19555,403,11291,7694,136,31,35028
190,"MUNSTERBERG","BRE",54,0,1,0,186,53862,5190,550,6239,18287,30966,385,2625,11004,2925,1,0,0,4006,3,0,2,4073,3469,19,200,995,6238,83,18993,179,3622,15190,0,2,29997
191,"FRANKENSTEIN","BRE",81,1,1,0,227.5,102363,1029,2656,12723,17264,59928,2604,8217,7372,2090,3,0,0,2469,9,1,1,2813,328,0,677,2739,3628,0,34642,1157,8885,24334,144,122,42014
192,"REICHENBACH","BRE",89,3,1,4,252,99830,6437,13081,5728,42490,36548,574,7846,15942,8611,5,6,7,670,4,1,0,6661,3035,0,1236,6096,4465,1110,38655,5139,16286,17142,42,46,54597
193,"SCHWEIDNITZ","BRE",121,1,2,0,191.5,185387,13140,51582,11399,16486,105339,1006,12715,50658,37665,12,10,12,2450,8,2,2,10543,4754,0,537,4494,40525,348,57962,4992,8049,44377,248,296,108620
194,"STRIEGAU","BRE",63,1,2,0,175.5,75728,8050,16789,6196,9195,48555,228,2815,18912,15051,9,4,4,127,3,0,0,3734,25,886,66,3770,14133,32,22262,446,4739,16982,84,11,41174
195,"WALDENBURG","BRE",101,10,3,0,206.5,234197,11400,43788,891,38971,139896,239,21812,65753,44757,20,11,12,8769,13,3,9,12227,867,500,0,12596,46340,5450,77237,3373,18868,48562,38,6396,142990
196,"GLATZ","BRE",89,2,2,0,193.5,99933,2412,1207,7781,5726,75002,19,12610,19278,12376,8,1,1,990,8,1,2,5912,0,665,148,60,10679,7726,32887,810,3151,28410,146,370,52165
197,"NEURODE","BRE",60,5,0,2,184.5,76240,1250,0,1858,18047,42048,624,14913,41035,37403,7,5,16,78,3,0,0,3554,0,4277,0,18026,17966,766,25649,158,5729,18757,253,752,66684
198,"HABELSCHWERDT","BRE",94,2,0,0,209.5,91699,4860,132,9037,9402,56861,531,20596,18745,13588,6,6,6,343,4,0,1,4814,5,7073,102,0,10031,1534,32548,411,0,31721,142,274,51293
199,"GRUNBERG","LIE",82,0,0,0,185.5,111748,3640,46728,15883,4185,38940,836,8816,43510,37142,3,1,17,587,5,1,1,5781,405,700,1238,1123,40044,0,29229,3639,4143,21358,50,39,72739
200,"FREISTADT","LIE",73,0,1,0,196,96244,3480,45506,10034,9008,25741,452,8983,18952,4952,3,2,2,8724,9,4,6,5276,921,481,53,6526,6513,4458,28720,957,10380,16725,341,317,47672
201,"SAGAN","LIE",88,3,0,0,198,115097,1965,48452,12405,8581,34571,2,13051,14090,3087,3,1,1,5260,13,6,10,5743,693,1200,1108,3434,7177,478,35505,1175,6806,27028,480,16,49594
202,"SPROTTAU","LIE",56,0,0,0,183.5,73681,780,27207,5537,3465,29883,0,8369,10378,3056,3,4,1,4027,8,1,2,3295,987,1142,1554,444,6251,0,19475,323,3031,15953,121,47,29853
203,"GLOGAU","LIE",108,2,2,0,287,140280,1480,49097,16869,21881,42729,139,11045,12089,3974,2,2,2,1735,12,1,1,6380,2525,0,551,5197,3141,675,49383,2170,20499,25601,741,372,61472
204,"LUBEN","LIE",55,1,1,0,244.5,70194,750,28061,11689,3977,18359,398,8460,18756,12947,3,2,9,3754,7,0,1,2055,2419,2463,1142,3590,9142,0,23214,1593,5606,15762,215,38,41970
205,"BUNZLAU","LIE",87,5,0,0,176.5,120225,490,47067,9460,7148,42525,330,14185,20578,10459,10,2,2,5325,11,3,3,4794,448,1364,221,2860,14796,889,37284,1308,6400,29065,83,428,57862
206,"GOLDBERG-HAINAU","LIE",60,0,0,0,198.5,95095,1580,29234,9995,12697,34961,517,9271,20739,17324,7,1,16,1150,7,2,4,2265,864,0,785,5726,13353,11,35787,2489,9720,23095,255,228,56526
207,"LIEGNITZ","LIE",0,0,0,0,328,76000,650,32896,3078,0,40676,0,0,8147,3182,1,0,0,0,0,0,0,4965,0,0,0,0,8147,0,29825,0,0,29825,0,0,37972
208,"LIEGNITZ","LIE",82,0,0,0,219.5,89828,650,38680,20497,8447,20033,250,2571,20267,15569,6,6,6,1473,2,1,1,3225,826,1918,1241,1791,14126,365,25226,2088,7412,15441,269,16,45493
209,"JAUER","LIE",48,0,0,0,205,79331,0,25290,4272,7189,40537,203,1840,14267,10489,4,4,4,145,2,0,0,3633,249,828,195,3608,8965,422,21135,678,3840,16476,109,32,35402
210,"SCHONAU","LIE",44,2,0,0,176,45740,0,21096,4685,2987,13794,0,3178,7418,5284,1,2,2,81,2,0,0,2053,1080,0,469,306,5443,120,11329,590,3571,7135,0,33,18747
211,"BOLKENHAIN","LIE",55,1,0,0,169.5,60951,0,28054,5326,9012,11684,333,6542,6998,1880,4,0,0,1390,3,2,3,3728,378,0,272,3668,1815,865,16465,1121,7978,6838,278,252,23465
212,"LANDESHUT","LIE",70,2,0,0,218.5,90872,780,25766,7729,6020,45210,2081,4846,19717,11820,6,5,12,1313,5,0,2,6584,248,0,2409,3171,13810,79,27891,795,2637,24168,124,167,47608
213,"HIRSCHBERG","LIE",88,3,0,0,191,125593,0,51246,9045,11798,42633,585,10286,25684,13149,6,4,16,4884,8,1,15,7651,882,836,617,3168,7464,12717,34691,3883,8452,21830,163,363,60375
214,"LOWENBERG","LIE",97,5,1,0,213.5,119814,750,41044,9866,6837,47778,2820,12219,17387,8239,5,3,7,2670,6,3,0,6478,486,900,989,1604,13275,133,37017,1566,5208,30009,212,22,54404
215,"LAUBAN","LIE",85,2,0,0,197.5,131483,0,58901,13786,10360,39755,700,7981,26668,18052,8,5,5,2517,7,1,3,6099,1926,0,1809,2449,15944,4540,35709,2277,6524,26206,240,462,62377
216,"GORLITZ","LIE",0,0,0,0,242,130903,0,31689,0,0,99214,0,0,4215,0,0,0,0,0,0,0,0,4215,0,0,0,0,4215,0,140254,2050,0,137540,0,664,144469
217,"GORLITZ","LIE",76,2,2,0,198,85736,4130,45299,14562,15713,8437,0,5855,22139,16979,10,4,7,773,4,0,0,4387,53,0,2492,16159,3435,0,24285,2684,11827,9674,0,100,46424
218,"ROTHENBURG","LIE",79,2,1,0,229,94774,750,47266,11027,9645,11256,1571,14759,16149,5694,2,2,2,6747,4,2,2,3708,339,3500,186,3057,8534,533,26626,1797,11470,12965,358,36,42775
219,"HOYERSWERDA","LIE",56,0,0,0,175.5,71972,684,29865,11052,6006,12737,969,12027,6756,517,1,0,0,3083,6,0,0,3156,131,0,0,922,5703,0,20388,1882,788,17595,93,30,27144
220,"KREUZBURG","OPP",76,0,0,0,192,81876,611,440,6195,7680,52500,906,14766,13791,8241,2,4,4,1753,5,0,0,3797,1619,2932,162,328,8169,581,22283,161,3366,18706,50,0,36074
221,"ROSENBERG","OPP",84,0,0,0,193.5,75049,840,0,4651,1208,50271,0,19759,12385,7328,7,2,2,1497,5,0,0,3560,2045,467,0,134,9730,9,23611,202,362,23030,0,47,36026
222,"OPPELN","OPP",193,4,1,1,213.5,182188,4045,2271,16396,38055,102526,217,26768,28763,14665,16,5,5,6966,28,12,1,7132,1078,3162,0,976,23280,267,59413,811,13906,44461,229,6,88176
223,"GROSS STREHLITZ","OPP",101,9,0,0,194,106870,0,120,4625,5289,69422,0,27414,25437,6613,6,1,1,11677,10,1,6,7147,1646,3496,194,517,19584,0,33597,101,244,32995,206,51,59034
224,"LUBLINITZ","OPP",74,8,0,0,196,68315,0,0,4887,1725,45533,0,16170,4204,424,1,0,0,636,2,0,0,3144,21,10,64,45,4064,0,20855,380,862,19414,53,146,25059
225,"TOST-GLEIWITZ","OPP",119,4,0,0,221,166398,1100,5104,8567,11338,126034,0,16455,54540,39287,15,17,17,4109,8,1,2,11144,2936,4794,707,7941,35124,3038,56427,75,3659,51543,969,181,110967
226,"TARNOWITZ","OPP",64,3,3,0,264,72590,2880,613,2542,3889,58158,1292,8976,10986,5859,3,4,3,1188,4,0,0,3939,835,2173,674,507,6797,0,27015,13,0,26594,329,79,38001
227,"BEUTHEN","OPP",109,13,0,0,266.5,268846,22522,130,1721,91406,192582,0,5529,32106,17363,8,5,13,6648,8,0,3,8095,0,0,0,19371,12735,0,139032,1635,39945,93451,0,4001,171138
228,"ZABRZE","OPP",68,4,32,1,190,71257,24916,4746,828,4300,76733,0,9566,37543,32938,6,10,12,501,3,1,0,4104,44,3346,0,23407,10612,134,34316,0,8761,25472,0,83,71859
229,"KATTOWITZ","OPP",122,4,4,1,272,194605,11376,10009,1739,17870,159816,0,16547,41696,24352,6,13,13,9161,7,2,6,8183,0,83,0,1451,28395,11767,74216,0,7553,61937,0,4726,115912
230,"PLESS","OPP",154,4,1,2,195,163053,6875,1324,7308,5769,99606,2441,53480,104524,63741,22,16,17,26903,20,16,12,13910,7961,34311,45,2005,58421,1811,59118,79,5251,52440,1348,0,163672
231,"RYBNIK","OPP",139,1,2,0,219,129528,2970,240,7046,39241,44367,0,41604,75811,61185,23,23,22,8227,10,5,5,6399,943,55097,3536,10746,3066,2423,52497,697,38390,10002,2146,1262,128308
232,"RATIBOR","OPP",183,9,0,1,206,192360,7350,1713,18873,10790,135679,1041,31614,64381,38012,15,13,24,6683,12,5,5,19686,1987,23804,0,1346,33192,4052,69526,1237,4076,63729,487,0,133907
233,"KOSEL","OPP",113,6,0,0,176.5,102631,750,4052,6758,63631,12412,1312,15216,163485,148841,17,27,27,10300,3,6,3,4344,2459,76570,6356,69760,8207,133,37758,50,28360,7244,2104,0,201243
234,"LEOBSCHUTZ","OPP",143,11,8,4,220,154511,17367,255,19442,23730,114909,248,13294,45566,31186,14,11,10,6622,6,0,1,7758,849,2352,45,2920,37434,1966,59402,275,3650,55230,247,0,104968
235,"NEUSTADT","OPP",140,12,0,0,228,167971,5500,384,10717,12424,130703,1215,18028,37328,24879,9,8,8,3106,14,3,2,9343,3258,2623,320,2835,28273,19,58685,53,5004,53140,376,112,96013
236,"FALKENBERG","OPP",86,0,0,0,206.5,77525,0,0,5914,26765,24716,49,20081,24741,17086,6,9,7,1078,3,0,0,6577,558,2346,739,7444,11349,2305,23931,1195,10165,12110,167,294,48672
237,"NEISSE","OPP",142,7,0,0,219.5,179119,2904,6117,14738,18157,127536,4310,11165,18118,4572,2,3,4,2058,11,2,0,11488,2542,1231,1306,1363,11534,142,59923,3747,9763,45466,886,61,78041
238,"GROTTKAU","OPP",83,3,0,0,215.5,88847,0,830,12074,5139,64211,1003,5590,11888,6017,5,2,2,1411,6,1,1,4460,297,239,1336,2174,6834,1008,32738,909,3682,27918,175,54,44626
239,"OSTERBURG","MAG",111,0,0,0,152.5,131419,1163,32459,31053,7132,45665,827,15446,15082,5315,2,1,1,3849,10,4,0,5918,598,0,2124,1245,10306,809,32172,1325,4344,26460,3,40,47254
240,"SALZWEDEL","MAG",139,0,0,0,176.5,139777,0,35284,27927,13055,27757,2118,33636,17381,10362,7,5,5,1779,5,1,1,5240,154,2567,10,3866,9813,971,36693,591,10125,25791,177,9,54074
241,"GARDELEGEN","MAG",114,2,1,0,177.5,131123,990,31675,39143,3487,34513,5970,17325,13188,1683,2,1,1,4790,14,1,3,6715,260,323,2526,1847,8232,0,30956,3141,3303,24180,248,84,44144
242,"STENDAL","MAG",99,0,0,0,178.5,129994,4525,40432,27691,5175,39157,1395,20669,16777,3845,5,0,4,6316,9,2,11,6616,1575,0,1251,2690,11261,0,35972,1306,4998,29600,68,0,52749
243,"JERICHOW I","MAG",126,1,1,0,165,193529,2975,65699,55701,5973,49637,2512,16982,36347,20618,6,5,6,7416,6,0,4,8313,3752,0,2583,2194,27805,13,49733,6462,7737,34556,757,221,86080
244,"JERICHOW II","MAG",119,0,2,0,191.5,121912,2640,34505,44519,7375,24043,1794,12316,16348,5473,6,2,3,4798,24,3,2,6077,915,1433,2049,2035,9916,0,36527,8510,4755,22514,583,165,52875
245,"KALBE","MAG",84,0,3,0,178,254402,13235,87306,50522,8709,112879,1979,6242,35516,15740,8,5,5,9920,6,1,4,9856,292,3550,5640,1298,24736,0,69277,3220,6421,59202,180,254,104793
246,"WANZLEBEN","MAG",139,0,10,1,191,196656,6768,36278,86581,19772,53438,2636,4719,47949,36557,11,13,16,785,4,1,2,10607,774,238,10054,7781,26812,2290,49423,2846,12226,32747,534,1070,97372
247,"MAGDEBURG","MAG",20,0,0,0,292,393483,43475,179380,1450,0,255888,240,0,212257,165462,5,1,90,32780,4,0,18,14015,0,0,0,0,209590,2667,161058,1347,0,156169,0,3542,373315
248,"WOLMIRSTEDT","MAG",98,4,5,0,188,126197,4375,30520,53861,11055,27982,747,6407,16456,10338,4,3,3,1435,4,0,3,4683,1814,0,2091,1719,10832,0,29577,4853,6717,17889,118,0,46033
249,"NEUHALDENSLEBEN","MAG",96,6,0,1,157.5,130266,763,21723,64645,18232,22100,1636,2693,37316,29258,8,12,12,1351,5,0,1,6707,1397,0,3344,18737,13838,0,32368,3747,11782,16036,470,333,69684
250,"OSCHERSLEBEN","MAG",82,4,3,0,186,124615,7425,23382,51335,12400,35589,3614,5720,37150,26582,8,9,12,3346,8,2,3,7222,391,0,6734,10567,17095,2363,35852,2637,6681,23685,2830,19,73002
251,"ASCHERSLEBEN","MAG",61,2,1,0,174.5,143613,6050,19233,45446,4513,76781,2812,878,47525,36115,4,1,14,1144,3,0,2,10266,214,0,3158,61,44048,44,37612,2456,3050,31754,285,67,85137
252,"HALBERSTADT","MAG",77,0,1,0,189.5,177174,3270,28636,66156,5214,73386,2769,4283,71553,61811,7,2,17,552,2,0,0,9190,515,0,3401,5474,62163,0,59835,10692,2641,46013,489,0,131388
253,"WERNIGERODE","MAG",22,0,0,0,260.5,55267,0,10783,15011,6366,22486,246,375,5143,2954,1,0,4,0,0,0,0,2189,0,0,320,347,4476,0,16478,843,3505,12125,5,0,21621
254,"LIEBENWERDA","MER",89,1,1,0,162,109449,750,46815,27063,7825,18520,1036,8940,17224,7475,7,5,4,3893,11,0,1,5856,1110,0,249,1595,14241,29,26390,3117,4112,18666,95,400,43614
255,"TORGAU","MER",87,0,0,0,187,111768,2335,41669,32472,9529,23891,3559,2983,27386,19805,6,8,9,1945,5,0,3,5636,5408,0,5148,507,16323,0,27135,1902,3525,21495,213,0,54521
256,"SCHWEINITZ","MER",89,1,0,0,138,102928,0,30964,32232,6368,20010,1137,12217,5856,333,1,0,0,962,6,1,0,4561,0,0,289,1275,4292,0,23477,800,7027,15512,118,20,29333
257,"WITTENBERG","MER",92,0,0,0,161,132142,0,50023,31161,8367,33627,2944,6020,7974,1853,1,1,1,568,2,0,0,5553,17,0,358,734,6693,172,30452,894,2420,25319,1738,81,38426
258,"BITTERFELD","MER",98,1,0,0,134.5,125157,2270,53882,32912,5240,28785,1470,5138,25670,16017,7,6,7,5500,8,3,6,4153,3,0,5063,629,19869,106,26432,871,3108,22385,0,68,52102
259,"SAALKREIS","MER",121,0,3,0,162.5,172185,5550,76363,48861,3039,42832,1977,4663,38346,28105,14,10,10,3839,4,0,6,6402,27,0,2897,173,34961,288,38513,1759,3256,33430,0,68,76859
260,"HALLE","MER",1,0,0,0,323,153632,21499,114045,9465,0,51471,150,0,70642,65448,2,1,60,0,0,0,0,5194,0,0,0,61,70581,0,88761,14331,0,58751,0,15679,159403
261,"DELITZSCH","MER",103,0,0,0,194,139351,2575,55695,35184,4398,43656,574,2419,47223,40361,4,2,14,2581,9,0,3,4281,178,0,386,2947,43712,0,40620,575,3676,36354,11,4,87843
262,"MANSFELDER GEBIRGSKR","MER",81,0,0,0,187,109185,3120,34689,39095,3034,30692,1714,3081,30399,19307,9,2,8,5546,8,3,4,5546,0,0,4570,4518,13895,7416,28573,1576,1508,25397,26,66,58972
263,"MANSFELDER SEEKREIS","MER",130,2,0,0,211,191425,2460,54147,58841,8355,66245,219,6078,76248,39778,15,13,14,26983,8,4,23,9487,1187,0,9057,3060,56972,5972,63990,2640,4895,54704,1058,693,140238
264,"SANGERHAUSEN","MER",118,0,1,0,206,175705,750,26604,73290,19693,48152,774,7942,89665,75725,12,5,25,7207,10,1,2,6733,11989,0,8176,8475,60808,217,44459,2875,9134,32077,80,293,134124
265,"ECKARTSBERGA","MER",88,0,0,0,177.5,115788,0,15369,64073,1096,27395,992,6863,13206,216,1,0,0,6012,9,2,3,6978,15,0,1488,418,10604,681,28727,2423,1503,24451,167,183,41933
266,"QUERFURT","MER",107,0,0,0,192,154652,0,47848,60050,5416,33072,1576,6690,21967,11478,8,3,3,4398,11,1,6,6091,2,0,1019,4801,15812,333,38684,1035,3001,34541,10,97,60651
267,"MERSEBURG","MER",114,0,0,0,200,179905,0,69068,54956,7817,43435,521,4108,30913,21644,8,4,4,2409,8,1,1,6860,4901,0,1362,7954,16682,14,44161,914,6155,36745,30,317,75074
268,"WEISSENFELS","MER",119,1,0,0,184,196289,3518,85630,45515,2808,59675,689,5490,103758,97040,12,8,34,1755,8,2,0,4963,0,0,369,1469,100899,1021,62510,1428,2748,57920,75,339,166268
269,"NAUMBURG","MER",35,0,0,0,170,53371,850,12005,9874,1009,28812,110,2411,5716,2721,4,2,3,660,6,0,1,2335,40,0,0,1133,4499,44,14219,573,819,12757,50,20,19935
270,"ZEITZ","MER",62,0,1,0,193.5,120865,5915,49169,18881,3697,51762,1193,2078,31529,23039,12,9,10,5529,9,1,10,2961,90,0,500,8339,22600,0,30578,761,3005,26724,24,64,62107
271,"NORDHAUSEN","ERF",1,0,0,1,311,41822,3256,480,154,240,43022,0,1182,1606,0,0,0,0,0,0,0,0,1606,117,0,0,0,1489,0,19712,0,0,19712,0,0,21318
272,"NORDHAUSEN","ERF",81,0,0,0,176.5,87407,0,13864,27074,42,19039,649,26739,20140,14403,7,1,6,747,5,1,1,4990,2530,3333,1008,266,12986,17,25447,1732,421,23147,128,19,45587
273,"WORBIS","ERF",89,5,0,0,212,83507,0,21550,22628,3438,11131,696,24064,39592,28243,9,6,6,7774,8,1,1,3575,3372,6233,1752,17012,11223,0,23427,1290,4870,16397,853,17,63019
274,"HEILIGENSTADT","ERF",83,4,0,4,178.5,81096,5175,16112,10702,0,26067,433,32957,17166,5039,5,0,3,6752,11,5,8,5375,2724,3012,479,125,10576,250,25608,449,436,24094,191,438,42774
275,"MUHLHAUSEN","ERF",73,0,0,0,223.5,112846,780,19632,25602,84,50592,239,17477,52654,44881,5,5,27,2709,7,2,1,5064,1768,2326,2000,1445,45115,0,38922,1436,78,37365,23,20,91576
276,"LANGENSALZA","ERF",60,0,0,0,189.5,94671,690,16044,44873,1779,29504,615,2546,18444,635,1,0,0,7619,8,0,0,10190,0,0,1231,166,17047,0,30287,971,1434,27834,45,3,48731
277,"WEISSENSEE","ERF",54,0,1,0,170.5,71177,850,2251,33454,815,27820,513,7174,3932,0,0,0,0,259,2,0,1,3673,39,0,1065,66,2762,0,16920,634,147,15850,60,229,20852
278,"ERFURT","ERF",1,0,0,0,277,129812,9800,28101,23364,570,87577,0,0,80013,80013,1,0,24,0,0,0,0,0,0,0,0,80013,0,0,74392,0,0,74392,0,0,154405
279,"ERFURT","ERF",59,1,0,0,173,64238,0,2904,36976,0,15941,581,7836,26077,21210,7,2,8,1482,1,0,1,3385,0,3092,944,0,22041,0,17728,1724,0,15669,333,2,43805
280,"ZIEGENRUCK","ERF",35,1,0,0,126,34011,0,7602,5025,200,8738,166,12280,6407,117,1,0,0,5200,2,1,1,1090,0,1567,74,83,4683,0,7572,908,0,6652,12,0,13979
281,"SCHLEUSINGEN","ERF",63,0,0,0,191.5,79404,3955,17059,5365,258,26357,624,33696,31310,25574,7,5,8,1023,3,0,2,4713,217,9711,80,0,20186,1116,29213,676,460,27640,437,0,60523
282,"HADERSLEBEN","SCH",162,1,20,1,254.5,184655,16616,2932,35274,107000,49701,9,6355,39179,12461,17,1,1,5769,19,7,5,20949,667,1666,0,34325,1103,1418,62881,0,50036,8788,236,3821,102060
283,"APENRADE","SCH",82,0,3,0,241.5,90372,2586,1831,23937,49246,11075,661,6208,18671,5413,7,0,0,2620,11,1,3,10638,0,0,378,13963,4330,0,24829,635,19359,4835,0,0,43500
284,"SONDERBURG","SCH",72,0,3,0,206.5,88231,5710,1755,25154,44384,20213,111,2324,20509,6163,8,0,0,4169,6,2,2,10177,0,0,1827,16929,1753,0,26570,702,18876,6959,33,0,47079
285,"FLENSBURG","SCH",125,0,0,0,241,267004,560,36,43995,70360,145292,532,7349,74255,41889,8,0,2,6449,23,1,2,25917,0,0,0,22118,51754,383,75271,922,33303,40988,8,50,149526
286,"SCHLESWIG","SCH",166,0,2,0,238.5,200848,5080,0,60650,90455,45102,134,9587,44709,23195,16,0,0,3208,21,0,0,18306,0,100,85,30443,13414,667,63066,814,44113,18041,0,98,107775
287,"ECKERNFORDE","SCH",109,0,0,0,255.5,123472,750,647,42730,44346,28118,2164,6217,24992,12549,13,0,1,2703,20,3,1,9740,66,0,91,15554,9209,72,37371,517,18448,16890,1474,42,71363
288,"EIDERSTEDT","SCH",54,2,1,0,260,76543,2651,1847,25869,14586,36592,0,300,22445,9169,6,1,1,633,4,0,0,12643,0,0,1274,5228,15943,0,28164,701,8679,18784,0,0,50609
289,"HUSUM","SCH",107,0,3,0,284,139916,2475,0,34514,54908,48641,225,4103,35351,19690,16,8,10,3428,8,1,2,12233,200,0,986,20431,12976,758,50437,542,29837,19981,67,0,85778
290,"TONDERN","SCH",178,0,1,0,219,210725,3465,3531,43466,91580,67957,120,7536,39674,14461,19,2,2,5176,24,0,2,20037,0,775,483,25143,12941,332,69711,455,39217,30039,0,0,109385
291,"OLDENBURG","SCH",131,0,8,0,231.5,162815,8420,1790,52376,28765,85066,70,3168,33254,9817,6,4,5,1896,7,1,1,21541,0,1000,0,17051,15192,11,54097,588,14339,38256,299,0,87351
292,"PLON","SCH",151,0,2,0,220.5,203373,7550,8202,52351,45887,101879,72,2532,50323,30452,16,5,10,6207,16,2,2,13664,586,0,0,18044,29926,2067,72997,782,16174,55969,0,72,123320
293,"KIEL","SCH",9,0,2,0,469,173324,4220,61277,354,2400,113513,0,0,49038,26240,2,0,18,14339,3,0,8,8459,0,0,0,0,49038,0,84749,0,477,84272,0,0,133787
294,"KIEL","SCH",101,2,1,1,212,149459,8620,15042,45691,49017,45017,205,3107,48143,30551,11,6,15,6590,23,4,4,11002,7633,0,40,25459,15006,5,45174,368,24977,19786,8,35,93317
295,"RENDSBURG","SCH",137,0,3,0,269.5,166591,4850,2690,49320,30347,81660,31,7393,36510,18719,22,9,10,4768,13,2,2,13023,102,0,0,11465,24610,333,54677,242,15835,38525,20,0,91137
296,"NORDERDITHMARSCHEN","SCH",116,2,0,0,231,144475,4250,3677,28326,102492,10719,0,3511,31047,19001,14,2,2,2369,12,2,0,9677,0,0,861,27392,2794,0,63489,1484,58277,3674,0,54,94536
297,"SUDERDITHMARSCHEN","SCH",134,2,0,0,332.5,146427,5350,2780,46154,47933,51951,276,2683,46633,18793,17,3,3,4892,11,2,0,22948,0,0,60,26498,20075,0,61518,623,36844,23951,0,0,108451
298,"STEINBURG","SCH",132,0,3,0,262,206074,4220,1598,27838,112939,63199,0,4720,59813,32289,19,3,6,4495,18,2,0,23029,0,0,0,39824,19989,0,73726,1106,47892,22724,0,1899,133439
299,"SEGEBERG","SCH",128,0,0,0,203,153180,2490,0,57286,59137,32691,192,6364,21130,7259,9,4,4,3188,17,0,0,10683,0,2158,0,16056,2916,0,40661,170,26973,13518,0,0,61791
300,"STORMARN","SCH",149,0,4,0,285.5,222371,12950,6034,53255,76054,87030,602,12346,48368,13997,16,6,7,10547,22,4,11,23824,0,0,0,32026,16342,0,78574,397,40525,37441,211,0,126942
301,"PINNEBERG","SCH",160,1,2,0,263,210078,7030,60,28295,115883,65197,181,7492,71311,48473,26,16,17,7276,16,2,4,15562,0,0,867,58501,11109,834,82434,1064,56680,24557,127,0,153739
302,"ALTONA","SCH",10,0,3,0,361,244800,42740,83418,3094,7456,193572,0,0,74561,44835,2,0,24,20292,1,0,7,9434,0,0,0,260,74301,0,121102,0,4477,116625,0,0,195663
303,"LAUENBURG","SCH",117,0,0,0,240.5,149584,1500,35389,44004,16189,53716,376,1410,26246,13244,7,4,5,4747,32,1,5,8255,4438,0,1135,2666,16540,1467,46269,640,4070,41559,0,0,72515
304,"DIEPHOLZ","HAN",41,0,0,0,162.5,35608,0,13192,8862,9201,1455,297,2601,5887,1771,5,0,0,1411,5,0,0,2705,0,0,436,4840,611,0,10711,163,8735,1813,0,0,16598
305,"SYKE","HAN",79,1,1,0,140,70283,660,23717,15411,17320,955,43,13497,15986,10754,16,0,1,2736,4,0,0,2496,0,0,337,13894,357,1398,18339,317,17572,310,140,0,34325
306,"HOYA","HAN",62,0,1,0,177,57075,750,20180,14704,14018,1966,341,6616,15979,9841,6,5,5,350,1,0,0,5788,0,0,0,11468,1639,2872,17770,3291,11113,3366,0,0,33749
307,"NIENBURG","HAN",36,1,0,0,150.5,49462,1752,16616,11937,14800,2718,121,5022,3175,134,1,0,0,580,2,1,1,2461,0,0,0,1091,2084,0,13607,1183,3696,8623,0,105,16782
308,"STOLZENAU","HAN",59,0,0,0,164,51675,0,14269,11356,8540,10236,35,7239,13260,7805,4,2,2,832,3,2,0,4623,0,0,1002,8257,4001,0,14733,574,9569,4490,100,0,27993
309,"SULINGEN","HAN",38,0,0,0,109,32160,0,10265,6223,6461,2410,0,6801,6616,3723,2,2,2,843,5,0,0,2050,0,0,0,5930,686,0,6838,276,3958,2604,0,0,13454
310,"NEUSTADT","HAN",64,1,0,0,167,60365,650,19087,15549,9087,9634,293,7365,18250,10787,10,3,3,2396,6,1,0,5067,0,0,0,9328,8922,0,18384,395,9441,7113,558,877,36634
311,"HANNOVER","HAN",1,0,0,0,313,256864,15000,120339,652,0,150873,0,0,280657,264949,6,0,75,382,1,0,1,15326,0,0,0,0,280657,0,112318,782,0,111536,0,0,392975
312,"HANNOVER","HAN",54,2,0,0,217,52011,0,24401,14196,4797,5227,0,3390,27972,22578,13,4,4,1756,6,5,5,3638,0,0,0,5149,17920,4903,19124,1220,7517,9847,540,0,47096
313,"LINDEN (Wennigsen)","HAN",9,0,4,0,253,63470,3300,30021,1698,0,26151,0,8900,4502,3860,1,0,0,612,1,0,3,30,0,0,0,0,4502,0,22759,0,0,22759,0,0,27261
314,"LINDEN (Wennigsen)","HAN",78,0,0,0,152,69593,0,26635,22334,7430,9433,0,3761,15963,9247,6,2,3,2844,6,3,4,3872,0,0,0,6044,9728,191,17760,1258,5237,11004,0,261,33723
315,"SPRINGE","HAN",56,0,0,0,135,66779,0,22574,21997,5302,13665,0,3241,10345,5622,7,1,1,608,2,0,2,4115,434,0,0,4751,5160,0,15692,558,4574,10414,50,96,26037
316,"HAMELN","HAN",84,1,0,0,213,93621,1200,32965,18088,11920,20119,882,10847,23237,12419,6,1,1,4178,4,1,1,6640,0,9,0,5086,18102,40,29505,1352,8453,19700,0,0,52742
317,"PEINE","HIL",63,4,0,0,209.5,63471,0,21400,24531,3868,8480,516,4676,21360,16152,13,6,11,798,2,0,0,4410,254,0,300,11315,9491,0,21200,1228,11227,8278,117,350,42560
318,"HILDESHEIM","HIL",1,0,0,0,355,51184,7050,40371,6232,9009,0,2022,600,28464,10134,1,0,4,16726,4,0,2,1604,0,0,0,28464,0,0,24698,0,23570,0,1128,0,53162
319,"HILDESHEIM","HIL",45,0,1,0,162.5,43816,750,12619,19039,8177,387,1330,3014,7183,2687,4,1,1,1097,4,2,4,3399,0,0,710,5452,889,132,11318,651,8944,1723,0,0,18501
320,"MARIENBURG","HIL",90,1,3,0,189,81182,1993,19718,31849,11397,6864,3796,9551,17356,9374,14,2,3,2430,4,1,1,5552,0,0,716,12428,4169,43,22696,3864,9548,8480,589,215,40052
321,"GRONAU","HIL",38,0,0,0,174.5,42305,0,15354,13059,3651,5761,450,4030,13359,8791,7,4,5,2639,3,0,4,1929,0,0,162,3824,9373,0,12973,890,3526,8344,213,0,26332
322,"ALFELD","HIL",52,1,1,0,145,48619,620,10763,14790,8353,5457,1005,8871,9435,2975,4,1,4,2882,6,4,5,3578,373,0,0,4594,3152,1316,11725,941,6147,4453,151,33,21160
323,"GOSLAR","HIL",63,2,0,0,200,73582,2160,21232,32691,5704,7771,3828,4516,14494,8193,6,3,7,1868,2,0,4,4433,1655,0,1573,6947,4319,0,20690,6652,8008,4944,1061,25,35184
324,"OSTERODE AM HARZ","HIL",60,0,0,0,173.5,77034,0,31145,11812,11177,16252,558,6090,9267,2571,3,1,1,2923,12,2,5,3773,0,0,374,5361,3465,67,21435,1511,14741,4900,283,0,30702
325,"DUDERSTADT","HIL",42,0,8,0,157,38144,8060,10805,9002,4140,12115,106,10036,13448,9613,8,5,5,0,0,0,0,3835,240,0,347,5018,7843,0,12935,452,4376,8107,0,0,26383
326,"GOTTINGEN","HIL",1,0,0,0,271,29812,1720,11919,7071,1233,11309,0,0,15483,14582,2,0,0,436,1,0,0,465,0,0,0,0,15483,0,9822,0,779,9043,0,0,25305
327,"GOTTINGEN","HIL",72,1,0,0,178,60068,0,18626,19109,6582,6394,125,9232,17514,12168,17,2,7,1987,7,0,4,3359,107,0,179,7739,9489,0,19323,775,7641,10751,30,126,36837
328,"MUNDEN","HIL",40,0,0,0,168,48225,0,15528,8251,3718,13298,0,7430,26267,7746,9,1,1,14628,7,0,1,3893,4750,0,382,5392,15520,223,18968,859,4135,10027,314,3633,45235
329,"USLAR","HIL",35,0,0,0,191.5,39029,0,12970,4585,4892,8446,208,7928,6044,3642,5,2,2,747,2,0,1,1655,0,0,133,1248,4663,0,8984,264,2582,6138,0,0,15028
330,"EINBECK","HIL",40,2,0,0,163,43964,0,18584,9761,2767,8922,504,3426,11325,5611,9,1,2,1803,7,2,1,3911,0,0,321,2198,8287,519,14532,1163,2206,11163,0,0,25857
331,"NORTHEIM","HIL",56,1,0,0,152.5,54670,0,15876,14183,3336,14367,0,6908,18579,10721,7,2,2,3996,9,1,4,3862,0,0,7764,2398,8417,0,13754,1250,3581,8781,19,123,32333
332,"ZELLERFELD","HIL",12,0,1,0,181.5,59573,1355,19063,2059,21089,7044,0,11673,15086,9824,1,0,7,3393,5,1,5,1869,100,0,1865,9843,1040,2238,19634,633,9846,9142,0,13,34720
333,"ILFELD","HIL",29,0,0,0,182.5,29343,0,6138,8515,331,8174,0,6185,8575,2600,1,1,1,1491,4,1,2,4484,1444,0,0,147,6984,0,8413,583,725,6892,205,8,16988
334,"CELLE","LUN",7,0,0,0,225,26024,697,8672,2111,0,14068,0,1870,2006,0,0,0,0,1750,4,0,6,256,0,0,882,0,1124,0,17261,408,0,16853,0,0,19267
335,"CELLE","LUN",96,5,0,0,131,78360,0,17907,22267,22256,3735,2386,9809,17244,12122,18,9,11,1674,7,1,0,3448,0,0,29,10923,5958,334,22290,1548,19007,1715,20,0,39534
336,"GIFHORN","LUN",77,0,0,0,189.5,71722,750,19091,26364,10271,8518,631,7597,14128,8753,11,0,0,1879,12,3,3,3496,86,0,0,6315,7692,35,20788,1412,12031,7101,88,156,34916
337,"BURGDORF","LUN",78,1,0,0,149.5,74980,610,27340,20744,13780,9400,0,4326,16379,9096,13,2,3,3381,9,1,4,3902,0,0,1293,11664,3422,0,24301,980,17646,5675,0,0,40680
338,"ISENHAGEN","LUN",49,0,0,0,141,37477,0,9566,8637,10433,1192,209,7440,2783,484,2,0,1,1237,7,2,0,1062,0,0,34,2590,145,14,10543,3785,6558,105,0,95,13326
339,"FALLINGBOSTEL","LUN",73,2,0,0,176.5,71136,0,19754,17752,21150,7310,1024,4146,10342,3066,5,1,1,3879,9,3,2,3397,0,0,0,7110,3216,16,20266,263,13362,6448,0,193,30608
340,"SOLTAU","LUN",44,1,0,0,177.5,44917,600,14294,8748,12857,2107,534,6977,4859,1806,6,0,0,698,6,2,1,2355,0,0,163,4368,328,0,10580,536,8183,1841,20,0,15439
341,"ULZEN","LUN",102,1,0,0,141.5,105877,2070,49426,16919,25727,8437,0,7438,13647,4088,8,2,3,3438,13,2,0,6121,0,0,715,11015,1750,167,30969,953,25410,3991,375,240,44616
342,"LUCHOW","LUN",64,0,0,0,235.5,54011,0,20431,11971,9604,9071,100,2834,20110,13975,5,0,8,1816,6,1,1,4319,0,0,79,14694,5328,9,21577,642,14327,6188,0,420,41687
343,"DANNENBERG","LUN",30,0,0,0,142,32623,540,14752,6067,7511,1213,330,3290,7393,4320,9,0,0,116,2,1,0,2957,0,0,203,6740,450,0,10428,21,9331,976,100,0,17821
344,"BLECKEDE","LUN",61,2,0,0,177,50174,0,14213,11476,11700,9608,0,3177,12192,6730,4,4,5,496,1,0,0,4966,0,0,218,10099,1838,37,18597,318,12840,5439,0,0,30789
345,"LUNEBURG","LUN",1,0,0,0,300,33735,0,7773,150,205,25407,0,200,3781,0,0,0,0,3105,1,1,1,676,0,0,0,0,1076,2705,10525,0,0,10435,0,90,14306
346,"LUNEBURG","LUN",46,2,0,0,178,41519,0,14505,11348,8336,5677,139,1514,9016,5224,7,3,2,287,1,0,0,3505,90,0,53,3260,5613,0,12041,269,6570,4750,452,0,21057
347,"WINSEN","LUN",63,2,0,0,161.5,62149,810,25138,13652,13063,5011,90,6005,16730,11241,16,5,5,1694,5,1,1,3795,184,0,1156,11076,2984,1330,21082,94,16179,4730,0,79,37812
348,"HARBURG","LUN",2,0,1,0,271,58250,11180,38299,0,331,30800,0,0,28802,26824,1,0,12,0,0,0,0,1978,0,0,0,0,28802,0,25038,0,1285,23753,0,0,53840
349,"HARBURG","LUN",84,2,2,0,155,83893,1440,36803,12264,23360,3692,0,9214,24383,15033,16,3,4,2475,11,3,3,6875,0,0,199,23185,999,0,23217,709,19988,1590,770,160,47600
350,"JORK","STA",45,0,0,0,178.5,54974,0,32233,3597,15787,1318,0,2039,16156,9534,13,0,0,416,2,1,1,6206,0,0,0,16049,0,107,17127,361,15663,1010,0,93,33283
351,"STADE","STA",79,5,0,0,184.5,81785,0,19171,12013,24197,9922,4549,11933,20976,11175,10,6,6,2817,8,3,1,6984,369,1667,291,7655,7634,3360,25062,540,13837,10369,248,68,46038
352,"KEHDINGEN","STA",40,2,0,0,219.5,49941,0,13951,7178,21486,6451,0,875,16991,11831,10,0,0,716,4,1,1,4444,279,0,782,11815,4115,0,15626,196,13653,1777,0,0,32617
353,"NEUHAUS","STA",58,4,0,0,173,60983,0,21663,7847,18408,3862,0,9203,15662,10946,21,0,0,995,6,0,2,3721,0,0,388,10819,4455,0,21023,205,15691,4851,156,120,36685
354,"HADELN (Otterndorf)","STA",32,0,0,0,202.5,41139,0,12240,7736,6967,9680,507,4009,15187,9838,6,6,6,1047,3,1,1,4302,0,0,724,4883,9197,383,10673,994,5206,4367,0,106,25860
355,"LEHE","STA",53,1,0,0,265.5,70820,0,25441,21155,10218,2290,0,11716,16472,12394,8,0,0,614,5,0,0,3464,0,0,953,14606,895,18,29867,2182,24968,2677,40,0,46339
356,"GEESTEMUNDE","STA",65,1,0,0,193,100337,0,37082,12573,30221,4208,60,16193,30112,20495,11,2,1,2194,9,1,0,7423,0,0,971,23279,5862,0,30029,607,26831,2591,0,0,60141
357,"OSTERHOLZ","STA",70,3,0,0,176,75650,0,18324,2881,25275,2082,0,27088,20378,16044,32,1,1,1216,9,1,1,3118,179,0,0,18403,1796,0,23843,45,21102,2371,325,0,44221
358,"BLUMENTHAL","STA",31,0,0,0,125,46081,0,21335,2835,14045,609,0,7257,7235,4194,7,1,1,399,3,0,2,2642,0,0,1,3442,3792,0,13906,0,10286,3620,0,0,21141
359,"VERDEN","STA",46,1,0,0,220.5,62089,1560,28128,13162,16061,2158,252,3888,21247,17300,12,5,5,710,4,0,0,3237,0,0,8276,12060,911,0,21393,1205,17859,2059,0,270,42640
360,"ACHIM","STA",39,1,0,0,149,53640,1540,21691,7968,17537,4835,1210,1939,15757,6563,7,0,1,6930,8,1,8,2264,0,0,0,6818,8858,81,16815,125,8793,7829,0,68,32572
361,"ROTENBURG","STA",57,6,0,0,142.5,57093,0,11636,9608,21432,4108,321,9988,6335,2493,8,0,0,1035,3,2,2,2807,0,0,86,4996,1253,0,13448,61,11191,2143,0,53,19783
362,"ZEVEN","STA",50,1,0,0,165.5,43328,0,8062,7052,10728,10320,474,6692,7491,4209,8,1,1,1478,6,1,0,1804,887,0,0,2336,4268,0,11450,159,6591,4500,200,0,18941
363,"BREMERVORDE","STA",46,3,0,0,226.5,47947,0,10906,8581,13029,5791,0,9640,9114,5162,5,1,1,2074,5,2,2,1878,0,478,89,6788,1749,10,15192,484,10950,3643,100,15,24306
364,"MEPPEN","OSN",32,1,6,1,201.5,37022,4910,10286,3773,7690,4425,30,15728,5517,3424,6,2,2,492,4,1,1,1601,51,433,0,2775,2258,0,15272,112,10499,4195,466,0,20789
365,"ASCHENDORF","OSN",25,0,7,0,155,32511,7078,10669,2271,9785,3943,0,12921,14288,10634,9,3,4,898,3,0,0,2756,0,1339,0,5691,5947,1311,11358,99,7417,3757,85,0,25646
366,"HÜMMLING","OSN",16,1,0,0,126,26577,0,4890,931,6379,2942,0,11435,4163,2085,5,0,1,1127,5,1,0,951,0,0,0,2793,1170,200,8020,9,5201,2559,251,0,12183
367,"LINGEN","OSN",32,0,8,0,127.5,49312,6265,21867,3608,13426,2647,0,14029,5985,2864,7,0,0,1015,6,0,0,2106,0,0,98,5887,0,0,15861,580,13065,1306,889,21,21846
368,"BENTHEIM","OSN",46,4,0,0,163.5,68295,1970,11773,6555,19808,6792,0,25337,10968,6043,12,2,2,239,7,0,0,4686,0,10,8,7869,2442,639,18653,25,13741,4679,31,177,29621
369,"BERSENBRUCK","OSN",72,0,3,0,177,77030,1792,27847,10329,24792,4544,0,11310,22843,15786,13,2,5,3345,8,1,0,3712,2900,0,511,13627,3641,2164,27943,1034,21936,4903,20,50,50786
370,"OSNABRUCK","OSN",2,0,9,0,272,51760,21520,23510,1990,47626,0,154,0,22147,21243,4,0,14,0,0,0,0,904,0,0,0,18481,0,3666,32220,0,32220,0,0,0,54367
371,"OSNABRUCK","OSN",41,1,0,0,196,50036,0,16710,4356,16545,6967,0,5458,8253,2035,5,1,1,1957,9,2,2,4261,0,0,320,4278,3482,173,21277,90,14257,5643,49,1238,29530
372,"WITTLAGE","OSN",32,1,0,1,223,32126,2005,13286,8459,6867,1439,0,4080,5879,4254,8,2,2,90,1,0,0,1535,0,0,0,4580,1299,0,13473,1030,12369,74,0,0,19352
373,"MELLE","OSN",34,0,3,0,207,39863,2269,17471,6693,14018,1301,0,2649,17841,12405,7,2,7,2689,4,2,1,2747,0,0,23,10127,2852,4839,16562,218,13675,1962,435,272,34403
374,"IBURG","OSN",29,1,10,0,172.5,32070,7592,16434,5035,8747,4728,0,4718,9409,7570,8,4,4,827,3,0,1,1012,0,0,0,4468,4941,0,13393,81,8241,4205,68,798,22802
375,"NORDEN","AUR",36,0,0,0,257,77498,0,26002,10155,24591,7482,1325,7943,18806,9730,11,1,4,6183,12,1,8,2893,0,6977,328,9435,1944,122,23751,772,17349,5075,555,0,42557
376,"EMDEN","AUR",1,0,0,0,321,38748,2350,14472,361,14475,11790,0,0,20823,18501,2,0,8,0,0,0,0,2322,0,1000,0,2322,17501,0,15911,313,8827,6771,0,0,36734
377,"EMDEN","AUR",43,0,0,0,159,57747,0,15364,31734,4033,6051,0,565,11574,3562,6,0,1,2139,4,0,1,5873,0,0,1957,3143,4873,1601,13082,2353,2432,8197,67,33,24656
378,"WITTMUND","AUR",64,0,0,0,238,107838,900,38381,15862,24351,6224,105,23815,13093,8221,4,2,2,498,3,0,1,4374,0,65,1701,6100,5134,93,32303,1015,28732,2365,191,0,45396
379,"AURICH","AUR",55,1,0,0,242.5,79977,0,28424,16834,9353,9360,2181,13825,17016,11961,15,2,5,2105,6,2,0,2950,0,7677,233,6146,2960,0,21323,1522,9976,8748,870,207,38339
380,"LEER","AUR",72,1,0,0,202,110933,1680,34918,24048,35462,2328,15,15842,19234,9519,12,0,2,3273,12,1,3,6442,93,1189,1112,16344,408,88,30276,1744,25822,1770,934,6,49510
381,"WEENER","AUR",31,0,0,0,207,56803,475,15237,13875,20392,3694,0,4080,8575,3683,5,1,1,1419,5,1,1,3473,0,92,315,3805,3856,507,16448,629,10902,4735,149,33,25023
382,"TECKLENBURG","MUN",45,0,12,0,145.5,70233,16045,24250,5767,12997,28178,1170,13916,25943,17318,9,5,7,7248,14,1,2,1377,0,0,2142,2032,21110,659,25722,486,9298,15938,0,0,51665
383,"WARENDORF","MUN",24,0,27,0,143.5,22881,19442,14045,3496,6742,13099,1679,3262,4100,4047,6,0,0,0,0,0,0,53,0,0,0,0,4100,0,15323,0,4784,10407,132,0,19423
384,"BECKUM","MUN",49,1,27,0,179.5,50970,29059,21656,3907,6028,45901,210,2327,29469,24315,8,4,5,4747,4,1,0,407,0,0,0,5469,24000,0,33480,0,3768,29712,0,0,62949
385,"LUDINGHAUSEN","MUN",48,1,28,0,148,46209,21349,15332,5144,6017,37407,0,3658,14604,7674,3,3,3,4190,1,1,1,2740,0,0,0,3308,11296,0,20264,37,2535,17627,0,65,34868
386,"MUNSTER","MUN",16,1,22,0,226,42260,28905,38915,308,3532,21850,6560,0,74629,62319,3,12,16,12310,2,5,3,0,0,0,3000,7268,0,64361,36597,1324,35273,0,0,0,111226
387,"MUNSTER","MUN",31,3,24,0,144,32987,20566,5702,2180,5796,35757,100,4018,10365,5803,3,1,1,2792,3,2,1,1770,0,0,0,0,10365,0,19965,0,2161,17804,0,0,30330
388,"STEINFURT","MUN",42,0,35,0,167.5,56740,28857,18115,3827,20893,33193,2907,6662,33543,30084,11,5,9,1015,3,0,0,2444,0,1000,0,8229,23927,387,29247,0,13027,15220,1000,0,62790
389,"KOESFELD","MUN",52,1,19,0,159.5,52441,20742,20580,5372,13725,28603,1170,3733,20981,18739,10,3,3,1237,4,4,0,1005,0,0,0,7588,13300,93,34337,86,9581,24664,0,6,55318
390,"AHAUS","MUN",15,0,16,0,157,39342,19570,15600,2970,6869,11006,660,21807,7889,3210,2,4,4,3295,4,0,0,1384,0,0,0,6234,1655,0,23330,200,11425,11199,481,25,31219
391,"BORKEN","MUN",26,1,15,1,165.5,54693,26540,17316,3716,3922,36805,1664,17810,25021,19706,5,5,8,4202,6,0,2,1113,0,5667,0,360,18975,19,27753,162,3494,24097,0,0,52774
392,"RECKLINGHAUSEN","MUN",58,1,31,0,194,88736,47365,44304,3917,14116,58973,2155,12636,77043,61267,17,12,29,7839,7,2,2,7937,0,0,0,16680,60363,0,59366,780,11694,46892,0,0,136409
393,"MINDEN","MIN",117,1,2,0,196.5,148933,5078,57857,24293,20018,29965,486,21392,69796,48060,24,14,15,12650,16,8,9,9086,0,0,0,33810,31531,4455,51476,665,16891,32579,1250,91,121272
394,"LUBBECKE","MIN",61,0,1,0,166.5,83828,2130,32832,12038,11764,16858,185,12281,16903,13718,6,1,8,2051,7,2,3,1134,0,1796,0,2242,12865,0,27666,1222,9500,16944,0,0,44569
395,"HERFORD","MIN",85,0,0,0,182,148867,3550,70971,10550,27570,34340,4181,4805,36683,23143,6,4,13,4436,11,6,5,9104,754,0,0,14236,21693,0,40979,0,17197,23638,36,108,77662
396,"HALLE","MIN",39,0,2,0,194,62905,1800,25412,3236,11674,15801,0,8582,16089,9759,6,3,4,4146,6,3,4,2184,0,1028,0,3208,11853,0,20378,166,9686,10133,33,360,36467
397,"BIELEFELD","MIN",5,0,3,0,228,102601,3208,54914,390,0,46748,3757,0,53538,53215,1,0,16,323,1,0,0,0,0,0,0,0,53538,0,35002,0,3326,31608,68,0,88540
398,"BIELEFELD","MIN",53,0,0,0,159,73560,0,32403,6100,8937,19217,412,6491,48759,38854,11,5,11,5237,5,2,4,4668,0,0,0,25075,23684,0,19687,150,6326,12647,564,0,68446
399,"WIEDENBRUCK","MIN",46,0,6,0,159.5,77862,10035,34749,8005,21171,2729,95,21148,8982,5772,6,2,2,1136,5,0,0,2074,0,0,119,8378,485,0,33117,0,27464,5389,264,0,42099
400,"PADERBORN","MIN",41,0,16,0,153.5,64711,24593,37223,6545,15272,12678,1392,16194,37892,36492,12,12,14,550,3,2,0,850,0,0,0,16123,21769,0,32229,0,16704,15085,440,0,70121
401,"BUREN","MIN",55,1,22,1,175,64678,22317,22186,9930,2316,24027,0,28536,12228,7707,4,3,3,1159,2,1,1,3362,0,4043,0,0,8152,33,26002,465,835,21884,330,2488,38230
402,"WARBURG","MIN",50,2,17,4,196,61640,19730,18094,8994,2990,34720,2458,14114,11638,8840,2,3,3,601,3,0,2,2197,0,0,0,47,11591,0,24418,0,973,23391,54,0,36056
403,"HOXTER","MIN",80,0,21,1,163,100996,28890,35578,9141,2020,50403,2304,30440,21094,9989,9,4,5,9076,8,4,3,2029,0,0,0,109,19898,1087,37969,0,3199,34470,261,39,59063
404,"ARNSBERG","ARN",42,0,19,0,172.5,66974,31265,17675,6672,13224,52723,11,7934,43707,35177,8,5,7,6553,4,3,2,1977,5433,0,0,4850,33424,0,30846,45,8779,22022,0,0,74553
405,"MESCHEDE","ARN",31,2,10,0,137,57894,22160,10792,4642,36535,6001,33,22051,18423,11756,10,2,2,3696,4,2,2,2971,0,3220,0,12204,2862,137,26453,593,20542,3804,684,830,44876
406,"BRILON","ARN",53,0,12,1,149,71994,22756,15607,6085,9128,32211,400,31319,10404,5145,5,2,2,640,3,1,1,4619,0,174,394,1558,8278,0,28348,827,2885,24259,377,0,38752
407,"LIPPSTADT","ARN",41,0,18,0,163,63882,24861,15156,17701,37924,15827,315,1820,9522,8625,7,1,1,760,2,0,0,137,0,0,0,5370,4152,0,28159,590,18191,9378,0,0,37681
408,"SOEST","ARN",58,0,5,1,185,101340,21647,17364,16131,51916,35631,1115,830,44674,33482,14,6,12,4176,7,4,3,7016,0,0,0,27358,17316,0,39419,47,23974,15398,0,0,84093
409,"HAMM","ARN",71,1,6,0,238.5,163806,30492,36139,20358,107310,25526,1290,3675,47597,21307,16,3,4,18626,8,0,10,7664,0,2059,827,37140,7571,0,66994,1247,57668,7891,150,38,114591
410,"DORTMUND","ARN",20,1,16,0,278,249700,58000,39352,2285,134492,131571,0,0,246752,232344,6,11,64,197,1,0,1,14211,0,0,0,0,246752,0,195620,600,0,195020,0,0,442372
411,"DORTMUND","ARN",64,0,15,0,162,146926,30460,29847,11184,77238,53570,83,5464,69436,49087,14,7,10,13014,7,9,14,7335,0,0,0,47724,21712,0,78530,540,65769,12221,0,0,147966
412,"HORDE","ARN",64,1,4,1,246.5,184637,43295,15746,1806,91786,114299,0,4295,82029,60455,23,3,6,11835,8,1,7,9739,0,0,0,44938,37091,0,85452,0,34819,50633,0,0,166481
413,"BOCHUM","ARN",6,0,0,0,243,108496,47865,27608,601,1953,126199,0,0,136642,122930,3,0,32,6545,2,2,2,7167,0,0,0,749,135893,0,45555,0,214,45341,0,0,182197
414,"BOCHUM","ARN",79,2,23,0,238,234454,70274,18356,3027,11647,269283,0,2415,137471,115880,23,14,24,16150,10,4,6,5441,0,0,0,448,137023,0,93954,345,3826,89783,0,0,231425
415,"GELSENKIRCHEN","ARN",52,0,8,0,235.5,189148,77561,11519,372,150856,102502,0,1460,118771,93680,38,6,39,14900,10,4,8,10191,0,0,0,52435,66336,0,89392,276,53136,35684,296,0,208163
416,"HATTINGEN","ARN",51,0,11,0,204.5,116577,30045,12547,2831,66400,56982,0,7862,23822,11464,5,0,0,8392,8,2,2,3966,0,0,662,16961,5946,253,56785,297,36999,19250,0,239,80607
417,"HAGEN","ARN",16,2,6,0,251,82870,25230,114,2328,21111,83747,0,800,33727,26307,3,1,2,477,2,0,0,6943,0,0,0,9243,24484,0,29474,0,7252,22222,0,0,63201
418,"HAGEN","ARN",69,2,7,1,213,143210,25376,2570,4257,23270,134077,0,4412,122442,110897,18,11,20,7155,4,0,4,4390,0,0,5895,8037,79182,29328,64409,0,12104,46233,0,6072,186851
419,"SCHWELM","ARN",59,0,5,0,228.5,116249,17765,1101,1214,47658,74971,0,9070,38316,19212,6,3,7,16255,10,0,5,2849,0,1000,2169,28703,6444,0,40778,270,17598,22910,0,0,79094
420,"ISERLOHN","ARN",51,0,4,0,219,146327,18524,14630,9640,98533,32998,0,9050,47176,35900,16,4,19,10262,5,0,5,1015,0,0,0,27987,19189,0,62473,134,43477,18328,534,0,109649
421,"ALTENA","ARN",75,0,1,1,210,168142,10990,33199,9052,44379,77617,0,14885,55495,37644,14,7,12,11059,7,2,3,6792,0,0,525,26566,27582,822,53386,1133,30040,21907,66,240,108881
422,"OLPE","ARN",38,0,16,0,150.5,67054,23211,11768,5267,28450,8414,0,36366,27747,20499,11,4,4,3882,10,3,5,3366,0,4011,1945,17528,0,4263,33715,798,29312,3405,200,0,61462
423,"SIEGEN","ARN",54,0,1,0,234.5,200564,6710,10435,11184,80823,79017,578,25237,95017,51775,26,1,14,31342,11,2,16,11900,0,0,1393,42865,50759,0,103212,4073,39773,59091,0,275,198229
424,"WITTGENSTEIN","ARN",23,3,0,0,148.5,57304,1540,3360,1377,10894,6593,0,36620,13809,9261,11,3,3,3131,3,1,2,1417,0,5506,0,2226,5864,213,15083,20,9771,5047,200,45,28892
425,"KASSEL","KAS",0,0,0,0,230,193425,23430,68775,3453,0,130699,12428,1500,12039,0,0,0,0,1420,2,0,2,10619,0,0,0,0,12039,0,58994,0,0,58994,0,0,71033
426,"KASSEL","KAS",76,7,0,0,223,82531,0,32597,11057,341,23140,3659,11737,15988,10554,5,3,3,173,4,0,0,5261,0,0,0,27,15669,292,29936,404,312,28634,359,227,45924
427,"ESCHWEGE","KAS",81,1,0,0,245.5,109140,0,24038,12955,2502,38890,4245,26510,33218,23729,8,6,4,318,3,0,0,9171,0,0,0,72,23013,10133,35670,430,1086,33784,102,268,68888
428,"FRITZLAR","KAS",57,0,0,0,154,62456,1800,13535,9807,2589,19529,13789,5007,6964,0,0,0,0,833,2,0,0,6131,0,0,0,194,6770,0,16474,690,319,15218,180,67,23438
429,"HOFGEISMAR","KAS",68,0,0,0,199.5,78332,900,22359,8564,808,26746,1962,18793,13954,6390,2,2,3,1494,9,0,0,6070,0,0,5,160,13782,7,26437,4071,343,20616,550,857,40391
430,"HOMBERG","KAS",58,2,2,0,132,53667,1900,11694,5732,1864,14244,0,22033,4215,1070,1,1,1,0,0,0,0,3145,0,0,0,71,3923,221,14940,4401,808,9731,0,0,19155
431,"MELSUNGEN","KAS",63,0,0,0,177.5,70718,0,15046,10884,1761,18572,12215,12240,5087,233,1,0,0,913,4,2,2,3939,0,0,0,85,4939,63,19447,256,506,18397,0,288,24534
432,"ROTENBURG","KAS",69,1,0,0,179.5,71710,0,11495,9359,2618,25127,240,22871,7965,2744,3,1,1,389,3,0,0,4832,0,0,17,208,7740,0,19936,594,403,18804,30,105,27901
433,"WITZENHAUSEN","KAS",69,1,0,0,188.5,77702,900,17544,8755,622,26198,0,25483,8383,3660,3,1,2,1058,2,0,0,3663,34,0,0,0,8349,0,22739,1002,245,21066,201,225,31122
434,"WOLFHAGEN","KAS",46,0,0,0,176.5,54576,750,12692,8224,2057,16959,1156,14238,11028,6477,3,2,2,1830,3,0,1,2721,87,3173,0,245,7523,0,16341,18,847,14456,277,743,27369
435,"MARBURG","KAS",78,0,0,0,240,98357,2570,19972,15746,720,32346,690,31453,34070,25829,36,3,4,2426,8,1,2,5815,0,883,267,0,32877,43,35596,453,371,33955,693,124,69666
436,"FRANKENBERG","KAS",65,2,0,0,146.5,64454,0,5496,10865,0,12906,1218,33969,17876,9772,7,4,4,3956,5,1,2,4148,0,2300,0,1077,13499,1000,19719,270,0,18179,710,560,37595
437,"KIRCHHAIN","KAS",51,3,1,2,171,53514,2040,4965,7078,1343,24026,1334,16808,22455,12311,3,4,4,264,3,0,0,9880,652,2833,391,38,15538,3003,14628,453,674,13002,406,93,37083
438,"ZIEGENHAIN","KAS",78,0,0,0,188.5,73988,0,13667,9815,902,17506,11007,21091,11990,6897,6,2,2,863,5,1,1,4234,0,0,3000,117,8873,0,21314,1662,564,18122,90,876,33304
439,"FULDA","KAS",64,0,1,0,173.5,85012,8580,18063,5728,780,31643,2314,35064,37895,31282,10,8,41,0,0,0,0,6613,0,3340,0,726,33773,56,27708,298,247,25840,1323,0,65603
440,"HERSFELD","KAS",64,2,0,0,202.5,80566,0,12141,7071,1221,30708,4235,25190,12522,8247,4,1,4,143,2,0,0,4132,222,6686,63,158,5393,0,21802,957,1316,19418,111,0,34324
441,"HUNFELD","KAS",51,1,0,0,160.5,50715,0,6019,7143,3590,11419,490,22054,12538,7544,6,2,3,2135,4,0,2,2859,57,6403,5,1171,4842,60,14723,0,3103,11421,132,67,27261
442,"HANAU","KAS",0,0,0,0,532,51050,2180,19398,3983,0,29849,0,0,14545,0,0,0,0,4705,5,0,3,9840,0,0,0,14545,0,0,29209,178,0,29031,0,0,43754
443,"HANAU","KAS",72,0,1,0,235,80629,750,7524,16987,1908,46321,2437,6202,18896,8940,3,3,5,1918,4,0,0,8038,0,0,0,833,15892,2171,29475,99,1008,28098,270,0,48371
444,"GELNHAUSEN","KAS",81,3,3,0,195,99100,3240,9636,13302,1785,40995,9971,26651,12134,3723,4,2,2,3114,7,1,1,5297,0,2000,2083,101,7950,0,31351,654,932,28688,891,186,43485
445,"SCHLUCHTERN","KAS",56,2,0,0,172.5,63716,0,2637,11112,1273,18956,3421,26317,5730,1132,2,0,0,932,3,0,0,3666,0,0,85,26,5286,333,16441,1387,566,14228,150,110,22171
446,"SCHMALKALDEN","KAS",42,1,0,0,170,62465,0,10869,7370,836,30623,4554,8213,8421,1755,5,0,0,1591,6,0,1,5075,0,0,50,237,8084,50,18644,154,274,18188,22,6,27065
447,"SCHAUMBURG","KAS",72,0,3,0,211.5,88913,2940,25507,14717,7096,18855,11382,14296,24795,19094,9,4,3,1023,9,1,0,4678,473,0,909,592,22784,37,25485,393,2776,21162,908,246,50280
448,"GERSFELD","KAS",54,0,0,0,144,51390,0,10042,4554,709,10084,1144,24857,5116,1432,2,0,1,761,3,1,1,2923,0,600,0,832,3684,0,11817,53,191,11467,96,10,16933
449,"BIEDENKOPF","WIE",67,4,0,0,189.5,71411,3130,9304,9493,728,33072,4893,17051,10208,3036,2,1,1,783,3,0,0,6389,0,0,0,0,10208,0,20941,317,170,20356,64,34,31149
450,"DILLKREIS","WIE",41,0,0,0,204.5,74615,615,9184,5122,1377,55593,0,3954,10291,6791,5,2,3,1813,5,0,1,1687,0,0,50,0,10241,0,22441,24,0,22390,27,0,32732
451,"OBERWESTERWALDKREIS","WIE",18,0,0,0,196.5,55611,0,5715,2979,2654,38116,0,6147,3899,1642,3,0,1,500,1,0,1,1757,0,0,0,592,3307,0,17232,34,561,16630,7,0,21131
452,"WESTERBURG","WIE",23,0,0,0,126.5,61436,2542,7576,4550,0,49865,0,1987,10385,5493,6,0,2,1626,3,0,0,3266,0,0,0,0,10365,20,22222,0,0,22116,47,59,32607
453,"UNTERWESTERWALDKREIS","WIE",63,2,4,0,220,84536,9665,12306,2408,2492,70886,0,6109,19172,11237,3,3,4,4787,7,1,2,3148,0,0,4,0,18168,1000,28241,8,0,28129,51,53,47413
454,"OBERLAHNKREIS","WIE",21,0,2,0,231.5,75979,4245,5503,7357,107,63751,80,3426,4310,0,0,0,0,1330,1,1,2,2980,0,0,667,0,3643,0,26516,144,34,26338,0,0,30826
455,"LIMBURG","WIE",30,0,3,0,189.5,90587,14088,12034,6385,3371,74951,1231,6703,17871,9988,3,2,3,1133,1,0,1,6750,0,0,653,7562,9656,0,33331,25,0,33051,255,0,51202
456,"UNTERLAHNKREIS","WIE",32,0,0,0,245,98001,4081,14530,6137,2783,73699,360,4573,4106,255,1,0,0,1145,2,0,2,2706,0,896,0,50,3160,0,36063,269,130,33566,25,2073,40169
457,"SANKT GOARSHAUSEN","WIE",40,1,1,0,142.5,86628,5259,12078,7068,320,68337,381,3703,19106,10421,4,1,5,5142,5,2,1,3543,0,0,50,0,19056,0,22986,31,0,22916,39,0,42092
458,"RHEINGAUKREIS","WIE",20,0,7,0,163.5,60533,16612,1912,5811,0,66539,157,2726,14943,11937,2,2,4,92,1,0,1,2914,0,2797,4118,0,8028,0,18948,220,0,18728,0,0,33891
459,"WIESBADEN","WIE",34,0,1,0,177.5,86393,6710,16936,5842,0,69896,69,360,23118,20223,0,0,0,1557,0,0,0,1338,0,0,0,0,23118,0,27613,0,0,27613,0,0,50731
460,"UNTERTAUNUSKREIS","WIE",80,0,0,0,187,88187,1080,6862,6503,0,69241,346,6315,7621,3845,4,1,2,1742,4,0,1,2034,0,200,0,27,7161,233,21678,621,31,21026,0,0,29299
461,"USINGEN","WIE",19,0,0,0,107.5,49155,0,2218,4783,0,37908,253,3993,8096,5900,2,2,2,296,3,0,0,1900,0,1833,0,140,6123,0,13388,18,264,13079,27,0,21484
462,"OBERTAUNUSKREIS","WIE",41,0,0,0,180,75500,0,13200,7332,0,49230,2088,3650,20720,15059,5,2,4,0,0,0,0,5661,446,0,0,0,20274,0,26897,76,0,26675,96,50,47617
463,"HOCHST","WIE",25,0,3,0,193,66119,6074,12380,3221,0,55267,1325,0,26966,25013,3,2,11,1100,1,2,2,853,23467,0,0,0,3499,0,23770,26,0,19956,2324,1464,50736
464,"FRANKFURT","WIE",20,1,3,0,289.5,117471,11507,54854,3937,3446,57876,3353,5512,102221,94107,6,1,34,4786,7,0,8,3328,0,0,0,33000,69221,0,50024,0,1236,48747,0,41,152245
465,"WIESBADEN","WIE",3,0,0,0,259,96585,0,9700,0,0,86719,166,0,73256,69765,2,1,26,0,0,0,0,3491,0,0,0,0,73256,0,30200,0,0,30200,0,0,103456
466,"FRANKFURT","WIE",11,0,0,0,580,363480,54200,134880,10600,4280,267920,0,0,532857,486340,6,7,113,16926,3,0,31,29591,0,0,0,0,532857,0,287895,0,4020,281625,0,2250,820752
467,"KOBLENZ","KOB",6,5,5,5,309,58865,22015,14100,0,0,66780,0,0,35945,35945,1,2,10,0,0,0,0,0,0,0,0,0,35945,0,108098,0,0,108098,0,0,144043
468,"KOBLENZ","KOB",57,0,28,0,193,74268,31857,21444,2813,536,76399,916,4017,36078,22160,6,4,4,9856,8,8,8,4062,0,0,0,0,36078,0,38235,0,0,38235,0,0,74313
469,"SANKT GOAR","KOB",60,4,2,0,161.5,86953,9584,14781,3600,0,64843,0,13313,19362,15118,6,4,4,1746,5,0,0,2498,0,1000,0,0,18362,0,25326,124,0,25202,0,0,44688
470,"KREUZNACH","KOB",119,1,3,0,207.5,167776,8710,21371,9784,562,126135,0,18634,22696,8097,2,2,2,8081,4,1,1,6518,0,0,0,0,22696,0,56419,540,0,55729,150,0,79115
471,"SIMMERN","KOB",112,0,1,0,155.5,109459,705,16685,4408,0,64422,0,24649,17328,12401,4,4,4,2186,2,1,0,2741,0,0,0,0,17328,0,29648,0,0,29648,0,0,46976
472,"ZELL","KOB",59,1,7,0,162,64859,9599,7302,2406,2350,54869,0,7531,19907,16138,3,6,6,281,1,0,1,3488,0,0,0,0,19907,0,20925,172,0,20753,0,0,40832
473,"KOCHEM","KOB",69,0,29,0,156.5,71567,18522,9332,7210,0,65244,0,8303,8464,6432,2,1,1,351,2,1,0,1681,0,0,0,0,8464,0,22422,545,0,21591,0,286,30886
474,"MAYEN","KOB",67,0,18,0,126,94211,33955,22161,2299,927,91213,0,11566,23714,17350,5,5,5,2190,7,1,3,4174,0,0,0,0,23714,0,31474,0,195,31279,0,0,55188
475,"ADENAU","KOB",53,5,1,1,104,58085,3770,4416,514,63,21652,0,35210,17376,11139,3,3,3,4732,4,3,2,1505,0,12103,0,0,5163,110,18209,129,0,17829,251,0,35585
476,"AHRWEILER","KOB",56,2,11,0,175.5,67193,17593,5171,2556,2396,58054,0,16609,15247,8639,4,2,2,2361,5,0,3,4247,0,0,0,253,14994,0,24049,0,779,23270,0,0,39296
477,"NEUWIED","KOB",130,0,22,0,194.5,144186,21903,19377,6935,13785,82904,0,43088,31557,23041,12,7,6,2621,5,2,3,5895,0,244,0,0,31313,0,54069,65,9621,43579,166,638,85626
478,"ALTENKIRCHEN","KOB",125,2,3,0,141,147362,2975,25149,11319,36789,30018,185,46877,72644,60226,23,11,12,8991,9,2,0,3427,0,6367,0,42338,18605,5334,37967,206,18801,18793,167,0,110611
479,"WETZLAR","KOB",102,0,2,0,167,115397,1900,14048,16826,0,75270,118,11035,15027,937,1,0,0,5230,4,2,2,8860,0,0,0,233,14744,50,32350,1474,3149,27727,0,0,47377
480,"MEISENHEIM","KOB",28,1,0,0,140,35795,0,5330,5671,0,23346,0,1448,3826,1617,1,0,0,0,0,0,0,2209,0,0,587,0,3239,0,9462,0,0,9462,0,0,13288
481,"KLEVE","DUS",58,5,23,2,202,100481,38802,9107,5618,1096,116051,0,7411,15593,7851,7,3,2,3032,3,0,2,4710,0,0,0,381,15212,0,44603,0,230,44326,0,47,60196
482,"REES","DUS",55,3,22,2,234,123799,44905,45485,14335,71810,25174,618,11282,25177,12014,11,3,4,6459,8,1,7,6704,0,0,353,18949,5875,0,54909,982,46845,7052,30,0,80086
483,"KREFELD","DUS",33,0,0,0,227,258357,74655,0,0,0,333012,0,0,251427,234681,6,8,63,16746,4,1,11,0,0,0,0,0,251427,0,93937,0,0,93937,0,0,345364
484,"KREFELD","DUS",27,0,17,0,171.5,60580,30930,100,1851,0,83302,0,6257,13163,7580,4,0,3,2956,4,1,2,2627,0,0,0,0,13163,0,20035,0,0,20035,0,0,33198
485,"DUISBURG","DUS",19,0,2,0,262,209100,12450,27551,1800,0,192199,0,0,74414,73431,3,1,16,983,1,0,0,0,0,0,0,0,74414,0,64529,0,0,64100,0,429,138943
486,"MULHEIM","DUS",51,0,10,0,268,224712,33235,63832,2187,5289,183859,0,2780,47337,9534,2,0,4,36241,20,0,27,1562,0,4000,1833,0,40837,667,87346,0,3629,83583,134,0,134683
487,"RUHRORT","DUS",79,0,10,1,262.5,187620,28140,13922,5237,58721,110015,1699,26166,53525,7409,6,3,1,34880,12,2,19,11236,0,1947,0,14931,36266,381,65741,90,30915,34478,25,233,119266
488,"ESSEN","DUS",27,0,24,3,379,170445,56565,57325,101,169584,0,0,0,142969,79673,4,2,15,11913,2,2,8,51383,0,0,0,142969,0,0,100013,0,100013,0,0,0,242982
489,"ESSEN","DUS",168,0,79,0,275.5,317574,120342,136220,6067,6721,247194,0,41714,326977,249942,25,22,33,64759,25,9,27,12276,428,6683,1236,14118,304512,0,164838,30,8324,154858,1182,444,491815
490,"MORS","DUS",90,1,11,0,206.5,159199,25670,34727,2994,4528,132083,118,10419,15250,6944,6,0,1,5768,3,1,3,2538,0,0,165,714,14371,0,52117,0,2548,49569,0,0,67367
491,"GELDERN","DUS",36,0,16,0,187.5,76895,46472,16512,1013,10736,90241,65,4800,16063,12051,8,0,1,1420,2,2,0,2592,0,0,0,0,16063,0,34707,0,391,34316,0,0,50770
492,"KEMPEN","DUS",56,0,27,2,144,147175,82610,1691,762,15369,193413,0,18550,30974,23825,12,3,2,3628,5,1,1,3521,0,1055,0,0,29919,0,58013,20,227,57766,0,0,88987
493,"DUSSELDORF","DUS",30,0,9,0,290,219130,107175,73820,0,0,252485,0,0,137749,88210,5,3,38,49539,7,0,36,0,0,0,0,0,137749,0,106551,0,0,106551,0,0,244300
494,"DUSSELDORF","DUS",83,1,28,0,201,126142,41090,14920,2083,3403,134713,815,11298,20662,6986,7,0,0,9271,9,5,10,4405,0,0,0,10,18986,1666,41206,0,780,40426,0,0,61868
495,"ELBERFELD","DUS",34,0,1,0,292,437620,23280,0,270,0,460630,0,0,228483,114624,9,6,48,97526,15,1,34,16333,0,0,0,0,228483,0,121150,0,0,121150,0,0,349633
496,"BARMEN","DUS",37,0,0,0,279,371430,57460,55246,2880,0,370764,0,0,143966,114867,3,3,20,.1,15,0,18,29099,0,0,0,0,143966,0,88466,0,0,88466,0,0,232432
497,"METTMANN","DUS",84,0,7,0,233.5,172235,21036,7511,3059,0,160167,1633,20901,80966,52394,9,9,12,22799,11,4,13,5773,0,0,0,0,80966,0,60742,164,0,59524,1054,0,141708
498,"REMSCHEID","DUS",18,1,6,0,254,89967,28715,0,542,0,118140,0,0,21910,0,0,0,0,16217,8,1,7,5693,0,0,0,0,21910,0,42486,0,0,42486,0,0,64396
499,"LENNEP","DUS",74,6,1,0,271,191842,10486,13006,3068,0,150847,1110,34297,39228,22523,4,1,1,5784,4,0,3,10921,0,1334,7113,0,30781,0,69024,680,550,67485,309,0,108252
500,"SOLINGEN","DUS",102,0,14,0,200.5,303659,50315,24066,2981,90,286817,700,39320,98179,65248,23,5,17,23741,15,3,10,9190,1000,0,3500,0,85165,8514,93568,0,0,93065,503,0,191747
501,"NEUSS","DUS",48,0,35,0,198.5,77794,54371,6907,1149,0,119214,0,4895,31089,22860,5,3,7,7622,4,6,6,607,0,0,0,0,28622,2467,44848,0,0,44848,0,0,75937
502,"GREVENBROICH","DUS",59,0,21,2,211.5,93509,29810,726,1990,0,109827,2666,8110,13972,9771,5,2,5,1855,2,1,1,2346,0,0,0,0,13972,0,34991,0,0,34991,0,0,48963
503,"MUNCHEN GLADBACH","DUS",14,0,15,0,316,75800,42925,0,30,0,118695,0,0,48835,40139,1,4,8,8171,2,0,6,525,0,0,0,0,48835,0,48989,0,0,48989,0,0,97824
504,"GLADBACH","DUS",61,1,20,1,206,195560,56149,20055,255,450,209664,3575,17710,15368,1672,1,0,0,8880,6,0,8,4816,0,0,0,0,15368,0,72220,0,200,72020,0,0,87588
505,"WIPPERFURTH","KOL",32,3,11,0,163.5,47603,15290,0,162,0,47536,166,15029,13870,6142,4,2,4,5691,6,4,5,2037,0,0,0,0,13870,0,24000,0,0,23747,253,0,37870
506,"WALDBROL","KOL",46,2,1,0,156,55725,845,0,824,210,25169,0,30367,28963,25598,8,4,11,561,5,2,2,2804,0,2692,0,0,15623,10648,17267,0,0,16891,376,0,46230
507,"GUMMERSBACH","KOL",49,8,1,0,201.5,83739,750,8003,1486,1822,55648,0,17530,23184,17574,6,3,4,3767,4,0,4,1843,0,3394,0,0,19790,0,27869,0,0,27758,111,0,51053
508,"SIEGKREIS","KOL",124,1,40,0,185,161466,42368,4564,1527,17130,156136,0,24477,37190,14373,9,6,7,14451,9,6,7,8366,3332,1399,0,0,32459,0,62724,0,5362,57212,150,0,99914
509,"MULHEIM","KOL",77,5,38,2,235.5,150430,60215,0,365,0,204628,528,5124,116820,97193,17,21,38,12463,11,3,13,7164,0,0,0,0,116820,0,61656,0,0,61490,166,0,178476
510,"KOLN","KOL",46,0,36,0,353,316000,183622,120329,540,0,378753,0,0,115875,94855,2,0,42,2034,6,0,12,18986,0,0,0,0,115875,0,192839,0,0,192839,0,0,308714
511,"KOLN","KOL",137,1,94,1,231.5,243165,140200,31458,1110,51144,297513,0,2140,134760,84920,17,11,46,44039,12,10,31,5801,0,0,0,0,134760,0,137914,252,0,137662,0,0,272674
512,"BERGHEIM","KOL",63,0,38,1,136,71370,33245,0,968,6450,95697,0,1500,24719,14772,10,6,7,4428,4,3,0,5519,0,0,0,3063,21656,0,28850,306,2458,26086,0,0,53569
513,"EUSKIRCHEN","KOL",56,0,28,0,127.5,74510,34025,14526,851,750,87668,0,4740,48538,42373,6,3,16,3423,4,1,2,2742,0,0,0,0,48538,0,26067,102,0,25965,0,0,74605
514,"RHEINBACH","KOL",59,0,16,0,173,61969,17914,10667,0,110,56612,0,12494,15510,11657,5,2,2,38,1,0,0,3815,0,1101,0,166,14243,0,19494,0,0,19134,360,0,35004
515,"BONN","KOL",11,0,10,0,336,46300,31400,12968,0,0,64732,0,0,21534,19155,3,0,0,2379,2,0,6,0,0,0,0,0,21534,0,36248,0,0,36248,0,0,57782
516,"BONN","KOL",65,3,47,0,209,76255,42808,2207,367,0,110044,225,6220,45630,37191,18,5,5,5178,6,1,2,3261,0,1500,0,0,43860,270,44387,0,0,44220,167,0,90017
517,"DAUN","TRI",62,1,8,1,85,61471,8132,9665,163,0,23689,0,36086,13066,10630,4,2,2,46,1,1,0,2390,0,4348,0,0,8718,0,14834,186,0,14525,123,0,27900
518,"PRUM","TRI",71,4,9,1,110,73974,11457,13821,696,716,22438,4185,43575,9051,6291,6,3,5,82,1,1,0,2678,0,2833,0,513,5705,0,21254,135,565,19254,1300,0,30305
519,"BITBURG","TRI",65,1,26,1,111.5,76186,24210,20533,627,0,51882,0,27354,26168,17237,7,7,8,2840,2,1,1,6091,0,0,73,77,26018,0,25728,50,212,25386,80,0,51896
520,"WITTLICH","TRI",53,0,21,0,126.5,58471,20482,18383,1176,466,44134,0,14794,19106,15186,4,6,5,1361,5,0,0,2559,0,0,0,0,19106,0,19345,0,280,19015,50,0,38451
521,"BERNKASTEL","TRI",89,0,32,0,117.5,85973,24732,21709,4085,9668,58050,900,16293,21527,9479,2,2,2,327,3,0,0,11721,0,3200,0,1756,16571,0,29820,278,2738,26801,3,0,51347
522,"TRIER","TRI",18,0,8,0,211,36960,20755,16669,0,368,38197,0,2481,12489,10674,4,8,8,1539,2,2,2,276,0,1333,0,0,11156,0,25856,0,0,25856,0,0,38345
523,"TRIER","TRI",120,1,53,1,145,113448,40608,35509,3480,939,80683,0,33445,50563,37905,5,7,8,6136,8,2,2,6522,0,1638,0,0,48889,36,49895,0,184,48699,1012,0,100458
524,"SAARBURG","TRI",49,0,23,0,112,51669,18673,13714,5014,0,39714,0,11900,11378,7668,4,3,4,491,2,0,0,3219,0,0,0,0,11378,0,16640,0,0,16587,53,0,28018
525,"MERZIG","TRI",54,0,36,1,113,58297,29061,16360,1496,133,47996,0,21373,22143,14650,9,3,5,3103,3,1,2,4390,0,0,47,0,22096,0,24208,80,0,23938,190,0,46351
526,"SAARLOUIS","TRI",77,4,59,4,349,115112,58157,49490,967,460,84795,0,37557,51381,44212,13,7,20,1136,1,1,0,6033,0,700,0,0,48154,2527,56914,0,200,54691,2023,0,108295
527,"SAARBRUCKEN","TRI",144,0,33,0,260.5,301178,69247,136694,1478,11993,200837,0,19423,100187,66521,11,3,12,19146,9,2,14,14520,0,0,0,9081,91106,0,119575,0,4768,114158,62,587,219762
528,"OTTWEILER","TRI",84,2,31,2,198,154810,57440,89411,1146,999,83471,0,37223,64491,46579,11,9,19,5840,7,4,4,12072,0,2841,0,0,61650,0,68450,0,150,66196,2104,0,132941
529,"SANKT WENDEL","TRI",104,0,17,0,138.5,111498,18745,27260,9785,1367,60511,0,31320,31623,25553,13,7,6,2320,9,2,4,3750,0,807,0,0,30816,0,34644,0,0,34584,60,0,66267
530,"ERKELENZ","AAC",69,0,9,0,174,83786,6685,7319,1076,0,79246,0,2830,7254,4305,3,0,0,117,2,1,0,2832,0,0,0,0,7254,0,28618,182,0,28418,0,18,35872
531,"HEINSBERG","AAC",61,0,12,0,166,69056,10780,10090,1366,0,59735,0,8645,18788,15766,4,5,5,2581,3,2,1,441,0,0,0,0,18788,0,20705,0,0,19739,0,966,39493
532,"GEILENKIRCHEN","AAC",47,0,3,0,175,51220,7165,5046,1208,0,50888,0,1243,2262,0,0,0,0,0,0,0,0,2262,0,0,0,0,2262,0,17328,0,0,16452,0,876,19590
533,"JULICH","AAC",74,2,10,2,163,100036,10820,15012,9213,1550,84901,0,180,6344,5539,2,1,1,0,0,0,0,805,0,0,0,0,6344,0,17109,856,410,15843,0,0,23453
534,"DUREN","AAC",99,0,19,1,217.5,150455,46850,35686,5608,1300,150010,0,4701,52494,46033,6,2,9,56,1,0,0,6405,0,0,0,67,52427,0,67469,0,3670,63601,0,198,119963
535,"AACHEN","AAC",39,0,18,0,337,133100,88300,47731,6411,0,167258,0,0,42412,42412,2,3,20,0,0,0,0,0,0,0,0,0,42412,0,70488,0,0,70488,0,0,112900
536,"AACHEN","AAC",99,7,63,2,202.5,183473,76471,47770,0,650,211424,0,100,65465,53285,18,28,45,8231,4,5,6,3949,0,0,0,0,65465,0,86296,1111,339,84846,0,0,151761
537,"EUPEN","AAC",18,1,9,3,166,36837,21872,11559,2234,0,44916,0,0,6253,2644,2,1,1,0,0,0,0,3609,0,0,0,0,6253,0,16882,86,0,16796,0,0,23135
538,"MONTJOIE","AAC",33,0,1,0,195,37825,4197,8593,337,798,23938,0,8356,7871,7583,2,2,2,0,0,0,0,288,0,0,0,0,7871,0,15366,0,0,15366,0,0,23237
539,"SCHLEIDEN","AAC",100,1,6,0,137.5,114573,9915,22029,1096,884,62304,0,38175,43295,36733,15,9,11,1669,7,3,1,4893,0,0,0,2465,40830,0,34874,0,280,33958,438,198,78169
540,"MALMEDY","AAC",58,0,0,0,142,84575,10287,16356,419,8927,30754,0,38406,21162,16054,4,4,4,3084,9,2,0,2024,0,1824,0,0,19338,0,28613,529,4596,22400,350,738,49775
541,"SIGMARINGEN","SIG",47,1,2,0,142,46281,2758,100,12816,3195,25050,5480,2398,20715,17043,6,3,6,317,1,0,0,3355,233,0,263,929,19290,0,12450,674,479,11109,137,51,33165
542,"GAMMERTINGEN","SIG",36,0,0,0,142,32717,0,0,9473,0,17374,4413,1457,5045,3360,2,1,1,447,2,0,0,1238,0,0,0,0,5045,0,9140,857,0,8000,283,0,14185
543,"HECHINGEN","SIG",42,1,0,0,163.5,43601,0,4034,3657,2000,30623,0,3287,52456,49102,5,11,17,2218,3,1,2,1136,0,0,0,143,52313,0,15904,1559,297,14048,0,0,68360
544,"HAIGERLOCH","SIG",28,0,0,0,198.5,28095,0,0,5415,1960,15620,3616,1484,7635,910,1,0,0,6118,4,1,3,607,0,0,0,0,7635,0,9329,1368,606,7323,0,32,16964
