kreiskey1896,county,rb,yie1896_acr_wwh,yie1896_hec_wwh,yie1896_tot_wwh,yie1896_acr_wry,yie1896_hec_wry,yie1896_tot_wry,yie1896_acr_sba,yie1896_hec_sba,yie1896_tot_sba,yie1896_acr_oat,yie1896_hec_oat,yie1896_tot_oat,yie1896_acr_pot,yie1896_hec_pot,yie1896_tot_pot
1,"MEMEL","KON",862.6,9.62,8298,8216.8,9.73,79949,2613.6,7.77,20308,7754.1,7.86,60947,3880.3,73.22,284116
2,"FISCHHAUSEN","KON",2193.3,13.76,30180,12534.6,12.43,155805,2567,9.98,25619,11522.6,9.32,107391,2996.5,80.69,241788
3,"KONIGSBERG STADTKREIS","KON",2,16.2,32,10,17.6,176,10,7.2,72,10,8.28,83,47,136,6392
4,"KONIGSBERG LANDKREIS","KON",3880.3,15.1,58593,11547.1,14.92,172283,4460.2,10.47,46698,10085.5,10.27,103578,2838.2,87.95,249620
5,"LABIAU","KON",2353.1,11.15,26237,6230.9,11.52,71780,2953.9,7.39,21829,6491.2,6.56,42582,3821.3,74.52,284763
6,"WEHLAU","KON",3822.7,11.34,43349,8723.6,11.61,101281,2638.9,7.01,18499,9671.3,6.91,66829,2673.2,70.13,187472
7,"GERDAUEN","KON",4510.8,12.46,56205,9314.1,12.86,119779,2038.2,9.06,18466,8046.9,9.79,78779,2291.1,102.79,235502
8,"RASTENBURG","KON",4810.1,14.04,67534,9954.6,13.57,135084,2667.8,10.82,28866,7853.7,10.12,79479,2372.1,93.35,221436
9,"FRIEDLAND","KON",4070.6,12.81,52144,10454.2,12.96,135486,1953.5,9.4,18363,8380.4,8.68,72742,2292.2,73.92,169439
10,"PREUSSISCH EYLAU","KON",4832.5,13.49,65190,14077.7,13.67,192442,3267.3,9.51,31072,12570,9.27,116524,3775.5,87.74,331262
11,"HEILIGENBEIL","KON",2340.1,13.57,31755,12014.1,12.44,149455,2984.3,10.24,30559,11030.4,10.21,112620,3037.3,80.29,243865
12,"BRAUNSBERG","KON",1987.4,12.61,25061,13566.1,11.39,154518,2344,9.23,21635,10693.9,8.36,89401,3141.1,71.01,223050
13,"HEILSBERG","KON",4065.2,11.22,45612,15552.2,10.87,169052,2276.3,9.6,21852,8944.4,8.19,73255,4254.2,64.45,274183
14,"ROSSEL","KON",4193.8,11.36,47642,10211.7,11.11,113452,1734.9,7.74,13428,6802.8,7.73,52586,3304.7,66.76,220622
15,"ALLENSTEIN","KON",1887.4,9.65,18213,19310,7.89,152356,1533.5,6.38,9784,7372.9,6.16,45417,7332,69.48,509427
16,"ORTELSBURG","KON",970.8,8.63,8378,22567.9,6.92,156170,2224.3,5.02,11166,5228.2,4.96,25932,11280.6,60.32,680446
17,"NEIDENBURG","KON",526.9,9.06,4774,27906.8,6.66,185859,4034,3.47,13998,5094.9,3.31,16864,13062,70.11,915777
18,"OSTERODE","KON",1027.7,10.07,10349,22749,7.84,178352,4164.1,5.71,23777,7151.9,5.61,40122,11142.7,82.51,919384
19,"MOHRUNGEN","KON",3716.2,14.06,52250,14403.6,12.27,176732,2104.7,11.03,23215,11545.9,9.77,112803,4850.6,84.28,408809
20,"PREUSSISCH HOLLAND","KON",5193,12.89,66938,9280.7,11.86,110069,1944,11.03,21442,9577.9,10.18,97503,2621.4,88.27,231391
21,"HEYDEKRUG","GUM",115.5,11.85,1369,4388.8,11.39,49988,1658.5,9.55,15839,4032.4,9.17,36977,3882.4,77.51,300925
22,"NIEDERUNG","GUM",947.2,12.9,12219,7447.9,16.21,120730,3296.2,12.93,42620,7645.5,13.27,101456,3739.8,80.85,302363
23,"TILSIT STADTKREIS","GUM",0,0,0,77,18.22,1403,4,15.03,60,20,16,320,140,35,4900
24,"TILSIT LANDKREIS","GUM",773.9,11.78,9117,9414.5,14.31,134721,2734.3,11.25,30761,9273.5,11.5,106645,3996.9,88.73,354645
25,"RAGNIT","GUM",3209.7,10.25,32899,11686.6,10.99,128436,3576.3,7.31,26143,12153.8,6.6,80215,3670.7,82.65,303383
26,"PILLKALLEN","GUM",4070.2,9.39,38219,10766.7,10.88,117142,2354.4,6.99,16457,11676.9,7.62,88978,2599.9,82.2,213712
27,"STALLUPONEN","GUM",2637.8,10.58,27908,9475.9,11.01,104330,4605.3,9.85,45362,8032.7,8.22,66029,2330.7,86.17,200836
28,"GUMBINNEN","GUM",3335,12.47,41587,8005.8,13.13,105116,2954.6,8.93,26385,8833.8,9.1,80388,2549.6,92.47,235762
29,"INSTERBURG","GUM",4763.4,9.69,46157,9587.6,10.77,103258,2838.4,6.43,18251,13028.3,7.07,92110,2858.3,79.92,228435
30,"DARKEHMEN","GUM",2257.4,10.92,24651,8468.3,11.96,101281,2159.4,8.35,18031,8531.9,8.11,69194,2330.1,76.31,177810
31,"ANGERBURG","GUM",1633.2,10.99,17949,9212.3,10.5,96729,2041,7.37,15042,6943.8,6.71,46593,3545.5,72.14,255772
32,"GOLDAP","GUM",1220.3,9.78,11935,7632.4,10.15,77469,2334.7,7.3,17043,8496.7,6.98,59307,4110.7,72.07,296258
33,"OLETZKO","GUM",1145.9,9.42,10794,8879.2,9.9,87904,2038,7.11,14490,9532.2,7.21,68727,5340.9,81.34,434429
34,"LYCK","GUM",2397.7,10.78,25847,11471,10.01,114825,2738.7,7.77,21280,10393.6,6.91,71820,6949,79.34,551334
35,"LOTZEN","GUM",1283.5,8.19,10512,12127,8.27,100290,1942.5,6.76,13131,7005.1,5.71,39999,5204,82.06,427040
36,"SENSBURG","GUM",1717.1,8.96,15385,14447.9,8.31,120062,2172.6,5.98,12992,6009.6,5.31,31911,6495.5,68.1,442344
37,"JOHANNISBURG","GUM",723.3,9.41,6806,15041.8,7.36,110708,1873.3,4.8,8992,5442.4,4.29,23348,8281.9,71.17,589423
38,"ELBING STADTKREIS","DAN",3,19.5,59,60,16,960,22.5,20,450,60,17,1020,120,80,9600
39,"ELBING LANDKREIS","DAN",1333.3,16.98,22639,3579.2,14.87,53223,2020,15.44,31189,6488.2,12.87,83503,2044.8,103.73,212107
40,"MARIENBURG","DAN",8561.3,22.83,195454,3454.2,17.05,58894,6126.4,23.02,141030,8779.7,17.63,154786,1290,109.59,141371
41,"DANZIG STADTKREIS","DAN",0,0,0,109.8,13.2,1449,18.9,17.25,326,20,18.85,377,233.8,126.31,29531
42,"DANZIG NIEDERUNG","DAN",3573.2,22.29,79647,2074.9,14.79,30688,2451.3,20.32,49810,3762.4,16.61,62493,872.9,103.1,89996
43,"DANZIG HOHE","DAN",1841.4,17.89,32943,6205.3,11.29,70058,1397.2,11.36,15872,3813.1,10.37,39542,4171.5,109.95,458656
44,"DIRSCHAU","DAN",4422.8,20.74,91729,4740.6,14.38,68170,1976,16.28,32169,3927.5,13.98,54906,2936.3,117.7,345603
45,"PREUSSISCH STARGARD","DAN",2816.8,14.9,41970,13303.9,8.38,111487,1523.1,8.34,12703,3831.6,7.19,27549,7463.8,77.86,581131
46,"BERENT","DAN",463.3,13.16,6097,20081.4,6.57,131935,1094.5,5.42,5932,7555.6,5.34,40347,8583.6,87.54,751408
47,"KARTHAUS","DAN",297.2,12.31,3659,18774.6,6.23,116966,1595.1,5.75,9172,13024.5,4.93,64211,11714.8,63.32,741781
48,"NEUSTADT","DAN",198,14.96,2962,9621.9,7.71,74185,894.4,6.83,6109,5965,7.05,42053,7030.5,92.83,652641
49,"PUTZIG","DAN",423.3,15.72,6654,5867,11.33,66473,1245,9.18,11429,4355.5,8.62,37544,3114.3,100.16,311928
50,"STUHM","MAR",5403.8,19.47,105212,7015.2,14.73,103334,3660.4,16.67,61019,6202.5,14.06,87207,2812.1,102.68,288746
51,"MARIENWERDER","MAR",5830.1,17.43,101619,12091.8,13.25,160216,4413.6,13.82,60996,6563,12.36,81119,6189,101.68,629298
52,"ROSENBERG","MAR",4121.3,14.5,59759,12188,11.6,141381,2356,10.58,24926,8643.9,10.45,90329,4434.5,91.44,405491
53,"LOBAU","MAR",1423.4,12.58,17906,21600.3,9.78,211251,3204,8.33,26689,3526.5,7.61,26837,8402.8,94.19,791460
54,"STRASBURG","MAR",2291.5,13.51,30958,21013.1,9.67,203197,2457.1,7.28,17888,3869.3,7.66,29639,9732.4,95.62,930612
55,"BRIESEN","MAR",4525.1,14,63351,12746,11.87,151295,2411.1,11.18,26956,3419.5,9.48,32417,5979.8,104.72,626205
56,"THORN","MAR",5141,18.18,93463,12247.5,13.21,161789,3227.9,14.04,45320,3524.2,12.12,42713,7067.8,104.74,740281
57,"KULM","MAR",6051.7,18.69,113106,9961.5,14.57,145139,4616.2,15.91,73444,3028.1,13.78,41727,6133,121.85,747306
58,"GRAUDENZ","MAR",6579.8,17.91,117844,12033.9,13.37,160893,3724,14.13,52620,5184.2,12.16,63040,5876.5,109.53,643653
59,"SCHWETZ","MAR",1907.6,14.62,27889,25608.6,9.3,238160,3769.5,9.1,34302,3995.1,7.61,30403,13215,94.56,1249610
60,"TUCHEL","MAR",558.5,13.8,7707,12708.6,7.59,96458,1595.2,5.87,9364,2506.5,5.37,13460,4733.6,76.03,359896
61,"KONITZ","MAR",571.6,15.05,8603,17517,7.7,134881,1271.5,6.43,8176,4852.5,5.73,27805,7511.2,89.8,674506
62,"SCHLOCHAU","MAR",316.3,13.69,4330,29826.5,6.53,194767,1581.9,5.85,9254,10365,5.46,56593,12164,85.59,1041117
63,"FLATOW","MAR",586,12.78,7489,31957.9,9.13,291776,4411.7,6.48,28588,11799.8,6.49,76581,11322.8,105.11,1190140
64,"DEUTSCH KRONE","MAR",909,13.45,12226,32346,7.44,240654,1922.3,6.77,13014,11481.7,5.91,67857,16225,89.31,1449055
65,"BERLIN","BER",0,0,0,170,16,2720,10,8,80,80,12,960,180,80,14400
66,"PRENZLAU","POT",9892.1,18.98,187752,13085.7,13.97,182807,5309.9,15.42,81879,12299.9,12.77,157070,7108.7,116.74,829870
67,"TEMPLIN","POT",2176.2,15.11,32882,17345.2,9.09,157668,1335.8,11.62,15522,8368.9,9.76,81680,7313.7,92.4,675786
68,"ANGERMUNDE","POT",5010.6,16.38,82074,13883.9,11.7,162442,4201.6,13.71,57604,7028.9,11.16,78443,10092.4,111.68,1127119
69,"OBERBARNIM","POT",1199.3,19.29,23134,19100.1,11.83,225954,3628.5,16.17,58673,9849.6,13.78,135727,14150.3,118,1669735
70,"NIEDERBARNIM","POT",324.5,21.96,7126,28028.6,10.19,285611,1651.2,10.64,17569,10061.3,10.23,102927,14661.8,99.88,1464421
71,"CHARLOTTENBURG","POT",0,0,0,260,7.5,1950,0,0,0,0,0,0,280,72,20160
72,"TELTOW","POT",414.8,10.76,4463,26098.8,9.61,250809,1700.3,10.68,18159,8129,9.28,75437,13458.5,85.92,1156354
73,"BEESKOW-STORKOW","POT",243.5,12.76,3107,18924.8,8.32,157454,496.6,8.95,4445,3111.1,8.95,27844,7770.2,86.01,668315
74,"JUTERBOG-LUCKENWALDE","POT",747.8,10.17,7605,22895.3,10.21,233761,1591.8,9.36,14899,8344.3,9.31,77685,7658.2,97,742845
75,"ZAUCH-BELZIG","POT",954.3,10.86,10364,31401.2,9.78,307104,1812.8,9.81,17784,9173.4,10.17,93293,10974.2,85.16,934563
76,"POTSDAM","POT",0,0,0,52.3,9,471,0,0,0,2,6,12,48.8,115,5612
77,"SPANDAU","POT",0,0,0,647.1,8.5,5500,15,8,120,170,8,1360,227,100,22700
78,"OSTHAVELLAND","POT",1266.3,18.26,23123,13941.9,12.92,180129,2427.7,13.71,33284,7495.2,13.28,99536,7634,113.58,867070
79,"BRANDENBURG","POT",0,0,0,1100,12,13200,47,10,470,274,9,2466,915,100,91500
80,"WESTHAVELLAND","POT",1437.6,17.6,25302,15237.5,12.4,188945,2412.1,13.81,33311,6592.6,13.29,87616,7811,111.61,871786
81,"RUPPIN","POT",314.6,16.78,5279,25912.9,11.9,308364,2387.9,13.76,32858,10530.1,13.52,142367,12448.2,119.02,1481585
82,"OSTPRIGNITZ","POT",1118.1,13.56,15161,38509.8,9.86,379707,712.4,10.72,7637,15249.5,10.78,164390,11328.3,103.5,1172479
83,"WESTPRIGNITZ","POT",1538.5,11.65,17924,25510.5,9.53,243115,663.8,9.23,6127,11922.2,10.18,121368,7475,90,672750
84,"KONIGSBERG","FRA",4985.5,18.05,89988,19512.3,11.77,229660,7928.6,13.98,110842,6721.4,11.11,74675,17017.2,119.3,2030152
85,"SOLDIN","FRA",3804.3,16.68,63456,16509.6,11.03,182101,3997.8,11.6,46374,6206.5,8.12,50397,11930.5,120.22,1434285
86,"ARNSWALDE","FRA",1927.7,15.21,29320,17821.8,9.8,174654,2705.1,9.34,25266,7456.3,7.36,54878,10064.3,103.28,1039441
87,"FRIEDEBERG","FRA",1152.1,13.95,16072,13442.6,9.64,129587,1591.3,9.18,14608,6935.9,8.92,61868,9175.9,98.38,902725
88,"LANDSBERG STADTKREIS","FRA",30.6,12,367,1210,12,14520,390.6,11,4297,732,4,2928,636,100,63600
89,"LANDSBERG LANDKREIS","FRA",393.2,12.37,4864,14782.9,10.01,147977,2039.6,10.6,21620,8914.8,8.57,76400,9426.2,89.99,848264
90,"LEBUS","FRA",4178.6,17.64,73711,25846.9,11.42,295172,11254.8,14.99,168709,10737.3,11.18,120043,18287.2,106.95,1955816
91,"FRANKFURT/ODER","FRA",75,16,1200,1300,14,18200,300,16,4800,464,12,5568,1200,120,144000
92,"WESTSTERNBERG","FRA",755,16.95,12797,20834.1,8.89,185215,1632.2,11.91,19440,5013.7,9.02,45224,10236.1,99.79,1021460
93,"OSTSTERNBERG","FRA",213,13.66,2910,15924.6,10.53,167686,1520.4,9.86,14991,6964.2,9.23,64280,6895.3,90.69,625335
94,"ZULLICHAU-SCHWIEBUS","FRA",973.3,13.78,13412,19395.4,10.62,205979,1782.5,10.4,18538,4733.2,9.96,47143,9892.5,117.6,1163358
95,"KROSSEN","FRA",587.3,9.77,5738,18666.3,9.06,169117,493.3,7.66,3779,2816,8.85,24922,8817.9,93.07,820682
96,"GUBEN STADTKREIS","FRA",2,12,24,982,13.5,13257,15,15,225,98,12,1176,595,70,41650
97,"GUBEN LANDKREIS","FRA",712.2,12.45,8867,18674.1,8.87,165639,1016,10.81,10983,3820.2,10.07,38469,7872.8,83.81,659819
98,"LUBBEN","FRA",65.6,10.91,716,16033.5,7.82,125382,207.1,7.43,1539,1886.4,8.04,15167,4867.2,87.52,425977
99,"LUCKAU","FRA",1267.7,11.39,14439,22234.1,10.56,234792,1435.7,11.08,15908,6433,10.68,68704,7971.5,95.2,758887
100,"KALAU","FRA",369.3,13.04,4816,16490.7,10.44,172163,488.4,10.25,5006,3842.5,10.02,38502,7474.7,87.31,652616
101,"KOTTBUS STADTKREIS","FRA",0,0,0,412.2,10,4122,4,13,52,75,12,900,163,110,17930
102,"KOTTBUS LANDKREIS","FRA",613.2,12.2,7481,13903.1,11.33,157522,432.3,10.26,4435,3151.4,11.18,35233,5769.9,86.13,496961
103,"SORAU","FRA",727,12.72,9247,18527,10.25,189902,1270.6,10.27,13049,4446.6,10.68,47490,7765.8,75.67,587638
104,"SPREMBERG","FRA",2,20,40,4808.7,9.45,45442,75.9,6.39,485,843.8,9.72,8202,1941.5,75.14,145884
105,"DEMMIN","STE",5113.4,20.65,105592,12432.1,14.69,182628,886.6,15.92,14115,10205.4,14.88,151856,3462.4,114.09,395025
106,"ANKLAM","STE",1969.8,19.14,37702,7716.7,13.46,103867,449.6,12.94,5818,6082.4,12.05,73293,2870.6,124.82,358308
107,"USEDOM-WOLLIN","STE",622.7,19.27,11999,6473.8,11.36,73542,195.8,10.09,1976,3351.2,8.95,29993,2733,97.65,266877
108,"UCKERMUNDE","STE",210.8,15.76,3322,6630.8,8.86,58749,279.5,7.79,2177,2173.1,7.33,15929,3906.6,85.47,333897
109,"RANDOW","STE",4435.1,17.07,75707,18578.8,11.52,214028,3719,11.53,42880,8278.5,9.65,79888,9469.7,102.48,970455
110,"STETTIN","STE",0,0,0,280.9,18,5056,105,18,1890,30,22,660,150,90,13500
111,"GREIFENHAGEN","STE",2205.5,15.63,34472,14244.9,11.58,164956,2467.1,10.76,26546,6397.3,8.89,56872,9281.1,119.14,1105750
112,"PYRITZ","STE",8300.3,17.71,146998,12906.1,13.47,173845,6623.3,12.64,83719,8123.5,9.57,77742,10042.5,132.02,1325811
113,"SAATZIG","STE",936.9,13.78,12910,23241.8,10.13,235439,2131.4,9.24,19694,13706.1,7.33,100466,11064.1,114.09,1262303
114,"NAUGARD","STE",102.3,11.9,1217,20979.3,8.45,177275,1008.4,6.45,6504,12480.2,5.46,68142,8138.3,95.92,780626
115,"KAMMIN","STE",950.3,18.07,17172,15022.6,11.8,177267,1848.2,7.82,14453,6516.9,7.38,48095,3771.8,99.14,373936
116,"GREIFENBERG","STE",1505.3,16.67,25093,11686.7,13.83,161627,2205.5,9.55,21063,7810.4,9.42,73574,2754.2,120.54,331991
117,"REGENWALDE","STE",770,15.19,11696,21927.5,9.97,218617,1259,7.95,10009,13641.5,6.85,93444,9920.1,112.73,1118293
118,"SCHIVELBEIN","KOS",102,12.1,1234,8773.3,8.36,73345,175.2,6.85,1200,5900.1,7.94,46847,3412.8,111.97,382131
119,"DRAMBURG","KOS",758.6,13.32,10105,16882.1,7.82,132018,997.5,6.73,6713,8266.8,6.36,52577,7221.3,91.25,658944
120,"NEUSTETTIN","KOS",1098.7,14.32,15733,33033.6,7.63,252046,1174.3,6.72,7891,18575.6,6.69,124271,13992.9,92.18,1289866
121,"BELGARD","KOS",603,12.61,7604,18455.2,9.93,183260,845.3,8.98,7591,10405,8.47,88130,8104.5,109.4,886632
122,"KOLBERG-KORLIN","KOS",1058.8,14.19,15024,15987.2,11.13,177938,1329.4,9.47,12589,10190.8,9.13,93042,5367.2,105.81,567903
123,"KOSLIN","KOS",2443.3,18.36,44859,8760.7,12.84,112487,1168.8,12.56,14680,6184.5,11.13,68833,3138.7,103.46,324730
124,"BUBLITZ","KOS",125.8,9.59,1206,9116.9,6.32,57619,261.7,6.56,1717,4634,5.71,26460,4063.7,86.42,351185
125,"SCHLAWE","KOS",2207.8,12.23,27001,20743.4,9.61,199344,2460.8,8.02,19736,13956.3,8.06,112488,8657,103,891671
126,"RUMMELSBURG","KOS",22.4,11,246,12496.5,6.22,77728,282,5.99,1689,7026.4,6.37,44758,7382,92.75,684681
127,"STOLP","KOS",1375.9,13.55,18643,27597.5,9.85,271835,3319.9,8.11,26924,20059.5,8.19,164287,16185.6,116.07,1878663
128,"LAUENBURG","KOS",879.2,12.28,10797,11948.8,9.62,114947,1688,8.32,14044,8603.4,7.68,66074,7139.4,117.51,838951
129,"BUTOW","KOS",79.2,10.38,822,7767.6,6.98,54218,273.4,6.17,1687,4626.2,5.96,27572,4045.9,97.7,395284
130,"RUGEN","STR",5008.4,17.71,88699,10358.6,12.86,133212,5143.4,12.63,64961,9908.6,12.02,119101,1968.9,92.4,181926
131,"STRALSUND","STR",26,18,468,234,16,3744,141,12,1692,141,15,2115,100,80,8000
132,"FRANZBURG","STR",5502.8,19.07,104938,10376.7,12.75,132303,3323.6,14.03,46630,9708.1,14.29,138729,2437.5,108.29,263957
133,"GREIFSWALD","STR",3627.7,21.88,79374,10186,15.61,159003,3198,16.36,52320,9802.5,15.24,149390,3243.3,126.94,411705
134,"GRIMMEN","STR",4738.4,21.41,101449,11016.2,14.93,164472,3643.2,14.6,53191,10742.9,14.55,156309,2632.9,114.98,302731
135,"WRESCHEN","POS",2235.2,11.53,25772,14313.9,12.31,176204,2845.3,10.75,30587,2748.3,9.19,25257,5357.8,98.9,529886
136,"JAROTSCHIN","POS",2769.1,9.99,27663,15291.1,10.6,162086,2631.2,8.97,23602,5693.3,9.6,54656,7488.3,98.79,739769
137,"SCHRODA","POS",3587,13.02,46703,24477.1,13.27,324811,4875.9,11.07,53976,4720.7,9.9,46735,9996.8,107.37,1073356
138,"SCHRIMM","POS",2615.3,8.76,22910,18861.4,9.92,187105,3281.5,8.18,26843,3637.9,7.08,25756,8589.2,88.29,758340
139,"POSEN STADTKREIS","POS",0,0,0,12,16,192,5,16.5,83,5.5,13.5,74,25,95,2375
140,"POSEN OST","POS",408.3,11.81,4822,10211.5,11.45,116922,1946.4,10.21,19873,1116,8.55,9542,5055.8,110.52,558767
141,"POSEN WEST","POS",1656.8,13.88,22996,15912.7,12.84,204319,3172.7,11.97,37977,2089.6,10.41,21753,7853.4,113.64,892460
142,"OBORNIK","POS",1724.6,13.79,23782,21437.5,10.63,227881,3758.5,10,37585,4876.3,9.06,44179,9609.1,106.98,1027982
143,"SAMTER","POS",3437.1,14.14,48601,18597.3,11.94,222052,3375.6,11.95,40338,4047.9,10.77,43596,9615.9,111.32,1070442
144,"BIRNBAUM","POS",346,11.53,3989,10962.9,9.39,102942,857.9,8.58,7361,1874.1,7.75,14524,4900.1,92.98,455611
145,"SCHWERIN","POS",225.6,11.32,2554,8888.9,8.02,71289,1029.6,7.66,7887,2065.2,6.84,14126,4735.2,91.95,435402
146,"MESERITZ","POS",962.2,10.29,9901,21452.6,8.37,179558,1938.2,8.68,16824,3781.5,7.41,28021,9266.9,86.75,803904
147,"NEUTOMISCHEL","POS",604.2,13.18,7963,12166,11.89,144654,813.5,10.48,8525,2993.1,9.3,27836,5872.9,96.38,566030
148,"GRATZ","POS",1433,11.97,17153,10615.9,12.94,137370,1729.6,11.76,20340,1645,10.06,16549,4830.2,118.05,570205
149,"BOMST","POS",721.5,10.62,7662,22512.6,8.92,200812,1403.5,7.97,11186,3269.6,6.74,22037,10494.7,80.05,840101
150,"FRAUSTADT","POS",996.6,12.38,12338,12719.3,11.77,149706,825.3,12.68,10465,2306.7,13.28,30633,4241.4,129.7,550110
151,"SCHMIEGEL","POS",1766.1,12.93,22836,11693.6,12.73,148860,1698.3,10.89,18494,2890.4,10.99,31765,5614.3,119.9,673155
152,"KOSTEN","POS",2521.4,12.41,31291,12720.6,13.45,171092,3016.6,11.62,35053,2358.8,10.57,24933,6440.6,120.45,775770
153,"LISSA","POS",1545.9,10.62,16417,10862.2,11.32,122960,1545.6,9.18,14189,2909.8,9.3,27061,5616.8,104.42,586506
154,"RAWITSCH","POS",2453.8,10.54,25863,10382.1,11.78,122301,2074.3,10.38,21531,3580.1,10.22,36589,4734.1,103.9,491873
155,"GOSTYN","POS",4176,11.18,46688,11045.9,12.67,139952,2387.8,10.75,25669,4912.1,9.23,45339,5454.5,109.76,598686
156,"KOSCHMIN","POS",4063,10.87,44165,7949.2,11.73,93244,1724.8,11.79,20335,5648.1,12.37,69867,3880.1,108.86,422388
157,"KROTOSCHIN","POS",3063.3,10.2,31246,8388.7,10.72,89927,1471.8,10.04,14777,5108.6,11.39,58187,4746.4,87.58,415690
158,"PLESCHEN","POS",2820,11.13,31387,10447.9,12.17,127151,1838.6,11.48,21107,4346,11.98,52065,5111.2,114.13,583341
159,"OSTROWO","POS",1146.6,9.92,11374,7715,10.61,81856,1000.8,9.5,9508,2814.1,10.71,30139,4045.7,96.24,389358
160,"ADELNAU","POS",822.5,8.45,6950,9298.3,9.44,87776,914.9,8.21,7511,2832.6,9.21,26088,4398.9,76.72,337484
161,"SCHILDBERG","POS",499.2,10.92,5451,10892.6,8.7,94766,796,8.08,6432,2717.7,7.8,21198,5573.4,85.47,476358
162,"KEMPEN","POS",773.2,10.78,8335,11341.6,9.71,110127,640.4,8.29,5309,3283.1,9.44,30992,5623.4,86.07,484006
163,"FILEHNE","BRO",8.3,10.1,84,8828.4,5.7,50322,655.6,6.13,4019,1625.2,5.67,9215,4546.6,67.26,305804
164,"CZARNIKAU","BRO",344.9,12.41,4280,12687.9,8.9,112922,1463.5,8.55,12513,2655.1,7.48,19860,6285.6,97,609703
165,"KOLMAR","BRO",482.1,11.27,5433,17932.6,8.34,149558,2369.8,6.91,16375,3515.9,6.55,23029,7695.3,82.83,637402
166,"WIRSITZ","BRO",2060.9,13.14,27080,23941.8,11.35,271739,4865,9,43785,8499.2,7.56,64254,10027.2,104.7,1049848
167,"BROMBERG STADTKREIS","BRO",0,0,0,68,12,816,20,12.6,252,2,6,12,99,80,7920
168,"BROMBERG LANDKREIS","BRO",2379.6,13.23,31482,23930.8,9.54,228300,2838.1,8.35,23698,4025.4,6.98,28097,8835.4,92.33,815772
169,"SCHUBIN","BRO",1494.6,14.21,21238,18341.5,10.68,195887,2043,10.17,20777,3393,8.09,27449,7723.4,91.56,707155
170,"HOHENSALZA","BRO",6913.3,16.76,115867,15318.6,14.11,216145,4872.1,14.49,70597,3797.8,11.62,44130,5749.6,102.46,589104
171,"STRELNO","BRO",4629.3,14.38,66569,10474.9,14.89,155971,2741.9,14.72,40361,2908.1,12.03,34984,3135.5,106.65,334401
172,"MOGILNO","BRO",2309.5,14.39,33234,19189.2,13.11,251570,2319.6,10.9,25284,3554.9,10.15,36082,6886.6,103.34,711661
173,"ZNIN","BRO",2301.5,12.01,27641,16219.5,11.28,182956,2260,10.08,22781,4816.3,8.88,42769,6236.5,95.69,596771
174,"WONGROWITZ","BRO",1799.7,11.73,21110,23123.9,10.93,252744,3895.7,8.69,33854,5317.1,6.97,37060,9687,100.27,971315
175,"GNESEN","BRO",1445.3,11.45,16549,13728.5,12.24,168037,1964.2,10.35,20329,4105.7,9.64,39579,5565.8,104.37,580903
176,"WITKOWO","BRO",1561.2,10.97,17126,14059.7,10.91,153391,1521.5,10.09,15352,2928.9,8.42,24661,4487.9,96.22,431826
177,"NAMSLAU","BRE",2360.6,12.02,28374,11214.9,11.5,128971,2009.4,11.09,22284,5512.6,11.69,64442,5791.4,99.49,576186
178,"GROSS WARTENBERG","BRE",1250.6,11.37,14219,14659.3,9.67,141755,1432.5,9.1,13036,5635.9,10.41,58670,7551.7,91.16,688413
179,"OLS","BRE",4781.4,14.85,71004,16300.5,13.92,226903,2243.7,13.57,30447,8866.2,14.29,126698,8869.8,119.49,1059852
180,"TREBNITZ","BRE",5856.8,13.48,78950,13734.6,12.46,171133,2142.3,11.4,24422,7454,12.11,90268,6546,111.91,732563
181,"MILITSCH","BRE",1893.3,9.59,18157,16090.1,9.5,152856,1258.7,8.09,10183,6789,9.4,63817,7114.8,88.12,626956
182,"GUHRAU","BRE",2019,12.71,25661,14590.6,12.13,176984,1527.1,11.51,17577,4445,11.71,52051,5903.9,122.5,723228
183,"STEINAU","BRE",1950.2,11.87,23149,8357,11.53,96356,766.5,10.96,8401,3086.3,11.52,35554,3651.7,113.09,412971
184,"WOHLAU","BRE",2944.9,11.68,34396,15202.2,10.87,165248,1422.7,10.53,14981,6095.6,10.87,66259,7316.7,111.51,815885
185,"NEUMARKT","BRE",8265.8,14.51,119937,10631.2,14.69,156172,3532.8,15.07,53239,7832.5,14.87,116469,6234.3,118.15,736583
186,"BRESLAU STADTKREIS","BRE",23,18,414,57,18.54,1057,24,16.25,390,64,19,1216,97,118.76,11520
187,"BRESLAU LANDKREIS","BRE",9295.6,14.35,133392,8503.4,15.13,128656,5224.6,17.17,89706,6832.2,15.78,107812,5806.9,118.37,687363
188,"OHLAU","BRE",5340.6,14.15,75569,9844.5,14.65,144222,5432,14.91,80991,7564,14.11,106728,4965.8,122.86,610098
189,"BRIEG","BRE",4091.4,13.09,53556,8975.2,13.88,124576,3555.4,12.36,43945,7442.7,13.29,98913,4551.6,96.56,439502
190,"STREHLEN","BRE",3453.5,14.14,48832,3673.8,13.68,50258,4200.1,12.81,53803,4240.8,12.15,51526,2968.8,96.94,287795
191,"NIMPTSCH","BRE",4948.8,14.22,70372,3777.1,14.8,55901,4397.8,14.98,65879,3860.3,14.65,56553,2641,109.37,288846
192,"MUNSTERBERG","BRE",4140.4,13.08,54156,3930.2,13.77,54119,4902.8,12.16,59618,3396.5,13.43,45615,2417.7,100.76,243607
193,"FRANKENSTEIN","BRE",3873.4,11.87,45977,5617.6,13.01,73085,5949.1,10.12,60205,4493.5,11.47,51540,3191.2,93.81,299366
194,"REICHENBACH","BRE",3164.1,13.15,41608,4305.4,13.36,57520,2982.2,11.19,33371,4103.8,12.12,49738,2295.6,79.95,183533
195,"SCHWEIDNITZ","BRE",7184.8,15.79,113448,6741.6,15.8,106517,5492,15.94,87542,6579.2,15.28,100530,3780.1,106.5,402581
196,"STRIEGAU","BRE",5054.2,16.22,81979,3365.7,17.38,58496,2724.2,17.62,48000,3468.4,16.36,56743,1710.6,113.15,193554
197,"WALDENBURG","BRE",384.7,12.02,4624,3359.2,10.78,36212,1688.3,7.46,12595,3977.7,8.31,33055,2087.2,69.88,145856
198,"GLATZ","BRE",1824.8,10.41,18996,6113.8,11.52,70431,3103.7,10.52,32651,5286.4,10.09,53340,2444,72.77,177850
199,"NEURODE","BRE",782.6,10.79,8444,4496.3,11.68,52517,2173.7,9.04,19650,3041.1,10.05,30563,1798.4,64.73,116410
200,"HABELSCHWERDT","BRE",948.3,8.73,8279,7649.7,9.51,72749,3004.9,7.4,22236,7773.1,7.47,58065,2726.6,52.49,143119
201,"GRUNBERG","LIE",1230.7,9.45,11630,14905,7.8,116259,671.1,8.69,5832,2554.2,2.36,6028,7515.5,76.42,574335
202,"FREISTADT","LIE",1759.8,11.6,20414,18973.8,9.44,179113,1285.2,10.62,13649,3880,10.66,41361,6976.7,99.1,691391
203,"SAGAN","LIE",828.7,12.69,10516,17896.5,9.39,168048,696.9,11.02,7680,3476.1,11.61,40358,7006.3,98.92,693063
204,"SPROTTAU","LIE",1267.7,13.48,17089,11361.7,10.73,121911,620.9,12.17,7556,3850.1,12.56,48357,4700.3,109.96,516845
205,"GLOGAU","LIE",5185.3,13.39,69431,18645,11.9,221876,2675.9,12.8,34252,6729.1,12.67,85258,8215.3,122.94,1009989
206,"LUBEN","LIE",1536.1,13.18,20246,11003.5,11.09,122029,741.6,11.64,8632,3773.2,12.14,45807,4965.7,112.04,556357
207,"BUNZLAU","LIE",1712.1,13.41,22959,14067.3,11.02,155022,1938.8,13.54,26251,7018.5,12.71,89205,6654.5,99.11,659527
208,"GOLDBERG-HAINAU","LIE",5791.7,14.81,85775,9887,14.54,143757,2938.9,16.39,48169,7862.1,14.87,116909,5016.8,112.75,565644
209,"LIEGNITZ STADTKREIS","LIE",30.8,12.85,396,153.5,11.2,1719,11.5,12,138,135.8,10.35,1406,160.5,103.75,16652
210,"LIEGNITZ LANDKREIS","LIE",8129.6,14.62,118855,9077.1,14.06,127624,3511.9,16,56190,7390.9,14.87,109903,5374,109.18,586733
211,"JAUER","LIE",4337.8,16.41,71183,3486.6,16.13,56239,2704,17.5,47320,3725.5,16.35,60912,1746.4,113.97,199037
212,"SCHONAU","LIE",1078.4,9.54,10288,3864.3,10.12,39107,1541.9,11.03,17007,4235,10.65,45103,1971.8,76.28,150409
213,"BOLKENHAIN","LIE",2065.5,15.17,31334,3941.1,13.88,54702,2483,11.47,28480,4019.3,11.73,47146,2211.9,92.64,204910
214,"LANDESHUT","LIE",296.3,11.76,3484,3538.6,10.6,37509,1329.1,9.41,12507,5156.8,10.4,53631,1754.9,63.13,110787
215,"HIRSCHBERG","LIE",654.4,9.17,6001,4622.4,9.6,44375,812.8,8.33,6771,5060.5,9.11,46101,3075.2,68.09,209390
216,"LOWENBERG","LIE",2231.4,10.17,22693,9759.7,10.34,100915,2157.8,12.19,26304,9343.7,12.27,114647,5345.3,89.29,477282
217,"LAUBAN","LIE",1981,12.73,25218,8049.6,11.96,96273,1344.7,12.84,17266,7317.3,13.41,98125,4587.8,92.83,425885
218,"GORLITZ STADTKREIS","LIE",40,15.7,628,359,12.5,4488,14.7,11,162,205.6,7.8,1604,163.7,146.9,24048
219,"GORLITZ LANDKREIS","LIE",2014.9,16.72,33689,13805.9,14.06,194111,835.1,14.76,12326,6778.5,15,101678,5278.1,108.81,574310
220,"ROTHENBURG","LIE",586.9,14.97,8786,13618.1,10.16,138360,444.5,10.28,4569,3094.5,10.95,33885,6271.7,89.15,559122
221,"HOYERSWERDA","LIE",274.8,9.84,2704,11077.6,9,99698,236.8,6.99,1655,1589.2,8.61,13683,3925.5,65.42,256806
222,"KREUZBURG","OPP",2654.2,13.27,35221,10717.1,12.13,129998,2211.5,11.02,24371,6671.2,11.61,77453,6540.1,104.15,681151
223,"ROSENBERG","OPP",1228.1,12.27,15069,13009.7,9.82,127755,1230,9.4,11562,6579.5,9.52,62637,8875.1,92.99,825296
224,"OPPELN","OPP",2564.8,9.74,24981,20957.8,9.05,189668,4511.1,7.81,35232,8972.7,8.03,72051,12524.8,76.93,963533
225,"GROSS STREHLITZ","OPP",2150.4,10.35,22257,13791.7,8.75,120677,3190.6,8.16,26035,4679.6,8.27,38700,10535.4,79.76,840304
226,"LUBLINITZ","OPP",1109.9,11.53,12797,9301.6,9,83714,1524.9,9.11,13892,6412.1,9.67,62005,8152.2,88.92,724894
227,"TOST-GLEIWITZ","OPP",2728.7,11.04,30125,11577.3,10.26,118783,2646.9,10.28,27210,9528.9,10.1,96242,10624,87.83,933106
228,"TARNOWITZ","OPP",889.3,13.32,11845,3523.4,10.82,38123,491.8,11.46,5636,2690.6,11.37,30592,3568,79.94,285226
229,"BEUTHEN STADTKREIS","OPP",10.5,11,116,332,9,2988,56.6,8,453,28.6,9,257,281.8,50,14090
230,"BEUTHEN LANDKREIS","OPP",563,16.25,9149,1921.3,14.43,27724,282.4,12.64,3570,1426.4,13.98,19941,1867,97.28,181622
231,"ZABRZE","OPP",236.9,13.83,3276,2135.1,12.11,25856,151.5,10.77,1632,1439.5,11.42,16439,1810.7,81.68,147898
232,"KATTOWITZ","OPP",389,15.05,5854,2645.5,12.18,32222,210,12.42,2608,1730.4,11.36,19657,2589.7,85.02,220176
233,"PLESS","OPP",1850,9.22,17057,12674,7.87,99744,1593,7.54,12011,12579.3,8.29,104282,13598.5,56.67,770627
234,"RYBNIK","OPP",2191.9,9.99,21897,11890.3,8.74,103921,1217.4,9.82,11955,8990.5,9.05,81364,12020.4,59.54,715695
235,"RATIBOR","OPP",7474.7,13.07,97694,11387.8,12.83,146105,7080.5,12.82,90772,9236.8,12.81,118323,8105.1,86.32,699632
236,"KOSEL","OPP",5508,14.85,81794,8261.5,14.1,116487,4815,15.11,72755,5832,15.06,87830,5509.2,110.94,611191
237,"LEOBSCHUTZ","OPP",6671,13.79,91993,11994.6,14.44,173202,11367.4,13.49,153346,9222.3,13.34,123025,4935.9,90.71,447735
238,"NEUSTADT","OPP",5171.3,13.41,69347,14216.9,14.34,203870,7210,12.02,86664,9551.4,12.7,121303,6237.7,93.94,585970
239,"FALKENBERG","OPP",2035.6,10.8,21984,9449.1,11.16,105452,2263.6,9.28,21006,7338.6,9.05,66414,4673.5,90.98,425195
240,"NEISSE","OPP",8257.6,13.08,108009,10324.7,15.02,155077,7246.9,11.58,83919,9378.8,12.86,120611,4673.6,85.19,398144
241,"GROTTKAU","OPP",4607.5,13.49,62155,7822.4,14.29,111782,4854.8,12.42,60297,7942.9,12.82,101828,3753.4,100.8,378343
242,"OSTERBURG","MAG",6417.2,12.78,82012,19390.9,12.4,240447,2479.7,12.8,31740,8597.7,12.9,110910,4631.1,84.42,390957
243,"SALZWEDEL","MAG",1189.6,11.88,14132,23385,11.42,267057,2407.1,13.13,31605,8658.5,13.55,117323,8384.1,97.3,815773
244,"GARDELEGEN","MAG",1412.8,14.08,19892,20286,12.1,245461,1557.3,13.25,20634,7189.6,13.02,93609,8921.2,98.94,882664
245,"STENDAL","MAG",4006.4,13.75,55088,15816.5,12.64,199921,3642.5,12.8,46624,5915.1,13.32,78789,5315.6,87.59,465593
246,"JERICHOW I","MAG",4265.3,17.68,75411,21818.8,12.81,279499,2945.7,15.93,46925,8000.5,13.55,108407,11583.6,102.45,1186740
247,"JERICHOW II","MAG",3642.9,14.47,52713,17568.3,11.66,204846,1900.9,12.67,24084,7929.7,13.63,108082,7958.6,90.37,719219
248,"KALBE","MAG",3339.5,25.63,85591,4771.5,20.54,98007,7758,23.43,181770,4052,21.13,85619,6053.9,110.73,670348
249,"WANZLEBEN","MAG",6104.3,31.7,193506,2414.5,24.47,59083,8369.2,28.72,240363,4236.3,27,114380,6360.5,143.2,910824
250,"MAGDEBURG","MAG",163,36,5868,50,24,1200,175,32,5600,425,28,11900,912,100,91200
251,"WOLMIRSTEDT","MAG",4673.5,24.88,116277,7378.7,16.35,120642,3102.6,21.24,65899,4495.1,21.53,96780,6541.5,119.35,780728
252,"NEUHALDENSLEBEN","MAG",8162.5,27.02,220551,5669.9,18.78,106481,3592,24.45,87824,6622.3,23.39,154896,5280.7,155.57,821518
253,"OSCHERSLEBEN","MAG",6953.6,30.45,211737,2253.9,23.64,53282,4810.1,27.44,131989,4768.1,26.55,126593,4685.8,120.31,563749
254,"ASCHERSLEBEN","MAG",3085.7,27.01,83345,2239.4,20.99,47005,7194.8,24.32,174978,3394.9,24.73,83956,4451.3,92.72,412725
255,"HALBERSTADT STADTKREIS","MAG",1176,30,35280,180,20,3600,560,24,13440,400,24,9600,400,80,32000
256,"HALBERSTADT LANDKREIS","MAG",6165.9,26.62,164136,2971.4,19.65,58388,3595.2,24.15,86824,5494.8,24.41,134128,3436.8,94.93,326255
257,"WERNIGERODE","MAG",1795.9,19.6,35200,1149.6,14.13,16244,1305.7,19.37,25291,1377.8,20.03,27597,896.6,42.9,38464
258,"LIEBENWERDA","MER",1264.7,14.46,18288,17192.9,11.89,204424,722.4,11.42,8250,5551.9,11.38,63181,5808.6,85.43,496229
259,"TORGAU","MER",4972.9,17.46,86827,16121.9,13.93,224578,1316.1,15.54,20452,7597.7,14.14,107431,6883.9,108.3,745526
260,"SCHWEINITZ","MER",1859.5,11.22,20864,22000.2,9.36,205922,998.3,9.79,9773,7053.7,10.12,71383,6125.6,81.3,498011
261,"WITTENBERG","MER",2900,16.2,46980,17666.8,10.6,187268,1643,12.2,20045,5404.8,11.77,63614,5396.1,83.74,451869
262,"BITTERFELD","MER",2345.5,20.17,47309,12332.3,16.97,209279,3308.6,18.98,62797,5116.3,16.65,85186,5385.2,102.54,552198
263,"SAALKREIS","MER",4649.3,25.88,120324,6592.8,23.41,154337,7830.8,24.4,191072,5223.7,23.26,121503,5138.2,125.64,645563
264,"HALLE","MER",70.3,32,2250,301.6,30,9048,312.9,28.5,8918,101.6,26,2642,226.7,164,37179
265,"DELITZSCH","MER",6675.1,21.2,141512,16565.2,18.87,312585,4974.8,19.68,97904,9147.4,19.22,175813,7427.8,126.14,936943
266,"MANSFELDER GEBIRGSKR","MER",2994.9,21.56,64570,3474.1,16.77,58261,5467.4,21.11,115417,3930.2,19.17,75342,3822.5,98.53,376631
267,"MANSFELDER SEEKREIS","MER",6085.9,24.25,147583,5849.4,21.62,126464,8273.3,23.06,190782,6026.4,22.57,136016,5466.4,118.34,646894
268,"SANGERHAUSEN","MER",4171.1,19.82,82671,5914.5,14.85,87830,7812.8,19.41,151646,6711.5,17.03,114297,4779,94.25,450421
269,"ECKARTSBERGA","MER",4510.4,19.37,87366,4725.4,15.49,73196,5808.9,18.26,106071,5587.1,16.93,94590,3807.6,76.04,289530
270,"QUERFURT","MER",5405.1,24.98,135019,7800.9,19.66,153366,8312.6,22.5,187034,7497.1,22.35,167560,5698.4,84.49,481458
271,"MERSEBURG","MER",5256.6,22.31,117275,8362.7,20.18,168759,6672.6,20.66,137856,6702.3,20.42,136861,5604.1,115.51,647330
272,"WEISSENFELS","MER",5610.7,21.43,120237,7568.2,17.82,134865,4874.6,19.54,95250,6808.5,19.47,132561,5294.8,105.16,556801
273,"NAUMBURG","MER",1482.4,18.66,27662,1837.4,14.77,27138,1465.6,18.24,26733,1731.5,16.57,28691,1080.4,95.39,103059
274,"ZEITZ","MER",3175.1,20.35,64613,3438.2,16.7,57418,2255.6,18.42,41548,3517.3,18.86,66336,2102.8,123.06,258771
275,"NORDHAUSEN","ERF",174,20,3480,312,14,4368,263,18,4734,165,18,2970,281,120,33720
276,"HOHENSTEIN","ERF",3734.8,14.47,54043,5408.7,12.39,67014,1870.2,14.26,26669,5682.2,14.68,83415,2473,87.59,216610
277,"WORBIS","ERF",2241.7,12.46,27932,6096.4,11.65,71023,1166.5,11.65,13590,6077.3,12.83,77972,2954.6,97.7,288664
278,"HEILIGENSTADT","ERF",3801.8,11.35,43150,4135.9,11.25,46529,769.3,10.8,8308,5877.5,11.82,69472,2444.9,91.32,223268
279,"MUHLHAUSEN STADTKREIS","ERF",140,20,2800,550,18,9900,1000,22.5,22500,800,22,17600,650,120,78000
280,"MUHLHAUSEN LANDKREIS","ERF",1818.8,11.17,20316,2867.5,12.5,35844,2273.5,12.77,29033,4041.2,11.95,48292,2087.2,90.55,188996
281,"LANGENSALZA","ERF",1970.7,17.48,34448,2556,16.15,41279,14242,10.85,154526,4608.7,17.59,81067,3470.7,95.96,333048
282,"WEISSENSEE","ERF",2006.3,19.31,38742,1917.3,17.49,33534,5888.9,19.75,116306,2975.6,18.38,54692,3139.2,88.72,278510
283,"ERFURT STADTKREIS","ERF",178.7,14,2502,434.1,13,5643,638.3,16,10213,127.7,14,1788,153.2,120,18384
284,"ERFURT LANDKREIS","ERF",1572.3,17.27,27154,1466,15.6,22870,5107.5,17.72,90505,2713.6,16.3,44232,2606,78.42,204363
285,"ZIEGENRUCK","ERF",684.2,15,10263,1823.6,13,23707,1397.3,13.9,19422,1479.1,14.58,21565,1386.5,85.78,118934
286,"SCHLEUSINGEN","ERF",405.1,7.51,3042,2365.3,6.94,16415,254.8,6.91,1761,1139.5,7.08,8068,291,73.31,21334
287,"HADERSLEBEN","SCH",2394.4,21.14,50618,10828.6,14.22,153983,9290,12.38,115010,17019.4,12.91,219720,1908.8,67.15,128176
288,"APENRADE","SCH",1110,19.75,21923,4604.8,11.8,54337,3527.4,10.61,37426,6143.5,10.38,63770,749.4,63.22,47377
289,"SONDERBURG","SCH",2184.6,24.66,53872,2463.2,19.24,47392,4215.7,17.61,74238,5580,17.18,95864,641.5,89.89,57664
290,"FLENSBURG STADTKREIS","SCH",0,0,0,360,12,4320,15,11,165,553.5,7.5,4151,50,60,3000
291,"FLENSBURG LANDKREIS","SCH",747.7,22.86,17092,8277.5,14.91,123418,2746.7,19.27,52929,10444.1,12.17,127105,1148,63.31,72680
292,"SCHLESWIG","SCH",427.1,16.36,6987,9174.4,12.97,118992,1458.4,11.2,16334,9905.8,10.4,103020,1673.3,72.69,121632
293,"ECKERNFORDE","SCH",2411.8,26.3,63430,5877.7,17.98,105681,4485,18.03,80865,10780,15.56,167737,786.3,96.58,75941
294,"EIDERSTEDT","SCH",583.2,27.01,15752,127.7,16.85,2152,130.4,17.79,2320,1382.9,17.54,24256,94.5,100.68,9514
295,"HUSUM","SCH",616.5,19.03,11732,4826.8,13.13,63376,953.2,13.2,12582,5891.1,13.25,78057,966.3,87.24,84300
296,"TONDERN","SCH",95.7,16.12,1543,7466.6,11.12,83029,3263.1,11.29,36840,8920.9,11.33,101074,1552.4,60.17,93408
297,"OLDENBURG","SCH",7467.4,27.57,205876,4265.1,17.1,72933,7556.7,22.08,166852,8407.4,20.24,170166,1050.5,102.1,107256
298,"PLON","SCH",5101.8,23.02,117443,5547.3,15.86,87980,6327.2,18.06,114269,11180.4,14.97,167371,1130.7,105.16,118904
299,"KIEL STADTKREIS","SCH",21,24,504,112,15.3,1714,63,19.7,1241,168,11.6,1949,138,98,13524
300,"KIEL LANDKREIS","SCH",1694.1,21.12,35779,6307.2,13.8,87039,1994.6,15.9,31714,7537.1,11.27,84943,1169.4,76.23,89143
301,"RENDSBURG","SCH",203,18.83,3822,12059.9,12.01,144839,786.4,12.48,9814,10804.9,11.15,120475,2409.8,88.6,213508
302,"NORDERDITHMARSCHEN","SCH",2450.8,23.52,57643,3078.6,13.93,42885,739.3,17.07,12620,7325.1,15.91,116542,649.1,104.93,68110
303,"SUDERDITHMARSCHEN","SCH",3583.1,20.72,74242,4850.8,12.14,58889,1231.2,16.49,20302,9069,13.42,121706,1188,91.7,108940
304,"STEINBURG","SCH",2610.4,16.46,42967,5877,12.99,76342,551.7,14.97,8259,10645.3,14.19,151057,1507.5,84.22,126962
305,"SEGEBERG","SCH",2015.7,18.67,37633,13191.5,11.35,149724,1461,15.47,22602,13892.2,11.5,159760,2332.3,95.43,222571
306,"STORMARN","SCH",2732.8,18.75,51240,14133.1,12.9,182317,970.3,17.03,16524,15391.7,13.25,203940,3448.1,103.68,357499
307,"PINNEBERG","SCH",990,13.82,13682,8556.1,13.15,112513,804.5,13.73,11046,8229.5,16.4,134964,2831.1,97.61,276344
308,"ALTONA","SCH",0,0,0,170,8.7,1479,26,11,286,110,7.6,836,152,70,10640
309,"LAUENBURG","SCH",2338.8,15.89,37164,14846.6,11.62,172517,308.1,14.34,4418,15265.9,11.78,179832,3885.9,78.97,306870
310,"DIEPHOLZ","HAN",94.6,11.17,1057,6706.2,10.92,73232,421.8,10.47,4416,2007.8,11.57,23230,1301.5,77.27,100567
311,"SYKE","HAN",56.8,13.97,793,14869.2,13.54,201329,302.8,11.04,3343,5383.3,15.09,81234,2000,95.68,191360
312,"HOYA","HAN",1173.7,14.17,16631,8030.1,15.09,121174,409.7,12.37,5068,4698.5,15.8,74236,2085.1,116.83,243602
313,"NIENBURG","HAN",713.3,14.18,10115,5860.6,11.59,67924,270.3,9.87,2668,2606.8,12.92,33680,2108.9,111.62,235395
314,"STOLZENAU","HAN",615.2,12.73,7831,9469.7,13.12,124242,359.7,11.56,4158,2440.5,13.48,32898,2511.8,95.84,240731
315,"SULINGEN","HAN",5.4,9.7,52,8226.3,11.75,96659,108.3,10.57,1145,1944.6,13.57,26388,1108.4,84.47,93627
316,"NEUSTADT","HAN",431.9,14.37,6206,8459.9,12.63,106849,240.7,12.29,2958,3682,12.86,47351,2340.7,111.33,260590
317,"HANNOVER STADTKREIS","HAN",9.6,20,192,319.2,21,6703,14.2,17.5,249,136.4,13,1773,405.6,113,45833
318,"HANNOVER LANDKREIS","HAN",902.8,23.7,21396,4656.9,17.28,80471,314.7,19.23,6052,2099,17.43,36586,1531.8,113.95,174549
319,"LINDEN STADTKREIS","HAN",2,32,64,80,34,2720,15,20,300,50,24,1200,130,126,16380
320,"LINDEN LANDKREIS","HAN",2832.6,25.78,73024,5138.8,22.95,117935,327.9,19.79,6489,2890.1,23.21,67079,1603.1,108.51,173952
321,"SPRINGE","HAN",3808.5,21.94,83558,6534.1,20.94,136824,442,18.71,8270,4706.3,20.25,95303,1509.6,111.41,168185
322,"HAMELN","HAN",4747.3,20.56,97604,6748.5,19.73,133148,378.1,15.66,5921,7494.4,17.27,129428,2384.1,110.15,262609
323,"PEINE","HIL",2464.7,19.98,49245,7149.9,14.82,105962,975.1,15.8,15407,3749.5,17.98,67416,2424,102.44,248315
324,"HILDESHEIM STADTKREIS","HIL",200,25,5000,65,25,1625,5,20,100,95,24,2280,113,120,13560
325,"HILDESHEIM LANDKREIS","HIL",3969,24.47,97121,2893.1,22.1,63938,504.3,21.41,10797,3029.8,24.02,72776,1063.9,96.81,102996
326,"MARIENBURG","HIL",6163.3,22.68,139784,4025.3,19.74,79459,1162.6,18.91,21985,5052,19.39,97958,1699.9,105.43,179220
327,"GRONAU","HIL",2655.6,21.39,56803,2215.4,19.72,43688,250.1,18.84,4712,2337.9,20.63,48231,913.5,120.62,110186
328,"ALFELD","HIL",2486.2,20.06,49873,2178.4,18.16,39560,367.1,17.61,6465,2678,17.1,45794,1140.1,105.2,119939
329,"GOSLAR","HIL",4579.9,22.56,103323,3038.7,19.03,57826,1272.2,18.96,24121,4625,20.04,92685,1671.8,84.71,141618
330,"OSTERODE AM HARZ","HIL",2113.7,15.18,32086,4879.6,15.33,74804,976.8,12.28,11995,5116.2,13.68,69990,2088.4,99.28,207336
331,"DUDERSTADT","HIL",1236.5,15.34,18968,3908.6,14.6,57066,398.1,11.48,4570,4228.1,11.78,49807,2011.8,108.7,218683
332,"GOTTINGEN STADTKREIS","HIL",280,28,7840,100,22,2200,20,24,480,25,24,600,102,120,12240
333,"GOTTINGEN LANDKREIS","HIL",5750.5,18.37,105637,3901.4,16.56,64607,888.7,14.89,13233,6053.1,17.24,104355,2392.8,129.48,309820
334,"MUNDEN","HIL",1313.9,14.64,19235,2355.4,14.69,34601,174.1,12.6,2194,2958.8,14.5,42903,1293.8,108.9,140895
335,"USLAR","HIL",1213.4,17.58,21332,2393,15.37,36780,218,12.68,2764,2767.5,14.36,39741,1259.9,124.03,156265
336,"EINBECK","HIL",2726.7,21.2,57806,2925.8,19.45,56907,260.1,16,4162,2880.9,17.98,51799,1261.1,121.31,152984
337,"NORTHEIM","HIL",3681.9,17.08,62887,3980,16.16,64317,562.6,13.65,7679,4221.6,14.15,59736,1760.4,118.13,207956
338,"ZELLERFELD","HIL",1.2,12,14,6.3,10.5,66,2.2,10,22,9.2,9.65,89,228.9,89.6,20509
339,"ILFELD","HIL",598.3,15.03,8992,1476.9,12.19,18003,941,14.75,13880,1716.2,15.1,25915,1140.7,92.36,105355
340,"CELLE STADTKREIS","LUN",0,0,0,169.9,10,1699,0,0,0,86.3,8,690,115.9,90,10431
341,"CELLE LANDKREIS","LUN",41,7.96,326,10922.4,9.46,103326,131.9,9.24,1219,4127.3,11.39,47010,2953.4,96.65,285446
342,"GIFHORN","LUN",1659.6,16.13,26769,10339.8,13.45,139070,608.8,14.69,8943,4297,13.42,57666,3262.2,108.39,353590
343,"BURGDORF","LUN",1318.4,13,17139,12478.9,11.73,146377,869.1,10.01,8700,4708.6,10.27,48357,3470,93.57,324688
344,"ISENHAGEN","LUN",16.1,14.27,230,7343.4,11.25,82613,57,10.23,583,3067.1,12.1,37112,2674.7,113.61,303873
345,"FALLINGBOSTEL","LUN",173.3,10.81,1873,9816.5,10.76,105626,363.7,10.33,3757,4376.5,13.44,58820,2446.1,106.2,259776
346,"SOLTAU","LUN",6.2,6.57,41,6562.7,8.76,57489,44.1,7.16,316,2660.6,11.32,30118,1552.7,106.24,164959
347,"ULZEN","LUN",556.5,9.98,5554,20510.1,10.18,208793,313.9,12.17,3820,9488.1,13.56,128659,6346.4,87.82,557341
348,"LUCHOW","LUN",1316.4,11.5,15139,11405.8,11.02,125692,256.9,11.46,2944,3840.8,14.64,56229,3582.9,106.23,380611
349,"DANNENBERG","LUN",497.5,7.11,3537,5363.8,7.87,42213,152.8,6.38,975,1456.5,8.92,12992,1421.9,73.84,104993
350,"BLECKEDE","LUN",1777.7,11.22,19946,7213.5,10.8,77906,503.8,9.72,4897,3252.4,11.73,38151,2766,69.35,191822
351,"LUNEBURG STADTKREIS","LUN",15,14,210,355.4,10,3554,8.5,14,119,106.3,13.5,1435,285.2,120,34224
352,"LUNEBURG LANDKREIS","LUN",490.4,9.37,4595,8750.2,9.64,84352,135.3,10.05,1360,3754.5,11.96,44904,2590.1,96.04,248753
353,"WINSEN","LUN",334.2,10.29,3439,7470.9,10.77,80462,41.9,9.79,410,3616.2,10.68,38621,2197,114,250458
354,"HARBURG STADTKREIS","LUN",1,12,12,69,12.5,863,2,9,18,45,11,495,97,78,7566
355,"HARBURG LANDKREIS","LUN",153.9,11.73,1805,8725.8,9.78,85338,21,9.57,201,6009,10.76,64657,2229.3,97.41,217156
356,"JORK","STA",1470.1,12.66,18611,1284.1,12.59,16167,54.6,12.3,672,1922.5,15.35,29510,811.5,92.33,74926
357,"STADE","STA",127,9.73,1236,8957.4,7.92,70943,38.9,9.4,366,4220,11.55,48741,2312.2,98.84,228538
358,"KEHDINGEN","STA",2676.8,16.13,43177,1670.2,14.6,24385,420.5,15.49,6514,2660.5,15.43,41052,667.8,122,81472
359,"NEUHAUS","STA",3283.7,12.25,40225,4255.5,10.66,45364,409,11.48,4695,4192.5,10.1,42344,1838.5,78.82,144911
360,"HADELN","STA",2405.7,13.37,32164,1977,11.31,22360,533.4,10.32,5505,3959.9,11.19,44311,430.8,62.93,27110
361,"LEHE","STA",1698.7,13.62,23136,4647.6,9.66,44896,336,11.47,3854,2119.7,10.53,22320,814.7,76.36,62210
362,"GEESTEMUNDE","STA",17.9,12.63,226,5556.8,10.57,58735,3505.6,11.01,38597,1816.4,11.92,21651,1164.9,106.57,124143
363,"OSTERHOLZ","STA",.4,5.5,2,5390.6,7.16,38597,35,3.89,136,778,6.69,5205,1163,60.04,69827
364,"BLUMENTHAL","STA",46.9,9.66,453,2251.1,8.71,19607,89.4,7.57,677,645.6,8.71,5623,655.5,92.04,60332
365,"VERDEN","STA",846.9,14.29,12102,4755.6,12.32,58589,416.2,13.73,5714,2371.2,14.64,34714,1666.3,123.06,205055
366,"ACHIM","STA",8,13.75,110,3623.6,12.07,43737,86.6,11.42,989,1329.9,12.3,16358,915.7,138.18,126531
367,"ROTENBURG","STA",.4,5.3,2,8093.8,10.38,84014,230.4,10.33,2380,2502.1,13.03,32602,1775.8,124.42,220945
368,"ZEVEN","STA",0,0,0,6674.3,10.31,68812,57.3,8.41,482,2723.2,12.23,33305,1197.9,104.91,125672
369,"BREMERVORDE","STA",1.5,7.5,11,4711.4,10.32,48622,15,7.92,119,1505.7,11.47,17270,1097.6,102.46,112460
370,"MEPPEN","OSN",1.5,12.05,18,7674.3,12.51,96005,112.5,11.5,1294,561.7,11.88,6673,1362.9,82.08,111867
371,"ASCHENDORF","OSN",0,0,0,5276.1,11.48,60570,76.6,8.65,663,224.7,9.94,2234,973.3,83,80784
372,"HUMMLING","OSN",0,0,0,6466.4,10.45,67574,58,6.64,385,1085,7.25,7866,833.4,66.4,55338
373,"LINGEN","OSN",18.8,13.2,248,10242.6,10.71,109698,307.1,10.39,3191,1602.3,10.56,16920,2002.5,86.94,174097
374,"BENTHEIM","OSN",34.8,9.85,343,9209.9,12.32,113466,256,7.59,1943,738.5,8.03,5930,2205.5,77.72,171411
375,"BERSENBRUCK","OSN",380,15.46,5875,13462,15,201930,570.5,12.46,7108,5762.3,12.41,71510,3272.4,75.36,246608
376,"OSNABRUCK STADTKREIS","OSN",25,16,400,360,14,5040,60,14.5,870,280,16,4480,503,85,42755
377,"OSNABRUCK LANDKREIS","OSN",844.6,14.59,12323,4311.4,14.55,62731,473.6,13.88,6574,2388.2,14.74,35202,1647.2,87.53,144179
378,"WITTLAGE","OSN",627.2,15.21,9540,4409.9,12.88,56800,264.2,13.21,3490,1899,14.1,26776,1376,68.07,93664
379,"MELLE","OSN",1565.4,20.01,31324,3943.3,18.61,73385,212.7,16.8,3573,2804.5,17.55,49219,1382.8,98.81,136634
380,"IBURG","OSN",510.3,15.48,7899,4019,16.71,67157,459.2,14.55,6681,2330.1,16.69,38889,1326.6,79.18,105040
381,"NORDEN","AUR",726.2,16.17,11743,3466,14.11,48905,336.6,12.14,4086,5749.3,14.49,83307,1024.5,80.73,82708
382,"EMDEN STADTKREIS","AUR",1,22.5,23,2,24,48,0,0,0,15,18,270,14,130,1820
383,"EMDEN LANDKREIS","AUR",1162.6,20.91,24310,1875.6,20.29,38056,255.5,16.87,4310,6109.1,21.87,133606,276.5,90.32,24973
384,"WITTMUND","AUR",489.1,14.31,6999,4581.6,13.03,59698,674.3,10.73,7235,8388.2,11.71,98226,906.8,80.52,73016
385,"AURICH","AUR",38.4,10.09,387,6857,10.57,72478,175.3,7.99,1401,4033.2,11,44365,1569.8,59.47,93356
386,"LEER","AUR",4.5,16,72,6482.6,11.93,77337,148.7,8.63,1283,1569.2,10.58,16602,1784,91.15,162612
387,"WEENER","AUR",773,21.38,16527,1503.2,17.05,25630,297.8,16.61,4946,2416.6,17.15,41445,534.5,96.63,51649
388,"TECKLENBURG","MUN",590,13.66,8059,11320.2,13.5,152823,814.6,13.5,10997,2810.8,13.98,39295,3348.3,123.68,414118
389,"WARENDORF","MUN",1426.6,10.62,15150,7870.9,11.35,89335,791.9,9.24,7317,2385.6,11.21,26743,1904.3,62.49,119000
390,"BECKUM","MUN",4669.8,13.55,63276,5389.5,14.68,79118,2124.5,12.55,26662,5196.1,12.7,65990,2050.6,101.87,208895
391,"LUDINGHAUSEN","MUN",5730,13.26,75980,9031.1,12.69,114605,1182.7,10.36,12253,5473,10.99,60148,2169.6,70.28,152479
392,"MUNSTER STADTKREIS","MUN",11.9,11,131,130.7,15.5,2026,5.9,10.5,62,22,9,198,190.1,150,28515
393,"MUNSTER LANDKREIS","MUN",5124.7,16.79,86044,14774.6,15.05,222358,1141.5,12.46,14223,6476.9,14.18,91842,3084.9,98.75,304634
394,"STEINFURT","MUN",4090.9,11.88,48600,10387.9,10.93,113540,1056.3,10.55,11144,4373.6,12.05,52702,2576.8,93,239642
395,"KOESFELD","MUN",5699.1,14.61,83264,9477.6,12.36,117143,1302.5,10.19,13272,4674.7,11.99,56050,2336.2,90.46,211333
396,"AHAUS","MUN",1496.6,14.53,21746,9262.5,13.38,123932,677.5,11.39,7717,2309.1,13.1,30249,1774.4,87.96,156076
397,"BORKEN","MUN",226.7,12.6,2856,9974.1,11.93,118991,470,11.78,5537,1905,11.57,22041,2544.3,76.93,195733
398,"RECKLINGHAUSEN","MUN",1003.3,14.63,14678,13285.9,13.72,182283,462.1,10.98,5074,4708.8,13.15,61921,3209.3,83.32,267399
399,"MINDEN","MIN",3689.4,15.08,55636,11980.5,15.02,179947,662.8,11.47,7602,5829.5,14.49,84470,4252.8,78.17,332441
400,"LUBBECKE","MIN",1738.7,12.61,21925,10583.5,12.87,136210,406,11.66,4734,2754.5,13.24,36470,2830.7,80.42,227645
401,"HERFORD","MIN",2518.9,16.31,41083,10008.3,16.7,167139,378.4,12.33,4666,6167.3,15.26,94113,3480,89.2,310416
402,"HALLE","MIN",279.3,18.02,5033,4300.2,18.03,77533,151.2,13.99,2115,2649.2,14.35,38016,1511,138.51,209289
403,"BIELEFELD STADTKREIS","MIN",2.3,30,69,105.8,30,3174,0,0,0,35.3,18,635,155.8,150,23370
404,"BIELEFELD LANDKREIS","MIN",498.7,19.56,9755,4301.1,18.19,78237,39.9,13.5,539,2422.7,14.01,33942,1625.8,104.03,169132
405,"WIEDENBRUCK","MIN",347.2,13.09,4545,7572.9,11.54,87391,256.2,10.8,2767,1837,14.2,26085,2514.5,77,193617
406,"PADERBORN","MIN",779.8,11.95,9319,6529.8,12.25,79990,1000.5,9.59,9595,4190,12.14,50867,2615,67.08,175414
407,"BUREN","MIN",1506.6,12.73,19179,6106.9,14.03,85680,418,9.47,3958,10933.8,11.26,123115,2794.8,69.62,194574
408,"WARBURG","MIN",4987.2,15.35,76554,4758.3,14.66,69757,482.2,12.14,5854,8171.7,15.16,123883,1862.2,98.48,183389
409,"HOXTER","MIN",4023.1,14.63,58858,6653.7,14,93152,879.4,10.96,9638,8250.7,11.29,93150,2995.5,90.71,271722
410,"ARNSBERG","ARN",657.1,12.64,8306,3304.4,13.68,45204,148.5,12.28,1824,5701.7,12.75,72697,1981.1,85.08,168552
411,"MESCHEDE","ARN",117,14.02,1640,3377.3,11.54,38974,245,10.82,2651,7547.8,10.95,82648,2193.3,75.96,166603
412,"BRILON","ARN",402.1,11.1,4463,4537.7,10.93,49597,745.7,7.71,5749,7028.4,10.15,71338,2623,66.22,173695
413,"LIPPSTADT","ARN",4291.8,15.3,65665,5388.3,15.57,83896,1333,11.59,15449,7266.3,13.88,100856,2033.6,77.53,157665
414,"SOEST","ARN",7294.2,17.6,128378,7081.1,15.97,113085,787.7,12.77,10059,6900.9,15.17,104687,2672.6,93.53,249968
415,"HAMM","ARN",5284.3,16.55,87455,8358.7,15.02,125548,364.5,10.47,3816,5568.2,13.84,77064,2764.9,95.02,262721
416,"DORTMUND STADTKREIS","ARN",24,25,600,456,25,11400,0,0,0,150,25,3750,400,120,48000
417,"DORTMUND LANDKREIS","ARN",1476.3,17.55,25909,4711.9,16.62,78312,97.8,9.5,929,2180.6,14.24,31052,1536.5,101.61,156124
418,"HORDE","ARN",674.4,14.48,9765,3069,14.08,43212,6.1,15,92,1603.4,10.88,17445,1595.9,82.38,131470
419,"BOCHUM STADTKREIS","ARN",7,20,140,80,16,1280,25,19,475,40,18,720,120,150,18000
420,"BOCHUM LANDKREIS","ARN",1011.1,17.99,18190,2341,16.76,39235,25.3,14.1,357,1017.5,11.56,11762,1474.5,115.84,170806
421,"GELSENKIRCHEN STADTKREIS","ARN",1,14,14,11,16,176,.5,10,5,6,10,60,20,80,1600
422,"GELSENKIRCHEN LANDKREIS","ARN",573.6,13.93,7990,1235.7,13.53,16719,7.9,9,71,567.6,10.98,6232,1120.2,97.05,108715
423,"HATTINGEN","ARN",494.3,12.55,6203,2023.3,12.78,25858,34.4,8.35,287,979.2,10.86,10634,1184,101.55,120235
424,"HAGEN STADTKREIS","ARN",13,13.71,178,91.5,13.71,1254,8,10.18,81,120.1,5.48,658,130,97.62,12691
425,"HAGEN LANDKREIS","ARN",280.5,13.53,3795,1745,13.78,24046,42.6,9.27,395,1817.3,10.28,18682,1276.9,108.62,138697
426,"SCHWELM","ARN",44.8,11.41,511,926,12.2,11297,44.3,7.5,332,1325,9.73,12892,661.9,98,64866
427,"ISERLOHN","ARN",1079.6,11.81,12750,2437,11.5,28026,104.4,8.22,858,2523.8,10.87,27434,1447.4,73.7,106673
428,"ALTENA","ARN",91.6,14.06,1288,2636.9,16.99,44801,131.5,10.67,1403,6257.9,17.34,108512,2647.3,133.21,352647
429,"OLPE","ARN",0,0,0,2251.5,11.73,26410,193.6,8.28,1603,4133.4,9.16,37862,2280.3,106.02,241757
430,"SIEGEN","ARN",.5,16.5,8,2041.9,15.08,30792,89.9,12.19,1096,2270.9,11.36,25797,3029.7,151.37,458606
431,"WITTGENSTEIN","ARN",0,0,0,1028.3,8.67,8915,424.5,7.32,3107,2146.6,9.8,21037,1266,50.81,64325
432,"KASSEL STADTKREIS","KAS",114,26,2964,109,22,2398,0,0,0,101,22.5,2273,86.5,150,12975
433,"KASSEL LANDKREIS","KAS",2075.8,18.16,37697,4457,15.33,68326,147.8,13,1921,4068,18.09,73590,2777.1,112.16,311480
434,"ESCHWEGE","KAS",3391.4,13.16,44631,5568.7,12.27,68328,783.6,10.75,8424,4914.7,12.89,63350,2553.3,86.08,219788
435,"FRITZLAR","KAS",3567,20.16,71911,3683.3,16.48,60701,515.8,16.6,8562,4131.8,19.77,81686,1974.3,98.74,194942
436,"HOFGEISMAR","KAS",2951.3,16.72,49346,5650.9,14.35,81090,236.9,11.92,2824,6504.7,15.78,102644,2669.6,113.94,304174
437,"HOMBERG","KAS",2317.8,14.23,32982,3141.4,12.36,38828,428.8,9.56,4099,3484.9,13.22,46070,1809.5,82.43,149157
438,"MELSUNGEN","KAS",2539.8,16.55,42034,3932.8,13.26,52149,293.2,10.49,3076,3548.6,15.27,54187,1899.5,81.93,155626
439,"ROTENBURG","KAS",2293.9,11.47,26311,5457.7,10.59,57797,264.3,9.55,2524,5492.8,11.16,61300,2280.2,82.76,188709
440,"WITZENHAUSEN","KAS",1878.2,13.41,25187,3253.7,12.45,40509,260,10.57,2748,3271.7,14.41,47145,2022.4,99,200218
441,"WOLFHAGEN","KAS",2444.6,15.55,38014,3960.8,13.27,52560,163.9,12.85,2106,5863.8,14.47,84849,2069.7,90.79,187908
442,"MARBURG","KAS",1670.1,13.44,22446,6057.2,13.28,80440,1375.6,10.2,14031,5975.4,13.16,78636,2094.5,82.96,173760
443,"FRANKENBERG","KAS",933.9,10.12,9451,5038.1,10.84,54613,665.4,8.32,5536,5018.2,11.62,58311,1847.5,81.81,151144
444,"KIRCHHAIN","KAS",869.2,12.01,10439,3483.1,11.48,39986,1270.7,9.87,12542,3276.2,11.6,38004,1472.3,101.54,149497
445,"ZIEGENHAIN","KAS",1918.3,12.66,24286,5762.6,12.57,72436,895.6,10,8956,5472.7,12.03,65837,2230,78.3,174609
446,"FULDA","KAS",1591.2,9.84,15657,5718.8,10.17,58160,1588.8,8.92,14172,6119.1,9.59,58682,2986.2,68.98,205988
447,"HERSFELD","KAS",1874.5,8.83,16552,5434.8,9.86,53587,396.8,7.71,3059,4349,10.46,45491,2312.5,87.25,201766
448,"HUNFELD","KAS",2212.6,9.19,20334,4383.4,9.61,42124,1029.2,7.6,7822,4943.2,10.08,49827,1685.6,76.34,128679
449,"HANAU STADTKREIS","KAS",2,20,40,140,18,2520,2,15,30,100,18,1800,123,120,14760
450,"HANAU LANDKREIS","KAS",2597.1,20.3,52721,2561,18.98,48608,1941.6,16.04,31143,1864.4,17.35,32347,3120.4,127.77,398694
451,"GELNHAUSEN","KAS",1077.5,11.85,12768,4026.8,11.7,47114,1697.4,9.25,15701,3542.3,10.43,36946,3255.6,88.61,288479
452,"SCHLUCHTERN","KAS",1075.9,8.98,9662,3428.1,9.08,31127,1717.9,7.36,12644,3169.1,7.95,25194,2280.1,75.22,171509
453,"SCHMALKALDEN","KAS",63.1,6.42,405,2404.3,6.93,16662,327.4,6.24,2043,1281.1,7.5,9608,1889.3,90.18,170377
454,"SCHAUMBURG","KAS",3860.3,18.25,70450,6957.9,16.4,114110,447.2,13.86,6198,4409.4,16.06,70815,2034.2,86.84,176650
455,"GERSFELD","KAS",357.4,6.8,2430,2614.6,8.61,22512,913.4,7.18,6558,1939,8.43,16346,1262.2,60.38,76212
456,"BIEDENKOPF","WIE",728.7,11.6,8453,5169.3,12.13,62704,1473.1,11.56,17029,4519.8,11.38,51435,2988.8,83.78,250402
457,"DILLKREIS","WIE",238.4,12.82,3056,2681.9,13,34865,1373.6,11.15,15316,2715.1,10.19,27667,2536.5,117.65,298419
458,"OBERWESTERWALDKREIS","WIE",7.6,12.43,94,1802.6,14.52,26174,222.3,9.79,2176,3223.6,10.33,33300,2532.3,119.48,302559
459,"WESTERBURG","WIE",368.4,11.86,4369,2529.8,13.3,33646,1636.6,10.23,16742,3358.8,10.74,36074,2714.5,123.48,335186
460,"UNTERWESTERWALDKREIS","WIE",178.5,12.58,2246,2838.9,15.3,43435,190.5,10.05,1915,3149.1,9.89,31145,2375.9,123.75,294018
461,"OBERLAHNKREIS","WIE",1519.4,12.81,19464,3735.4,13.9,51922,2424.7,12.29,29800,3094,13.79,42666,2788.6,112.32,313216
462,"LIMBURG","WIE",2539.1,13.77,34963,4015.4,17.11,68703,2782.4,12.93,35976,3833,15.36,58875,2750.1,133.12,366093
463,"UNTERLAHNKREIS","WIE",2047.4,12.23,25040,3200.4,15.37,49190,1225.5,11.47,14056,3903.9,13.94,54420,2336.5,117.68,274959
464,"SANKT GOARSHAUSEN","WIE",2164.7,9.66,20911,2848.6,12.22,34810,788.8,8.74,6894,3871.3,9.41,36429,2182.8,71.45,155961
465,"RHEINGAUKREIS","WIE",233,13.61,3171,1465.7,17.92,26265,119.8,12.46,1493,870.1,12.84,11172,1285.5,91,116981
466,"WIESBADEN LANDKREIS","WIE",2377.6,17.27,41061,1789.1,16.89,30218,1573.2,15.29,24054,1652.3,13.85,22884,1924.6,109.63,210994
467,"UNTERTAUNUSKREIS","WIE",1447.5,9.88,14301,4588.2,12.35,56664,497.8,7.8,3883,5491.5,10.61,58265,2785.7,94.05,261995
468,"USINGEN","WIE",324.2,8.87,2876,3004.6,12.03,36145,683.3,8.72,5958,2795,9.84,27503,2147.6,92.23,198073
469,"OBERTAUNUSKREIS","WIE",1051.8,14.19,14925,1456.5,16.95,24688,173.1,10.69,1850,2010.2,12.81,25751,1379.9,100.44,138597
470,"HOCHST","WIE",2019.3,17.73,35802,1094.2,18.18,19893,783.5,14.45,11322,1578.5,14.52,22920,1297.5,127.38,165276
471,"FRANKFURT LANDKREIS","WIE",797,21.7,17295,602.7,20,12054,94.6,16,1514,817.5,18,14715,761.7,140,106637
472,"WIESBADEN STADTKREIS","WIE",142.9,18,2572,161.7,19.28,3118,55.6,14.17,788,218.7,15.71,3436,166.8,123.51,20604
473,"FRANKFURT STADTKREIS","WIE",340,30,10200,252.9,16.37,4140,3.3,13.26,44,335.1,13.58,4550,721.3,94.28,68000
474,"KOBLENZ STADTKREIS","KOB",55,17,935,194.3,17.5,3400,18.7,17.15,320,65.5,12.92,846,263.5,95.64,25200
475,"KOBLENZ LANDKREIS","KOB",1196.5,15.29,18294,3723.8,14.4,53623,827.4,13.02,10773,1508.8,12.3,18558,3838.8,111.97,429827
476,"SANKT GOAR","KOB",655.7,14.43,9462,3237.4,14.61,47299,1251.9,12.54,15699,3497.3,9.37,32770,2030.5,117.14,237850
477,"KREUZNACH","KOB",730.7,14.24,10405,5814.8,13.75,79954,8343.7,9.01,75177,2779,9.73,27040,4037.2,81.95,330847
478,"SIMMERN","KOB",249,12.85,3200,1355,14.4,19512,1196.5,13.02,15578,6263.1,12.3,77036,2622.2,111.97,293608
479,"ZELL","KOB",164.2,12.48,2049,1325.9,14.61,19371,377.7,12.54,4736,2208.1,9.37,20690,1848.8,117.14,216568
480,"KOCHEM","KOB",396.3,10.74,4256,4174.6,13.75,57401,1439.4,9.01,12969,3047,9.73,29647,2858.9,81.95,234287
481,"MAYEN","KOB",2026.2,11.24,22774,7351.2,11.61,85347,4073.8,9.01,36705,3951.7,9.63,38055,6718.4,92.87,623938
482,"ADENAU","KOB",492.4,10.24,5042,3652.3,13.35,48758,382.2,7.23,2763,4034.1,8.82,35581,2480.6,89.1,221021
483,"AHRWEILER","KOB",1780.7,15.33,27298,3260.9,14.17,46207,177.6,10.08,1790,1539.2,13.11,20179,2210.5,69.06,152657
484,"NEUWIED","KOB",886.9,13.41,11893,5064.9,16.07,81393,478.4,11.54,5521,5466.3,12.4,67782,4777.5,103.53,494615
485,"ALTENKIRCHEN","KOB",199.8,12.67,2531,3639.4,13.95,50770,176.4,10,1764,5721.9,11.12,63628,3864.5,114.21,441365
486,"WETZLAR","KOB",1916.3,12.1,23187,4873.7,13.03,63504,2606.8,10.65,27762,4022.9,10.85,43648,3075.1,101.66,312615
487,"MEISENHEIM","KOB",235.2,11.56,2719,1712.6,14.38,24627,1894.5,15.98,30274,930.1,9.1,8464,1417.8,86.14,122129
488,"KLEVE","DUS",2117.8,18.42,39010,7634.7,19.51,148953,305.1,14.44,4406,5081.2,19.32,98169,2659.2,125.16,332825
489,"REES","DUS",1959.2,16.52,32366,5609.3,16.12,90422,159.2,12.27,1953,2751.2,15.57,42836,2828.9,113.25,320373
490,"KREFELD STADTKREIS","DUS",201,21,4221,254,20.2,5131,22,10.1,222,217,20.5,4449,91,123,11193
491,"KREFELD LANDKREIS","DUS",1679.8,21.89,36771,2897,23.59,68340,13.8,16,221,2420.7,22.18,53691,1106.7,104.12,115230
492,"DUISBURG","DUS",18,16.65,300,235,15.67,3682,1,7.34,7,150,11.75,1763,425,78.33,33290
493,"MULHEIM","DUS",535.4,19.46,10419,1491.5,19.83,29576,5.5,9.63,53,796.8,18.62,14836,1104.2,110.23,121716
494,"RUHRORT","DUS",944.8,16.57,15655,4261,17.04,72607,52.6,12.73,670,1833.9,16.55,30351,1720.7,89.6,154175
495,"ESSEN STADTKREIS","DUS",4.5,13.7,62,19,15,285,0,0,0,6,13,78,116,83,9628
496,"ESSEN LANDKREIS","DUS",1461.7,17.64,25784,2366.3,17.74,41978,30.4,13.5,410,1950.9,12.87,25108,1717.1,110.04,188950
497,"MORS","DUS",4105.6,18.42,75625,7680.3,19.05,146310,384.9,14.76,5681,5544.9,16.8,93154,3997.3,108.92,435386
498,"GELDERN","DUS",2125.9,14.55,30932,7247.6,17.27,125166,680.1,13.88,9440,4284.9,14.16,60674,3550.7,107.13,380386
499,"KEMPEN","DUS",2573.6,19.68,50648,6774.8,19.71,133531,26.5,15.5,411,4265.9,19.3,82332,3199.6,120.7,386192
500,"DUSSELDORF STADTKREIS","DUS",87,20.6,1792,470,20.5,9635,0,0,0,385,20.7,7970,506,109.7,55508
501,"DUSSELDORF LANDKREIS","DUS",3432.8,18.87,64777,4906.3,19.14,93907,20.7,15,311,3769.5,18.54,69887,1850.5,110.21,203944
502,"ELBERFELD","DUS",15,20,300,130,7.5,975,0,0,0,239.6,9,2156,95,130,12350
503,"BARMEN","DUS",0,0,0,74.6,23,1716,0,0,0,83.4,16.76,1398,85.3,145.5,12411
504,"METTMANN","DUS",1896.8,15.81,29988,3134.2,14.73,46167,18.2,11,200,3367.8,13.78,46408,1059.3,105.5,111756
505,"REMSCHEID","DUS",0,0,0,55,20,1100,0,0,0,110,13,1430,115,150,17250
506,"LENNEP","DUS",2.5,11.5,29,1521.4,14.05,21376,0,0,0,2499.6,10.86,27146,1232.4,120.64,148677
507,"SOLINGEN STADTKREIS","DUS",50,15,750,147,18.5,2720,1.4,12,17,161,16,2576,81,100,8100
508,"SOLINGEN LANDKREIS","DUS",1204.5,17,20477,4495.1,16.79,75473,27.8,14.83,412,3272.9,12.6,41239,1924.3,98.4,189351
509,"NEUSS","DUS",3223.5,19.14,61698,5097.4,18.69,95270,95.1,16.44,1563,3804.2,17.48,66497,2282.5,106.26,242538
510,"GREVENBROICH","DUS",3986.2,21.67,86381,3445.1,21.15,72864,97.5,19.81,1931,3636.3,22.21,80762,1308.3,115.04,150507
511,"MUNCHEN GLADBACH","DUS",15,18,270,200,20,4000,0,0,0,101,15,1515,96,40,3840
512,"GLADBACH","DUS",1714.2,19.39,33238,3893.8,20.2,78655,19.6,13.6,267,2651.4,19.33,51252,1816,97.71,177441
513,"WIPPERFURTH","KOL",23.5,14.67,345,2156.7,15.38,33170,0,0,0,4296,14.5,62292,1944.5,121.56,236373
514,"WALDBROL","KOL",35,15,525,1823.4,16.75,30542,55,14.97,823,3865.8,11.92,46080,1956,116.67,228207
515,"GUMMERSBACH","KOL",101.1,12.06,1219,1395.7,15.27,21312,134.3,11.1,1491,4268.9,13.09,55880,1941.6,128.64,249767
516,"SIEGKREIS","KOL",3287.7,15.88,52209,7544.8,16.21,122301,346.4,14.24,4933,8641.7,15.37,132823,5304.3,89.49,474682
517,"MULHEIM","KOL",1730.5,13.76,23812,4284.1,15.91,68160,57.4,14.54,835,3645.5,14.66,53443,2375.9,85.89,204066
518,"KOLN STADTKREIS","KOL",1206,25,30150,1037,21,21777,80,10,800,1456,15.4,22422,642,92,59064
519,"KOLN LANDKREIS","KOL",4840.7,21.81,105576,4936.5,19.7,97249,579.5,21.85,12662,4672.2,18.52,86529,1989.2,111.67,222134
520,"BERGHEIM","KOL",5521.6,22.15,122303,5391.4,20.5,110524,254.5,17.41,4431,5415.9,19.89,107722,1475.1,92.82,136919
521,"EUSKIRCHEN","KOL",4717.6,22.13,104400,5388,19.09,102857,1156.2,21.03,24315,5677.2,20.9,118653,2244.5,107.35,240947
522,"RHEINBACH","KOL",3090.2,20.27,62638,3844.7,18.28,70281,530.2,17.81,9443,3949.5,19.34,76383,2142.3,89.89,192571
523,"BONN STADTKREIS","KOL",87,24,2088,201,20,4020,0,0,0,163,24,3912,142,100,14200
524,"BONN LANDKREIS","KOL",2098,20.38,42757,3638.4,19.43,70694,125.7,14.68,1845,2524.7,18.89,47692,2173.5,88.55,192463
525,"DAUN","TRI",338.3,8.61,2913,3202.2,9.62,30805,314.4,7.93,2493,6141.6,8.59,52756,2865.9,88.43,253432
526,"PRUM","TRI",485.7,6.63,3220,3997.4,8.95,35777,116,5.7,661,5693.5,6.19,35243,3110,55.62,172978
527,"BITBURG","TRI",1420.6,8.88,12615,4153.1,11.06,45933,566.2,8.65,4898,7726.4,9.88,76337,4045.2,79.03,319692
528,"WITTLICH","TRI",944.4,9.98,9425,4377.7,12.33,53977,661.6,8.64,5716,4144.6,8.61,35685,3728,89.18,332463
529,"BERNKASTEL","TRI",572,11.15,6378,4240.9,11.48,48686,742.1,9.08,6738,4103.4,8.8,36110,4473.1,124.27,555872
530,"TRIER STADTKREIS","TRI",3.5,13,46,19,14.5,276,6,15,90,6.5,18.5,120,75.2,155,11656
531,"TRIER LANDKREIS","TRI",1582.9,11.17,17681,8203.9,12.38,101564,1397.3,10.29,14378,7056,9.45,66679,8454.8,102.66,867970
532,"SAARBURG","TRI",1086.3,12.18,13231,2003.5,13.7,27448,747.8,9.42,7044,4850.7,11.58,56171,3536.2,83.41,294954
533,"MERZIG","TRI",948.7,10.01,9496,4099.4,12.73,52185,570.8,10.9,6222,3267.9,11.73,38332,4164.7,91.06,379238
534,"SAARLOUIS","TRI",1805.8,9.95,17968,6323.9,13.4,84740,659.8,9.61,6341,4384.9,12.71,55732,6520.4,111.46,726764
535,"SAARBRUCKEN","TRI",644.1,10.64,6853,3553.5,12.87,45734,279.8,10.67,2985,2488.6,10.72,26678,4010.6,93.74,375954
536,"OTTWEILER","TRI",706.1,9.82,6934,3814.2,14.5,55306,421,10.06,4235,2803.1,9.53,26714,3997.5,97.06,387997
537,"SANKT WENDEL","TRI",778.2,11.29,8786,5810.4,13.82,80300,2851.2,11.58,33017,4540.6,9.05,41092,5789.5,100.66,582771
538,"ERKELENZ","AAC",2033,20.14,40945,5438,20.72,112675,4.1,17.83,73,4453.5,22.36,99580,1920,98.8,189696
539,"HEINSBERG","AAC",757.5,17.14,12984,5683.6,18.44,104806,62.4,13.8,861,3687,19.71,72671,1632.6,101.81,166215
540,"GEILENKIRCHEN","AAC",2046.7,16.24,33238,4207,16.67,70131,17.5,17.5,306,2903.1,19.14,55565,1066.5,121.45,129526
541,"JULICH","AAC",5040,20.28,102211,5131.8,20,102636,86.5,17.32,1498,4370.4,20.2,88282,1836.5,92.88,170574
542,"DUREN","AAC",5705.2,19.11,109026,7130.4,18.37,130985,1620,16.4,26568,7685.7,19.59,150563,2487.3,86.53,215226
543,"AACHEN STADTKREIS","AAC",75,16,1200,162,16,2592,0,0,0,136,16,2176,170,100,17000
544,"AACHEN LANDKREIS","AAC",2823.6,20.04,56585,3193.7,16.85,53814,157.3,14.69,2311,3835.5,19.35,74217,1356.8,105.13,142640
545,"EUPEN","AAC",20.9,12.25,256,90.2,14.43,1302,15.8,10.75,170,110.6,9.75,1078,86.1,67.67,5826
546,"MONTJOIE","AAC",1.4,11,15,958.7,13.34,12789,15,10.88,163,2209.6,11.29,24946,1094.4,77.32,84619
547,"SCHLEIDEN","AAC",948.5,12.43,11790,2470.5,11.52,28460,398.9,11.89,4743,6176.6,10.69,66028,2405.4,94.95,228393
548,"MALMEDY","AAC",15,15,225,1950,12.41,24200,4,7,28,4494.2,12.37,55593,1746,90.47,157961
549,"SIGMARINGEN","SIG",346.9,8.47,2938,526.2,7.3,3841,2821.3,7.92,22345,2350.5,9.3,21860,1417.8,49,69472
550,"GAMMERTINGEN","SIG",11.4,4.9,56,290.3,5.34,1550,1198.6,9.33,11183,4299,9.2,39551,1157,45.83,53025
551,"HECHINGEN","SIG",65.5,8.86,580,91,8.41,765,666.7,10.06,6707,1883.9,11.06,20836,1445,53.44,77221
552,"HAIGERLOCH","SIG",781.3,12.27,9587,72.5,10.62,770,1441.8,10.9,15716,600,11.19,6714,520.7,62.9,32752
