kreiskey1866,county,rb,soil1866_are_tot,soil1866_are_loam_hig,soil1866_are_loam_riv,soil1866_are_gcl_hig,soil1866_are_gcl_riv,soil1866_are_cla_tot,soil1866_are_sloa,soil1866_are_san,soil1866_are_swamp,soil1866_are_wat,soil1866_are_lim
1,"ALLENSTEIN","KON",24601,2002,0,0,0,2002,10021,10926,167,1485,129
2,"BRAUNSBERG","KON",17191,582,0,0,0,582,15662,546,261,140,0
3,"PREUSSISCH EYLAU","KON",22369,8726,0,0,0,8726,10829,2149,485,180,0
4,"FISCHHAUSEN","KON",19276,2188,0,0,0,2188,12820,3857,286,125,0
5,"FRIEDLAND","KON",16002,5197,0,0,0,5197,8875,1785,0,145,0
6,"GERDAUEN","KON",15679,8250,0,0,0,8250,5951,1268,0,210,0
7,"HEILIGENBEIL","KON",16451,2796,0,0,0,2796,8620,4914,0,121,0
8,"HEILSBERG","KON",19894,1443,0,0,0,1443,13050,4887,116,398,0
9,"PREUSSISCH HOLLAND","KON",15631,2430,0,0,2819,5249,10147,0,0,235,0
10,"KONIGSBERG","KON",19524,5199,0,0,0,5199,13518,530,0,277,0
11,"LABIAU","KON",19312,2050,201,1478,0,3729,10236,572,4588,187,0
12,"MEMEL","KON",15270,0,0,0,0,0,6851,7232,1070,117,0
13,"MOHRUNGEN","KON",23250,2254,0,0,0,2254,15394,3841,0,1761,0
14,"NEIDENBURG","KON",29702,0,0,0,0,0,15689,11244,1864,905,0
15,"ORTELSBURG","KON",31042,595,0,0,0,595,6634,19619,3033,1161,0
16,"OSTERODE","KON",27891,0,0,0,0,0,17893,8316,188,1494,0
17,"RASTENBURG","KON",15888,2009,0,1351,1943,5303,7574,2731,0,280,0
18,"ROSSEL","KON",15461,4970,72,1078,0,6120,5746,2163,731,701,0
19,"WEHLAU","KON",18985,1328,1330,6390,0,9048,9249,173,319,196,112
20,"ANGERBURG","GUM",16729,1840,0,0,532,2372,9118,1394,1507,2338,0
21,"DARKEHMEN","GUM",13847,1453,0,0,0,1453,9614,2318,341,121,143
22,"GOLDAP","GUM",17835,3076,0,4433,0,7509,8168,1476,139,543,0
23,"GUMBINNEN","GUM",13209,2134,0,0,0,2134,9331,918,719,107,0
24,"HEYDEKRUG","GUM",14558,226,192,0,0,418,3054,5904,4460,722,11
25,"INSTERBURG","GUM",21787,9823,0,6893,0,16716,3954,354,614,149,0
26,"JOHANNISBURG","GUM",30441,0,0,0,0,0,7301,16238,3462,3440,0
27,"LOTZEN","GUM",16247,30,0,0,0,30,9790,2430,1905,2092,0
28,"LYCK","GUM",20481,331,0,0,0,331,14503,3832,183,1632,0
29,"NIEDERUNG","GUM",16229,0,0,0,0,0,9278,2972,3596,383,0
30,"OLETZKO","GUM",15492,311,46,0,0,357,11530,2614,233,758,0
31,"PILLKALLEN","GUM",18975,9682,0,482,0,10164,5400,1967,1346,98,0
32,"RAGNIT","GUM",22320,629,0,0,0,629,13140,7676,407,468,38
33,"SENSBURG","GUM",22356,605,0,0,0,605,9666,8783,394,2908,0
34,"STALLUPONEN","GUM",12770,655,0,345,0,1000,9139,2245,324,62,97
35,"TILSIT LANDKREIS","GUM",14859,0,0,0,0,0,5724,6874,1940,321,0
36,"BERENT","DAN",22377,2836,0,0,0,2836,9128,9425,0,988,0
37,"DANZIG","DAN",19514,0,2051,0,0,2051,11248,4566,1046,603,0
38,"ELBING LANDKREIS","DAN",11256,1242,1184,0,0,2426,6792,833,488,717,201
39,"KARTHAUS","DAN",25339,926,0,0,131,1057,14682,8258,33,1309,136
40,"MARIENBURG IN PREUSSEN","DAN",14709,0,11946,0,0,11946,703,1338,0,722,0
41,"NEUSTADT IN WESTPREUSSEN","DAN",26012,1172,0,0,0,1172,13900,7299,3352,289,0
42,"PREUSSISCH STARGARD","DAN",25141,7395,207,0,0,7602,6453,9883,451,752,0
43,"DEUTSCH KRONE","MAR",38891,451,0,0,0,451,10024,24998,2348,1070,0
44,"FLATOW","MAR",27692,4666,0,207,0,4873,6408,14193,1642,576,0
45,"GRAUDENZ LANDKREIS","MAR",15057,1761,174,2581,0,4516,8159,1684,273,425,0
46,"KONITZ","MAR",41153,2678,0,0,0,2678,14279,19621,2731,1844,95
47,"KULM","MAR",16111,8682,230,1697,0,10609,3344,1565,0,593,0
48,"LOBAU","MAR",17624,1036,0,0,0,1036,9388,6103,466,631,19
49,"MARIENWERDER","MAR",17280,1759,1117,1170,1089,5135,5820,5008,677,640,0
50,"ROSENBERG IN WESTPREUSSEN","MAR",18870,5920,0,0,0,5920,5508,6358,0,1084,0
51,"SCHLOCHAU","MAR",38829,1002,0,0,0,1002,6464,30186,0,1177,0
52,"SCHWETZ","MAR",29950,762,1254,181,0,2197,10207,14984,1566,996,0
53,"STRASBURG","MAR",24414,1498,0,346,0,1844,13716,8213,0,641,0
54,"STUHM","MAR",11628,524,0,1928,813,3265,5351,2802,0,210,0
55,"THORN LANDKREIS","MAR",20584,3276,216,1938,0,5430,6857,7049,508,740,0
56,"BELGARD","KOS",20456,63,0,0,0,63,9142,8821,2305,125,0
57,"BUTOW","KOS",11061,0,0,0,0,0,4403,5571,604,483,212
58,"DRAMBURG","KOS",21562,1060,0,0,0,1060,3952,15165,144,1241,3322
59,"FURSTENTHUM","KOS",43287,5697,0,0,0,5697,17841,17321,1240,1188,0
60,"LAUENBURG IN POMMERN","KOS",22298,73,0,0,0,73,6876,10951,3725,673,21
61,"NEUSTETTIN","KOS",36444,6308,0,0,0,6308,11703,15587,813,2033,3095
62,"RUMMELSBURG","KOS",19809,0,0,0,0,0,5307,13777,382,343,0
63,"SCHIVELBEIN","KOS",9114,74,0,0,0,74,3810,4101,944,185,0
64,"SCHLAWE","KOS",30479,6327,0,0,0,6327,9063,10709,3433,947,99
65,"STOLP LANDKREIS","KOS",40464,1598,0,0,0,1598,16914,13671,6241,2040,0
66,"ANKLAM","STE",11618,0,307,0,0,307,5657,1879,3629,146,0
67,"DEMMIN","STE",17546,2394,0,0,0,2394,13117,867,568,600,0
68,"GREIFENBERG","STE",13880,589,0,0,0,589,7973,2248,2781,289,24
69,"GREIFENHAGEN","STE",17495,88,0,0,619,707,10727,4645,450,966,275
70,"KAMMIN","STE",20627,24,0,0,0,24,2092,14553,3720,238,14
71,"NAUGARD","STE",22299,0,0,0,0,0,7774,12237,2068,220,0
72,"PYRITZ","STE",18928,4450,0,0,106,4556,10374,1164,2026,808,0
73,"RANDOW","STE",24983,902,0,0,355,1257,12967,4221,5699,839,0
74,"REGENWALDE","STE",22119,0,0,0,0,0,17596,3916,0,607,0
75,"SAATZIG","STE",21602,0,0,0,0,0,16002,4804,378,418,0
76,"UCKERMUNDE","STE",15100,5,0,0,0,5,4219,7389,3219,268,0
77,"USEDOM-WOLLIN","STE",12493,299,280,0,0,579,2038,5467,3750,659,34
78,"FRANZBURG","STR",20343,114,276,0,0,390,13784,4661,1209,299,0
79,"GREIFSWALD","STR",17634,329,0,0,0,329,12097,3284,1697,227,0
80,"GRIMMEN","STR",17686,70,0,0,0,70,12775,538,4188,115,0
81,"RUGEN","STR",17564,3891,0,0,0,3891,7175,5872,266,360,765
82,"BROMBERG LANDKREIS","BRO",25436,1360,234,0,211,1805,8036,13770,1141,684,0
83,"CHODZIESEN","BRO",19729,101,0,0,0,101,3464,12119,3772,273,0
84,"CZARNIKAU","BRO",28396,1676,0,0,0,1676,4663,18723,2954,380,0
85,"GNESEN","BRO",20897,2427,0,0,0,2427,12132,4261,1412,665,0
86,"INOWRAZLAW","BRO",30006,0,0,6629,0,6629,10972,7659,3861,885,0
87,"MOGILNO","BRO",16967,237,0,0,0,237,15173,664,133,760,9
88,"SCHUBIN","BRO",21100,1248,0,93,43,1384,8524,7280,3318,594,44
89,"WIRSITZ","BRO",21065,694,91,0,0,785,15652,1687,2526,415,7
90,"WONGROWITZ","BRO",24146,379,0,0,0,379,12377,10669,150,571,0
91,"ADELNAU","POS",16228,445,0,0,5345,5790,0,8333,1929,176,0
92,"BIRNBAUM","POS",23462,0,0,134,572,706,12914,8841,0,1001,0
93,"BOMST","POS",18815,0,0,0,0,0,5520,8388,4330,577,0
94,"BUK","POS",17282,4484,6842,0,0,11326,1712,4131,0,113,0
95,"FRAUSTADT","POS",18167,714,0,0,0,714,3675,10710,2740,328,0
96,"KOSTEN","POS",21088,86,0,0,0,86,14781,627,5333,261,21
97,"KROBEN","POS",18844,2759,0,0,0,2759,11557,2857,1620,51,0
98,"KROTOSCHIN","POS",17305,807,0,340,0,1147,13320,2779,0,59,0
99,"MESERITZ","POS",20925,0,0,431,0,431,8293,11518,0,683,34
100,"OBORNIK","POS",19882,2948,0,363,0,3311,9223,6327,718,303,0
101,"PLESCHEN","POS",18695,0,0,0,0,0,18621,0,0,74,0
102,"POSEN","POS",19856,2094,0,0,0,2094,13076,4231,0,455,0
103,"SAMTER","POS",19801,1380,0,0,0,1380,11772,5864,439,346,0
104,"SCHILDBERG","POS",17747,0,0,0,0,0,7038,10645,0,64,0
105,"SCHRIMM","POS",18618,558,0,0,84,642,10439,7084,41,412,0
106,"SCHRODA","POS",18431,2175,0,0,0,2175,13396,2205,411,244,0
107,"WRESCHEN","POS",12556,1168,0,0,279,1447,5970,5081,0,58,0
108,"ARNSWALDE","FRA",22945,0,0,1522,0,1522,7915,10550,2085,873,0
109,"FRANKFURT","FRA",1053,258,0,324,0,582,161,254,0,56,0
110,"FRIEDEBERG","FRA",19991,117,0,359,211,687,7247,7803,3593,661,0
111,"GUBEN LANDKREIS","FRA",20072,0,0,652,2372,3024,1138,13640,1844,426,0
112,"KALAU","FRA",18075,0,0,0,794,794,4421,11008,1559,293,0
113,"KONIGSBERG IN NEUMARK","FRA",27854,0,0,1945,3450,5395,9128,11665,548,1118,0
114,"KOTTBUS LANDKREIS","FRA",15479,0,0,0,1310,1310,1455,10523,1734,457,0
115,"KROSSEN","FRA",23786,101,0,98,1300,1499,2288,17992,1421,586,0
116,"LANDSBERG LANDKREIS","FRA",21998,253,0,0,1230,1483,13932,4395,1706,482,0
117,"LEBUS","FRA",28559,4,0,328,6288,6620,11853,8928,529,629,0
118,"LUCKAU","FRA",23631,0,0,656,0,656,4591,14129,3981,274,0
119,"LUBBEN","FRA",18866,0,0,24,580,604,753,14550,2399,560,0
120,"SOLDIN","FRA",20804,1880,0,871,0,2751,12849,3104,1192,908,0
121,"SORAU","FRA",22467,569,0,332,396,1297,6525,12463,1853,329,0
122,"SPREMBERG","FRA",5633,0,0,425,0,425,1526,3609,0,73,0
123,"STERNBERG","FRA",40726,0,0,1812,3328,5140,4345,27884,2489,868,0
124,"ZULLICHAU-SCHWIEBUS","FRA",16625,0,0,74,570,644,2891,10582,2126,382,0
125,"ANGERMUNDE","POT",23699,6870,0,104,1368,8342,9734,3625,434,1564,0
126,"BEESKOW-STORKOW","POT",22552,0,0,0,0,0,6274,10893,4021,1364,0
127,"JUTERBOG-LUCKENWALDE","POT",24063,1153,0,0,0,1153,8922,10433,3370,185,0
128,"NIEDERBARNIM + BERLIN","POT",32652,94,0,0,0,94,13582,16819,1345,812,94
129,"OBERBARNIM","POT",22126,608,0,0,2869,3477,13953,4281,0,415,0
130,"OSTHAVELLAND","POT",22418,1923,0,0,0,1923,8038,2996,8610,851,0
131,"OSTPRIGNITZ","POT",34140,0,0,0,0,0,18386,13377,1931,446,0
132,"POTSDAM","POT",233,0,0,0,0,0,179,0,0,54,0
133,"PRENZLAU","POT",20579,14008,0,334,0,14342,3677,827,1019,714,0
134,"RUPPIN","POT",32136,1381,0,0,0,1381,15635,10802,3144,1174,0
135,"TELTOW","POT",30244,7,0,0,0,7,14225,14115,558,1339,7
136,"TEMPLIN","POT",26001,1641,0,400,0,2041,10796,11793,0,1371,70
137,"WESTHAVELLAND","POT",23436,1591,0,0,648,2239,4023,9187,6868,1119,0
138,"WESTPRIGNITZ","POT",26615,223,0,0,3040,3263,15337,6393,1019,603,0
139,"ZAUCH-BELZIG","POT",34940,1945,0,0,0,1945,21279,9022,1676,1018,0
140,"BEUTHEN LANDKREIS","OPP",13727,2007,0,0,0,2007,8771,2883,0,66,515
141,"FALKENBERG","OPP",10932,770,1314,672,0,2756,4331,2796,768,281,0
142,"GROTTKAU","OPP",9424,1419,2826,0,0,4245,3697,1417,0,65,0
143,"KOSEL","OPP",12226,5005,249,763,1591,7708,649,3715,0,154,0
144,"KREUZBURG","OPP",9997,0,0,1270,0,1270,7379,1229,34,85,0
145,"LEOBSCHUTZ","OPP",12524,6342,0,1277,0,7619,4864,0,0,41,0
146,"LUBLINITZ","OPP",18309,1870,0,1671,0,3541,6626,7528,381,233,1870
147,"NEISSE","OPP",12902,1611,1201,4102,0,6914,5606,279,0,103,283
148,"NEUSTADT IN OBERSCHLESIEN","OPP",14485,5177,402,2101,0,7680,2547,3139,1019,100,0
149,"OPPELN LANDKREIS","OPP",25929,610,1604,944,0,3158,1280,20082,1085,324,610
150,"PLESS","OPP",19239,6226,352,0,0,6578,10363,1986,0,312,375
151,"RATIBOR","OPP",15551,6077,635,3407,1299,11418,729,2272,858,274,0
152,"ROSENBERG IN OBERSCHLESIEN","OPP",16352,2713,0,0,0,2713,8936,4591,0,112,0
153,"RYBNIK","OPP",15449,0,196,0,0,196,5810,9280,0,163,0
154,"GROSS STREHLITZ","OPP",16342,1963,467,0,0,2430,1337,12367,56,152,4501
155,"TOST-GLEIWITZ","OPP",16332,2004,572,1035,0,3611,6517,6094,0,110,4492
156,"BRESLAU","BRE",14159,5316,1786,0,0,7102,3820,2952,26,259,0
157,"BRIEG","BRE",10947,483,1262,457,0,2202,4740,3840,0,165,0
158,"FRANKENSTEIN","BRE",8700,7112,782,673,0,8567,87,0,0,46,0
159,"GLATZ","BRE",9614,9163,404,0,0,9567,0,0,0,47,0
160,"GUHRAU","BRE",12320,0,907,0,0,907,7203,2441,1667,102,0
161,"HABELSCHWERDT","BRE",14364,14316,0,0,0,14316,0,0,0,48,205
162,"MILITSCH","BRE",16881,64,0,763,0,827,5498,8286,1018,1252,0
163,"MUNSTERBERG","BRE",6240,3528,0,603,550,4681,1346,190,0,23,0
164,"NAMSLAU","BRE",10605,0,0,0,0,0,4197,6353,0,55,0
165,"NEUMARKT","BRE",12834,5146,3360,478,377,9361,1897,1295,159,122,0
166,"NEURODE","BRE",5757,5739,0,0,0,5739,0,0,0,18,0
167,"NIMPTSCH","BRE",6881,3740,0,259,2625,6624,185,47,0,25,32
168,"OLS","BRE",16318,0,0,0,0,0,8284,7908,0,126,0
169,"OHLAU","BRE",11186,0,327,0,660,987,6220,3716,129,134,0
170,"REICHENBACH","BRE",6568,6535,0,0,0,6535,0,0,0,33,0
171,"SCHWEIDNITZ LANDKREIS","BRE",10747,5095,3630,232,1294,10251,450,0,0,46,232
172,"STEINAU","BRE",7598,0,1263,0,0,1263,3100,3063,37,135,0
173,"STREHLEN","BRE",6251,2950,156,0,0,3106,2646,425,49,25,59
174,"STRIEGAU","BRE",5433,1785,302,0,3327,5414,0,0,0,19,0
175,"TREBNITZ","BRE",14922,3132,802,3178,0,7112,1970,5750,0,90,0
176,"WALDENBURG","BRE",6852,5946,692,122,0,6760,75,0,0,17,122
177,"GROSS WARTENBERG","BRE",14744,2280,325,0,0,2605,2624,8166,1070,279,0
178,"WOHLAU","BRE",14639,1610,388,59,832,2889,5015,5950,588,197,0
179,"BOLKENHAIN","LIE",6513,3886,0,1393,420,5699,786,0,0,28,576
180,"BUNZLAU","LIE",18869,1164,1100,111,99,2474,3495,11462,1345,93,256
181,"FREISTADT","LIE",15916,400,995,0,409,1804,5487,7849,411,365,0
182,"GLOGAU","LIE",16995,2622,0,0,3307,5929,6217,4208,401,240,0
183,"GORLITZ LANDKREIS","LIE",15907,3571,466,1532,0,5569,3234,6927,17,160,0
184,"GOLDBERG-HAINAU","LIE",11072,4108,621,2961,0,7690,874,2459,0,49,0
185,"GRUNBERG","LIE",15554,201,112,0,2308,2621,581,10992,1128,232,0
186,"HIRSCHBERG","LIE",10863,5736,0,352,120,6208,4535,0,0,120,0
187,"HOYERSWERDA","LIE",15754,0,48,0,10,58,3595,10642,822,637,0
188,"JAUER","LIE",5946,5784,0,148,0,5932,0,0,0,14,148
189,"LANDESHUT","LIE",7218,0,0,5322,1261,6583,619,0,0,16,332
190,"LAUBAN","LIE",9404,0,546,3215,409,4170,5174,0,0,60,0
191,"LIEGNITZ LANDKREIS","LIE",11586,5788,864,1629,208,8489,2986,0,0,111,0
192,"LOWENBERG","LIE",13597,446,1278,3229,507,5460,7381,0,671,85,1149
193,"LUBEN","LIE",11445,0,0,0,379,379,3310,6868,858,30,0
194,"ROTHENBURG","LIE",20603,766,0,0,0,766,5720,12884,626,607,0
195,"SAGAN","LIE",20137,547,1413,0,0,1960,10518,7476,0,183,0
196,"SCHONAU","LIE",6333,4258,0,1318,393,5969,331,0,0,33,755
197,"SPROTTAU","LIE",13205,422,300,0,0,722,4724,7091,611,57,0
198,"ASCHERSLEBEN","MAG",8174,5413,128,1066,0,6607,1436,71,0,60,94
199,"GARDELEGEN","MAG",23775,0,0,1244,0,1244,2468,15402,4564,97,530
200,"HALBERSTADT LANDKREIS","MAG",8928,5288,0,1301,1962,8551,245,0,74,58,612
201,"JERICHOW I","MAG",24920,4321,4148,672,0,9141,6832,8113,460,374,0
202,"JERICHOW II","MAG",25026,83,3360,1978,0,5421,3131,13255,2465,754,0
203,"KALBE","MAG",9558,4040,870,0,882,5792,2503,630,353,280,0
204,"MAGDEBURG","MAG",1010,642,0,0,299,941,0,0,0,69,0
205,"NEUHALDENSLEBEN","MAG",12300,4351,0,210,0,4561,3063,3936,683,57,528
206,"OSCHERSLEBEN","MAG",9187,0,0,7410,969,8379,0,0,744,64,1795
207,"OSTERBURG","MAG",20059,390,4234,0,2520,7144,5776,5032,1572,535,0
208,"SALZWEDEL","MAG",22012,4625,0,0,1976,6601,5470,8464,1375,102,0
209,"STENDAL","MAG",16303,0,0,651,0,651,5209,8586,1618,239,0
210,"WANZLEBEN","MAG",9874,6779,0,0,0,6779,3010,0,0,85,479
211,"WERNIGERODE","MAG",5051,1316,0,3684,0,5000,0,0,20,31,537
212,"WOLMIRSTEDT","MAG",12637,3779,0,0,1641,5420,572,6213,225,207,90
213,"BITTERFELD","MER",12656,2945,708,0,0,3653,2603,6261,0,139,0
214,"DELITZSCH","MER",13701,5022,1562,0,0,6584,5287,1670,0,160,0
215,"ECKARTSBERGA","MER",10188,4473,1233,3014,619,9339,772,0,0,77,1426
216,"HALLE","MER",452,445,0,0,0,445,0,0,0,7,0
217,"LIEBENWERDA","MER",14414,327,990,0,35,1352,5934,6674,202,252,0
218,"MANSFELDER GEBIRGSKR","MER",8841,2834,0,5969,0,8803,0,0,0,38,0
219,"MANSFELDER SEEKREIS","MER",10797,9502,0,394,0,9896,632,0,0,269,343
220,"MERSEBURG","MER",10441,7876,1809,0,0,9685,602,0,0,154,0
221,"NAUMBURG","MER",2787,1145,394,0,0,1539,1209,0,0,39,0
222,"QUERFURT","MER",12423,7376,800,2273,0,10449,1596,306,0,72,547
223,"SAALKREIS","MER",9280,8130,0,0,0,8130,0,1028,0,122,0
224,"SANGERHAUSEN","MER",14060,4964,3589,3788,700,13041,891,0,0,128,406
225,"SCHWEINITZ","MER",18467,331,598,0,0,929,1928,14938,443,229,0
226,"TORGAU","MER",17905,2675,2802,0,0,5477,9868,2063,185,312,0
227,"WEISSENFELS LANDKREIS","MER",9150,7056,281,1745,0,9082,0,0,0,68,1745
228,"WITTENBERG","MER",14976,0,3393,0,0,3393,1879,9321,115,268,0
229,"ZEITZ LANDKREIS","MER",4822,470,824,3383,0,4677,0,0,0,145,0
230,"ERFURT LANDKREIS","ERF",5911,2010,821,2584,134,5549,292,0,26,44,660
231,"HEILIGENSTADT","ERF",7873,3163,559,3205,0,6927,697,179,29,41,4165
232,"LANGENSALZA","ERF",7665,3465,681,3387,43,7576,0,0,0,89,886
233,"MUHLHAUSEN LANDKREIS","ERF",8292,1971,780,5318,28,8097,85,47,0,63,2004
234,"NORDHAUSEN LANDKREIS","ERF",9021,1947,758,2618,0,5323,3308,314,0,76,1814
235,"SCHLEUSINGEN","ERF",8327,347,511,1007,0,1865,4623,1811,0,28,343
236,"WEISSENSEE","ERF",5297,2863,847,432,336,4478,758,0,0,61,0
237,"WORBIS","ERF",8082,1335,908,719,0,2962,4645,436,10,29,0
238,"ZIEGENRUCK","ERF",3549,584,100,636,0,1320,2023,159,0,47,129
239,"BIELEFELD LANDKREIS","MIN",4963,1556,0,945,213,2714,211,2030,0,8,766
240,"BUREN","MIN",13888,967,91,9568,0,10626,1514,934,810,4,7838
241,"HALLE","MIN",5518,457,0,1183,0,1640,629,3243,0,6,944
242,"HERFORD","MIN",7951,6672,76,377,86,7211,706,0,24,10,130
243,"HOXTER","MIN",13019,4347,2375,5787,429,12938,77,0,0,4,6529
244,"LUBBECKE","MIN",10225,2139,0,468,455,3062,946,5292,922,3,176
245,"MINDEN","MIN",10685,3157,922,0,0,4079,1812,3809,981,4,0
246,"PADERBORN","MIN",10790,3646,79,136,301,4162,1370,5014,239,5,3514
247,"WARBURG","MIN",9321,3720,178,1948,0,5846,2842,444,186,3,943
248,"WIEDENBRUCK","MIN",9000,0,0,199,0,199,1679,6943,169,10,0
249,"AHAUS","MUN",12409,667,0,507,0,1174,1114,9608,510,3,790
250,"BECKUM","MUN",12418,1503,0,8991,0,10494,514,1402,0,8,4117
251,"BORKEN","MUN",11791,406,92,0,0,498,3373,6911,1000,9,123
252,"KOESFELD","MUN",13678,2959,0,2331,0,5290,2684,5162,533,9,1412
253,"LUDINGHAUSEN","MUN",12658,855,362,3535,131,4883,5278,817,1668,12,1546
254,"MUNSTER","MUN",15622,5595,618,711,0,6924,2130,6420,131,17,96
255,"RECKLINGHAUSEN LANDKREIS","MUN",14168,1221,386,0,539,2146,974,10869,164,15,0
256,"STEINFURT","MUN",13971,1090,1013,794,186,3083,2467,6077,2339,5,1189
257,"TECKLENBURG","MUN",14700,1553,0,481,92,2126,2789,4821,4939,25,986
258,"WARENDORF","MUN",10156,164,0,2295,0,2459,261,6290,1133,13,164
259,"ALTENA","ARN",12066,11715,350,0,0,12065,0,0,0,1,58
260,"ARNSBERG","ARN",12295,11639,529,124,0,12292,0,0,0,3,1541
261,"BOCHUM LANDKREIS","ARN",6536,5262,268,77,0,5607,197,726,0,6,0
262,"BRILON","ARN",14330,13325,0,0,0,13325,1004,0,0,1,2502
263,"DORTMUND LANDKREIS","ARN",8033,3062,411,1992,900,6365,652,1008,0,8,0
264,"HAGEN LANDKREIS","ARN",7568,6549,686,296,36,7567,0,0,0,1,264
265,"HAMM LANDKREIS","ARN",8222,1757,106,2135,466,4464,1831,1922,0,5,0
266,"ISERLOHN","ARN",6014,5363,649,0,0,6012,0,0,0,2,1067
267,"LIPPSTADT","ARN",9076,6858,77,432,56,7423,1296,347,6,4,4147
268,"MESCHEDE","ARN",14183,13777,229,175,0,14181,0,0,0,2,1503
269,"OLPE","ARN",11221,10871,348,0,0,11219,0,0,0,2,615
270,"SIEGEN","ARN",11742,11253,487,0,0,11740,0,0,0,2,0
271,"SOEST","ARN",9624,5955,3256,97,0,9308,70,203,37,6,0
272,"WITTGENSTEIN","ARN",8787,7627,1060,0,98,8785,0,0,0,2,232
273,"BARMEN","DUS",395,106,0,289,0,395,0,0,0,0,172
274,"DUSSELDORF LANDKREIS","DUS",7459,1760,458,229,404,2851,3228,1328,34,18,1334
275,"DUISBURG","DUS",8512,543,0,241,1054,1838,1988,4527,146,13,241
276,"ESSEN LANDKREIS","DUS",517,89,0,428,0,517,0,0,0,0,147
277,"ELBERFELD","DUS",3602,1730,55,1224,100,3109,386,84,19,4,513
278,"GELDERN","DUS",9869,455,309,0,0,764,6257,2770,5,73,0
279,"GLADBACH","DUS",4355,0,0,235,1335,1570,1798,197,786,4,235
280,"GREVENBROICH","DUS",4305,824,0,1973,0,2797,1094,0,409,5,2797
281,"KEMPEN","DUS",7186,2880,0,0,0,2880,2118,1055,1104,29,0
282,"KLEVE","DUS",9222,72,1681,170,918,2841,5240,446,665,30,0
283,"KREFELD LANDKREIS","DUS",3377,394,166,0,110,670,1863,562,268,14,0
284,"LENNEP","DUS",5507,374,0,3914,1216,5504,0,0,0,3,0
285,"METTMANN","DUS",4548,1677,0,2793,0,4470,29,41,0,8,1216
286,"MORS","DUS",10258,0,660,0,1859,2519,5981,1511,203,44,0
287,"NEUSS","DUS",5331,197,280,802,179,1458,2997,771,102,3,961
288,"REES","DUS",9513,46,0,0,3029,3075,1901,4417,59,61,0
289,"SOLINGEN LANDKREIS","DUS",5330,783,163,1921,182,3049,1875,400,0,6,699
290,"WIPPERFURTH","KOL",5659,1356,0,3870,0,5226,432,0,0,1,50
291,"GUMMERSBACH","KOL",5910,254,0,5457,0,5711,199,0,0,0,77
292,"WALDBROL","KOL",5450,98,0,4659,530,5287,161,0,0,2,98
293,"SIEGKREIS","KOL",13904,515,647,9402,0,10564,1777,1550,0,13,64
294,"MULHEIM RHEIN LANDKREIS","KOL",7053,2417,346,0,359,3122,1438,2488,0,5,350
295,"KOLN","KOL",8227,1062,1955,693,0,3710,3885,627,0,5,0
296,"BERGHEIM","KOL",6600,2499,59,493,52,3103,2964,0,526,7,0
297,"EUSKIRCHEN","KOL",6653,559,2798,1835,711,5903,112,632,0,6,37
298,"RHEINBACH","KOL",7207,3770,81,452,615,4918,2273,12,0,4,85
299,"BONN LANDKREIS","KOL",5514,54,917,409,0,1380,4009,121,0,4,0
300,"AACHEN LANDKREIS","AAC",6145,3409,257,310,183,4159,1958,15,0,13,999
301,"AACHEN STADTKREIS","AAC",552,191,16,14,32,253,206,90,0,3,15
302,"DUREN","AAC",10219,3694,0,1771,233,5698,4088,418,0,15,199
303,"ERKELENZ","AAC",5248,2456,186,0,0,2642,892,1604,98,12,1096
304,"EUPEN","AAC",3194,248,0,1661,0,1909,862,114,305,4,248
305,"GEILENKIRCHEN","AAC",3591,1416,243,66,54,1779,1436,320,54,2,0
306,"HEINSBERG","AAC",4409,0,0,0,590,590,2365,1447,0,7,0
307,"JULICH","AAC",5782,3894,260,0,0,4154,1248,218,158,4,0
308,"MALMEDY","AAC",14764,2237,97,9600,633,12567,395,0,1800,2,0
309,"MONTJOIE","AAC",6566,2501,238,2478,0,5217,0,0,1348,1,0
310,"SCHLEIDEN","AAC",14961,13760,37,524,588,14909,0,48,0,4,3001
311,"ADENAU","KOB",9973,130,157,9466,0,9753,220,0,0,0,130
312,"AHRWEILER","KOB",6741,2448,1177,2873,0,6498,243,0,0,0,0
313,"ALTENKIRCHEN","KOB",11578,0,773,10300,0,11073,503,0,0,2,0
314,"SANKT GOAR","KOB",8429,232,14,8062,0,8308,121,0,0,0,0
315,"KOBLENZ LANDKREIS","KOB",4930,1140,738,867,198,2943,1986,0,0,1,0
316,"KOCHEM","KOB",9116,1307,591,6603,520,9021,95,0,0,0,0
317,"KREUZNACH","KOB",10093,0,824,8468,0,9292,784,0,0,17,47
318,"MAYEN","KOB",10505,1500,210,3786,0,5496,4947,0,0,62,0
319,"NEUWIED","KOB",11257,2313,356,6586,0,9255,2000,0,0,2,0
320,"SIMMERN","KOB",10366,65,0,10299,0,10364,0,0,0,2,0
321,"WETZLAR","KOB",9626,1547,179,7900,0,9626,0,0,0,0,0
322,"ZELL","KOB",6752,112,148,6492,0,6752,0,0,0,0,0
323,"BERNKASTEL","TRI",12146,19,287,11532,66,11904,0,133,0,109,0
324,"BITBURG","TRI",14155,8123,0,1721,0,9844,3178,1093,0,40,2546
325,"DAUN","TRI",11079,7742,889,0,0,8631,2389,0,24,35,1299
326,"MERZIG","TRI",7590,4412,156,263,0,4831,1087,1632,0,40,976
327,"OTTWEILER","TRI",5579,2782,515,1551,210,5058,0,506,0,15,0
328,"PRUM","TRI",16676,2744,0,1903,0,4647,10434,1564,0,31,1613
329,"SAARBRUCKEN","TRI",6985,2509,0,1693,0,4202,374,2373,0,36,671
330,"SAARBURG","TRI",8230,5863,925,0,0,6788,1244,63,41,94,3092
331,"SAARLOUIS","TRI",8060,1433,0,819,0,2252,2357,3302,91,58,1541
332,"TRIER","TRI",18478,2130,1010,12147,0,15287,1036,1922,0,233,2159
333,"SANKT WENDEL","TRI",9757,1392,182,4459,347,6380,3343,0,0,34,0
334,"WITTLICH","TRI",11638,6771,64,257,63,7155,2001,2414,0,68,228
