kreiskey1849,county,rb,fac1849_spin_woolyarn_workers,fac1849_spin_combyarn_workers,fac1849_spin_cotton_workers,fac1849_spin_flax_workers,fac1849_spin_tow_workers,fac1849_looms_silk_masters,fac1849_looms_silk_assistants,fac1849_looms_cotton_masters,fac1849_looms_cotton_assistants,fac1849_looms_linen_masters,fac1849_looms_linen_assistants,fac1849_looms_wool_masters,fac1849_looms_wool_assistants,fac1849_looms_hosiery_masters,fac1849_looms_hosiery_assistants,fac1849_looms_band_masters,fac1849_looms_band_assistants,fac1849_looms_others_masters,fac1849_looms_others_assistants,fac1849_fact_thread_workers,fac1849_fact_silk_ao_workers,fac1849_wool_cloth_workers,fac1849_halfwool_cloth_workers,fac1849_cotton_workers,fac1849_linen_workers,fac1849_silk_workers,fac1849_shawl_workers,fac1849_band_workers,fac1849_carpet_workers,fac1849_passement_workers,fac1849_hosiery_workers,fac1849_laces_workers,fac1849_bleach_unit_workers,fac1849_bleach_yarn_workers,fac1849_dye_turkeyred_workers,fac1849_dye_silk_workers,fac1849_dye_others_workers,fac1849_print_workers,mill1849_water_masters,mill1849_water_assistants,mill1849_post_mills_masters,mill1849_post_mills_assistants,mill1849_dutchmills_masters,mill1849_dutchmills_assistants,mill1849_animals_workers,mill1849_steam_workers,mill1849_oil_workers,mill1849_fulling_workers,mill1849_tan_workers,mill1849_saw_german_workers,mill1849_saw_dutch_workers,mill1849_saw_circular_workers,mill1849_other_workers,fac1849_ironworks_workers,fac1849_wireworks_workers,fac1849_rake_workers,fac1849_sewingneedle_workers,fac1849_fixingpin_workers,fac1849_ironware_workers,fac1849_steel_workers,fac1849_steelware_workers,fac1849_copperhammer_workers,fac1849_brass_workers,fac1849_smeltery_workers,fac1849_bronzeware_workers,fac1849_engines_workers,fac1849_glassworks_workers,fac1849_grindery_workers,fac1849_mirrorglass_workers,fac1849_porcelain_workers,fac1849_earthenware_workers,fac1849_chemicals_workers,fac1849_potboilery_workers,fac1849_limekiln_workers,fac1849_brickworks_workers,fac1849_tarfurnace_workers,fac1849_cerecloth_workers,fac1849_paper_workers,fac1849_wallpaper_workers,fac1849_rubbergoods_workers,fac1849_leather_workers,fac1849_glue_workers,fac1849_cigar_workers,fac1849_sugarrefinery_workers,fac1849_mangold_sugar_workers,fac1849_starch_workers,fac1849_writing_workers,fac1849_specialpaper_workers,fac1849_cardboard_workers,fac1849_umbrella_workers,fac1849_paintshop_workers,fac1849_gold_silver_workers,fac1849_germansilver_workers,fac1849_gunpowder_workers,fac1849_cement_workers,fac1849_wadding_workers,fac1849_hairspinnery_workers,fac1849_glaze_workers,fac1849_button_workers,fac1849_railwaycar_workers,fac1849_waxproduct_workers,fac1849_chocolate_workers,fac1849_soap_workers,fac1849_vinegar_workers,fac1849_playingcard_workers,fac1849_beer_workers,fac1849_brandy_workers,fac1849_distillery_workers,fac1849_perfumery_workers,fac1849_metalletter_workers,fac1849_threadeye_workers,fac1849_metalfoundry_workers,fac1849_copper_workers,fac1849_gasandcoke_workers,fac1849_flax_workers,fac1849_pineseed_workers,fac1849_fabricflower_workers,fac1849_rope_workers,fac1849_pipetube_workers,fac1849_cheese_workers,fac1849_others_workers
1,"Memel","KON",0,0,0,0,0,0,0,0,0,2,0,0,0,0,0,0,0,0,0,0,0,0,0,0,0,0,0,0,0,0,0,0,0,0,0,0,0,0,7,12,15,31,11,29,5,0,6,0,0,0,216,0,0,0,0,0,0,0,0,0,0,0,0,0,0,0,0,0,0,0,0,0,0,9,5,0,0,0,0,0,0,0,0,0,0,0,0,0,0,0,0,0,0,0,2,0,0,0,0,0,0,0,5,0,0,38,29,8,0,0,0,0,0,0,0,0,0,0,0,0,0
2,"Fischhausen","KON",0,0,0,0,0,0,0,0,0,1,0,0,0,0,0,0,0,0,0,0,0,0,0,0,0,0,0,0,0,0,0,0,0,0,0,0,0,0,21,29,13,14,12,36,19,0,3,0,2,0,0,0,0,0,0,0,0,0,0,0,0,0,0,0,0,0,0,0,0,0,0,0,0,5,10,0,0,0,0,0,0,0,0,0,0,0,0,0,0,0,0,0,0,0,0,0,0,0,0,0,0,0,0,0,0,32,29,2,0,0,0,0,0,0,0,0,0,0,0,0,0
3,"Königsberg Stadt","KON",11,0,0,0,0,0,0,1,1,4,2,8,9,1,12,0,0,8,7,65,0,0,3,0,0,0,0,0,0,0,13,0,0,13,0,0,11,6,4,22,0,0,2,9,6,12,48,2,5,0,0,0,22,0,0,74,0,0,0,0,0,0,0,0,0,208,0,0,0,0,0,14,0,1,0,0,0,0,4,0,19,0,186,346,0,0,0,17,0,13,5,0,0,0,8,17,0,2,0,0,0,16,19,9,0,199,0,50,3,8,0,0,0,0,0,0,0,0,0,0,0
4,"Königsberg Land","KON",0,0,0,0,0,0,0,0,0,0,0,0,0,0,0,0,0,0,0,0,0,0,0,0,0,0,0,0,0,0,0,0,0,0,0,0,0,0,13,26,24,33,15,38,8,0,7,1,0,4,0,0,0,0,0,0,0,0,0,0,0,0,0,0,0,0,0,0,0,0,0,0,0,0,104,0,0,64,0,0,0,0,0,0,0,0,0,0,0,0,0,0,0,0,0,0,0,0,0,0,0,0,0,0,0,52,33,0,0,0,0,0,0,0,0,0,0,0,0,0,0
5,"Labiau","KON",0,0,0,0,0,0,0,0,0,2,0,0,0,0,0,0,0,0,0,0,0,0,0,0,0,0,0,0,0,0,0,0,0,0,0,0,3,0,5,9,32,40,4,5,27,0,7,1,3,1,0,0,0,0,0,0,0,0,0,0,0,0,0,0,0,0,0,0,0,0,0,0,0,5,75,0,0,0,0,0,0,0,0,0,0,0,0,0,0,0,0,0,0,0,0,0,0,0,0,0,0,0,0,1,0,45,36,4,0,0,0,0,0,0,0,0,0,0,0,0,0
6,"Welau","KON",56,0,0,0,0,0,0,0,60,1,19,0,57,0,0,0,0,0,0,0,0,30,27,60,18,0,0,0,0,0,0,0,0,0,0,0,0,12,12,24,20,17,5,4,16,0,27,0,9,1,5,0,1,0,0,0,0,0,4,0,0,3,0,0,0,0,28,0,0,0,0,0,0,30,348,0,0,0,0,0,0,0,0,0,0,0,0,0,0,0,0,0,0,0,0,0,0,0,0,0,0,0,0,2,0,44,65,5,0,0,0,0,0,0,0,0,0,0,0,0,0
7,"Gerdauen","KON",0,0,0,0,0,0,0,0,0,1,0,4,7,0,0,0,0,0,0,0,0,0,0,0,0,0,0,0,0,0,0,0,0,0,0,0,0,0,5,15,12,12,3,4,15,0,20,0,4,1,0,0,0,0,0,0,0,0,0,0,0,0,0,0,0,0,0,0,0,0,0,0,0,2,48,0,0,0,0,0,0,0,0,0,0,0,0,0,0,0,0,0,0,0,0,0,0,0,0,0,0,0,0,0,0,22,36,0,0,0,0,0,0,0,0,0,0,0,0,0,0
8,"Rastenburg","KON",0,0,0,0,0,0,0,0,0,0,0,0,0,0,0,0,0,0,0,0,0,0,0,0,0,0,0,0,0,0,0,0,0,0,0,0,16,0,11,30,7,6,3,8,29,0,17,1,6,0,0,0,0,0,0,0,0,0,0,0,0,0,0,0,0,0,0,0,0,0,0,0,0,1,49,0,0,0,0,0,0,0,2,0,0,0,0,0,0,0,0,0,0,0,0,3,0,0,0,0,0,0,5,3,0,29,64,3,0,0,0,0,0,0,0,0,0,0,0,0,0
9,"Friedland","KON",0,0,0,0,0,0,0,0,0,1,0,9,1,0,0,0,0,0,0,0,0,0,0,0,0,0,0,0,0,0,0,0,0,0,0,0,0,0,17,32,13,13,7,7,18,0,13,0,4,6,0,0,0,0,0,0,0,0,0,0,0,0,0,0,0,0,0,0,0,0,0,0,0,0,52,0,0,0,0,0,0,0,3,0,0,4,0,0,0,0,0,0,0,0,0,2,0,0,0,12,0,0,2,9,0,44,59,6,0,0,0,0,0,0,0,0,0,0,0,0,0
10,"Preuss. Eilau","KON",5,0,0,0,0,0,0,1,4,0,0,0,0,0,0,0,0,0,0,0,0,0,0,4,0,0,0,0,0,0,0,0,0,0,0,0,0,9,25,40,13,13,10,10,8,0,4,2,0,4,0,0,0,6,0,0,0,0,0,0,0,0,0,0,0,0,12,0,0,0,0,0,0,4,34,0,0,2,0,0,0,0,0,0,0,0,0,0,0,0,0,0,0,0,0,0,0,0,0,0,0,0,0,1,0,65,76,1,0,0,0,0,0,0,0,0,0,0,0,0,0
11,"Heiligenbeil","KON",0,0,0,0,0,0,0,0,0,2,2,38,18,0,0,0,0,0,0,0,0,0,0,0,0,0,0,0,0,0,0,0,0,0,0,0,7,0,22,39,6,6,11,14,6,0,2,2,4,14,0,0,0,0,0,0,0,0,20,0,0,0,0,0,0,0,0,0,0,0,0,0,0,4,40,0,0,16,0,0,0,2,0,0,0,0,0,0,0,0,0,0,0,0,0,0,0,0,0,0,0,0,0,0,0,34,61,1,0,0,0,0,0,0,0,0,0,0,0,0,0
12,"Braunsberg","KON",49,0,0,0,0,0,0,2,9,0,0,33,18,0,0,0,0,0,0,0,0,8,0,9,0,0,0,0,0,0,0,0,0,0,0,0,4,3,23,37,3,2,2,2,1,0,34,4,5,7,0,0,4,0,0,0,0,0,0,0,0,0,0,0,0,0,0,0,0,0,0,0,0,0,15,0,0,8,0,0,0,0,14,0,0,0,0,0,0,0,0,0,0,0,0,0,0,0,0,0,0,0,3,2,0,61,13,1,0,0,0,0,0,0,0,0,0,0,0,0,0
13,"Heilsberg","KON",4,0,0,0,0,0,0,0,0,3,7,5,2,0,0,0,0,0,0,3,0,35,0,0,7,0,0,0,0,0,0,0,25,0,0,0,7,4,19,23,11,10,2,5,3,0,6,3,1,2,0,0,0,0,0,0,0,0,0,0,0,0,0,0,0,0,0,0,0,0,0,0,0,11,5,0,0,0,0,0,0,0,0,0,0,0,0,0,0,0,0,0,0,0,0,3,0,1,0,0,0,0,2,3,0,34,33,1,0,0,0,0,0,0,0,0,0,0,0,0,0
14,"Rössel","KON",0,0,0,0,0,0,0,0,0,1,0,3,4,0,0,0,0,0,0,0,0,1,0,0,0,0,0,0,0,0,0,0,0,0,0,0,0,0,16,46,2,4,2,3,13,0,0,2,4,1,0,0,0,0,0,0,0,0,0,0,0,0,0,0,0,0,0,0,0,0,0,0,0,0,31,0,0,0,0,0,0,0,0,0,0,0,0,0,0,0,0,0,0,0,0,0,0,0,0,0,0,0,0,3,0,17,25,0,0,0,0,0,0,0,0,0,0,0,0,0,0
15,"Allenstein","KON",0,4,0,0,0,0,0,0,0,1,37,0,0,0,0,0,0,0,0,0,0,0,0,0,66,0,0,0,0,0,0,0,0,0,0,0,0,0,31,21,2,1,0,2,2,0,0,4,1,12,0,0,6,0,0,0,0,0,0,0,0,0,0,0,0,0,81,0,0,0,0,0,0,16,15,9,0,20,0,0,0,0,0,0,0,3,0,0,0,0,0,0,0,0,0,0,0,0,0,0,0,0,0,4,0,27,40,1,0,0,0,0,0,0,0,0,0,0,0,0,0
16,"Ortelsburg","KON",1,0,0,0,0,0,0,0,0,0,0,2,0,0,0,0,0,0,0,0,0,0,0,0,0,0,0,0,0,0,0,0,0,0,0,0,0,0,25,23,2,5,2,0,13,0,0,2,4,2,0,0,2,2,0,0,0,0,0,0,0,0,0,0,0,0,55,0,0,0,0,0,5,30,23,19,0,10,0,0,0,0,0,0,0,0,0,0,0,0,0,0,0,0,0,0,0,0,0,0,0,0,0,1,0,12,63,3,0,0,0,0,0,0,0,0,0,0,0,0,0
17,"Neidenburg","KON",0,0,0,0,0,0,0,0,0,5,1,6,0,0,0,0,0,0,0,0,0,0,0,0,0,0,0,0,0,0,0,0,0,0,0,0,5,3,25,25,8,5,1,2,3,1,1,2,0,6,1,0,0,0,0,0,0,0,3,0,0,0,0,0,0,0,0,0,0,0,0,0,0,25,22,8,0,0,0,0,0,0,0,0,0,0,0,0,0,0,0,0,0,0,0,0,0,0,0,0,0,0,1,1,0,7,59,0,0,0,0,0,0,0,0,0,0,0,0,0,0
18,"Osterode","KON",0,0,0,0,0,0,0,0,0,3,5,6,2,0,0,0,0,0,0,0,0,0,0,0,0,0,0,0,0,0,0,0,0,0,0,0,0,0,35,36,6,6,0,0,3,2,0,4,2,22,0,0,0,7,0,0,0,0,0,0,0,0,0,0,0,0,14,0,0,0,0,0,2,8,52,26,0,12,0,0,0,0,0,0,0,0,0,0,0,0,0,0,0,0,0,0,0,0,0,0,0,0,0,2,0,20,74,1,0,0,0,0,0,0,0,0,0,0,0,0,0
19,"Morungen","KON",0,0,0,0,0,0,0,0,0,1,0,3,1,0,0,0,0,0,0,0,0,0,0,0,0,0,0,0,0,0,0,0,0,0,0,0,5,5,17,24,30,17,6,6,4,6,2,1,6,7,2,0,0,0,0,0,0,0,0,0,0,0,0,0,0,0,0,0,0,0,0,0,0,9,46,1,0,0,0,0,0,0,0,0,0,0,0,0,0,0,0,0,0,0,0,0,0,0,0,0,0,0,0,0,0,29,33,6,0,0,0,0,0,0,0,0,0,0,0,0,0
20,"Pr. Holland","KON",0,0,0,0,0,0,0,0,0,9,18,2,3,0,0,0,0,0,0,0,0,0,0,0,0,0,0,0,0,0,0,0,0,0,0,0,0,0,18,25,13,16,9,12,13,0,4,1,4,3,0,0,0,0,0,0,0,0,0,0,0,0,0,0,0,0,0,0,0,0,0,0,0,7,47,0,0,3,0,0,0,0,0,0,0,0,0,0,0,0,0,0,0,0,0,4,0,0,0,0,0,0,0,0,0,32,18,5,0,0,0,0,0,0,0,0,0,0,0,0,0
21,"Heidekrug","GUM",0,0,0,0,0,0,0,0,0,0,0,0,0,0,0,0,0,0,0,0,0,0,0,0,0,0,0,0,0,0,0,0,0,0,0,0,0,0,2,4,23,17,5,7,0,0,14,0,0,0,0,0,0,0,0,0,0,0,0,0,0,0,0,0,0,0,0,0,0,0,0,0,0,0,14,0,0,0,0,0,0,0,0,0,0,0,0,0,0,0,0,0,0,0,0,0,0,0,0,0,0,0,0,0,0,13,15,0,0,0,0,0,0,0,0,0,0,0,0,0,0
22,"Niederung","GUM",0,0,0,0,0,0,0,0,0,13,0,0,0,0,0,0,0,0,0,0,0,0,0,0,0,0,0,0,0,0,0,0,0,0,0,0,0,0,1,1,119,29,2,3,19,0,9,0,0,0,0,0,0,0,0,0,0,0,0,0,0,0,0,0,0,0,0,0,0,0,0,0,0,0,18,0,0,0,0,0,0,0,0,0,0,0,0,0,0,0,0,0,0,0,0,0,0,0,0,0,0,0,0,0,0,11,18,0,0,0,0,0,0,0,0,0,0,0,0,8,0
23,"Tilsit","GUM",0,0,0,0,0,0,0,0,0,14,11,15,40,0,0,0,0,0,0,0,0,0,0,0,0,0,0,0,0,0,0,0,0,0,0,0,0,0,8,16,31,46,2,11,0,0,12,0,20,0,9,0,0,0,0,0,0,0,10,0,0,0,0,0,0,15,0,0,0,0,0,5,0,0,72,0,0,92,0,0,8,0,0,51,0,0,0,0,0,0,0,0,0,0,0,0,0,0,0,0,0,0,163,2,0,29,55,32,0,0,0,0,0,0,0,0,0,0,0,0,0
24,"Ragnit","GUM",0,0,0,0,0,0,0,0,0,9,3,0,0,0,0,0,0,0,0,0,0,0,0,0,0,0,0,0,0,0,0,0,0,0,0,0,0,0,4,4,52,51,4,6,1,0,2,1,2,0,2,0,0,6,0,0,0,0,0,0,0,5,0,0,0,0,0,0,0,0,0,0,0,9,10,0,0,20,0,0,0,0,0,0,0,0,0,0,0,0,0,0,0,0,0,0,0,0,0,0,0,0,0,0,0,14,76,2,0,0,0,0,0,0,0,0,0,0,0,0,0
25,"Pillkallen","GUM",0,0,0,0,0,0,0,1,2,22,3,0,0,0,0,0,0,0,0,0,0,0,0,0,0,0,0,0,0,0,0,0,0,0,0,0,0,0,1,8,51,31,5,7,2,0,27,0,1,0,0,0,0,0,0,0,0,0,0,0,0,0,0,0,0,0,0,0,0,0,0,0,0,1,3,0,0,0,0,0,0,0,0,0,0,0,0,0,0,0,0,0,0,0,0,0,0,0,0,0,0,0,0,2,0,15,39,0,0,0,0,0,0,0,0,0,0,0,0,0,0
26,"Stallupönen","GUM",0,0,0,0,0,0,0,0,0,62,26,0,0,0,0,0,0,0,0,0,0,0,0,0,0,0,0,0,0,0,0,0,0,0,0,0,0,0,6,15,30,31,1,1,2,0,26,0,0,0,0,0,0,0,0,0,0,0,0,0,0,0,0,0,0,0,0,0,0,0,0,0,0,0,17,0,0,0,0,0,0,0,0,0,0,0,0,0,0,0,0,0,0,0,0,0,0,0,0,0,0,0,0,0,0,12,53,0,0,0,0,0,0,0,0,0,0,0,0,0,0
27,"Gumbinnen","GUM",0,0,0,0,0,0,0,3,9,31,26,6,6,1,1,0,0,0,0,0,0,0,0,0,0,0,0,0,0,0,0,0,0,0,0,0,0,0,7,25,27,26,1,2,1,0,21,0,0,1,0,0,0,0,0,0,0,0,0,0,0,0,0,0,0,0,0,0,0,0,0,0,0,0,26,0,0,0,0,0,0,0,0,0,0,3,0,0,0,0,0,0,0,0,0,0,0,0,0,0,0,0,2,3,0,46,75,2,0,0,0,0,0,0,0,0,0,0,0,0,0
28,"Insterburg","GUM",0,0,0,0,0,0,0,0,0,22,26,4,1,1,1,0,0,0,0,0,0,0,0,0,0,0,0,0,0,0,0,0,0,6,0,0,0,0,7,16,48,46,4,4,3,3,24,4,15,3,0,0,11,0,0,0,0,0,0,0,0,0,0,0,0,0,0,0,0,0,0,0,0,14,36,0,0,0,0,0,0,0,0,0,191,0,0,0,0,0,0,0,0,0,0,0,0,0,0,0,0,0,0,2,0,48,56,0,0,0,0,0,0,0,0,0,0,0,0,0,0
29,"Darkehmen","GUM",0,3,0,0,0,0,0,0,0,5,6,10,3,1,1,0,0,0,0,0,0,0,0,66,0,0,0,0,0,0,0,0,0,0,0,0,0,0,6,12,9,7,0,0,18,0,6,0,2,1,2,0,0,0,0,0,0,0,0,0,0,0,0,0,0,0,0,0,0,0,0,0,0,0,77,0,0,0,0,0,0,0,0,0,0,0,0,0,0,0,0,0,0,0,0,0,0,0,0,0,0,0,0,0,0,20,77,0,0,0,0,0,0,0,0,0,0,0,0,0,0
30,"Angerburg","GUM",0,0,0,0,0,0,0,0,0,2,0,10,8,0,0,0,0,0,0,0,0,0,0,0,0,0,0,0,0,0,0,0,0,0,0,0,1,0,5,9,11,13,3,3,12,0,10,1,14,3,0,0,0,0,0,0,0,0,0,0,0,0,0,0,0,0,0,0,0,0,0,0,0,0,3,0,0,0,0,0,0,0,0,0,0,0,0,0,0,0,0,0,0,0,0,0,0,0,0,0,0,0,0,0,0,31,73,1,0,0,0,0,0,0,0,0,0,0,0,0,0
31,"Goldapp","GUM",0,0,0,0,0,0,0,0,0,18,6,4,1,0,0,0,0,0,0,0,0,0,0,0,0,0,0,0,0,0,0,0,0,0,0,0,8,8,9,17,4,6,3,3,10,0,8,1,14,2,2,0,1,0,0,0,0,0,0,0,0,3,0,0,0,0,0,0,0,0,0,0,0,0,18,0,0,18,0,0,11,0,0,0,0,0,0,0,0,0,0,0,0,0,0,0,0,0,0,0,0,0,1,1,0,44,94,1,0,0,0,0,0,0,0,0,0,0,0,0,0
32,"Oletzko","GUM",0,0,0,0,0,0,0,0,0,0,0,0,0,0,0,0,0,0,0,0,0,0,0,0,0,0,0,0,0,0,0,0,0,0,0,0,0,0,10,15,5,4,0,0,0,0,5,0,0,4,0,0,0,0,0,0,0,0,2,0,0,0,0,0,0,0,0,0,0,0,0,0,0,0,0,0,0,0,0,0,0,0,0,0,0,0,0,0,0,0,0,0,0,0,0,0,0,0,0,0,0,0,0,0,0,14,101,0,0,0,0,0,0,0,0,0,0,0,0,0,0
33,"Lyck","GUM",0,3,0,0,0,0,0,0,0,3,2,1,2,0,0,0,0,0,0,0,0,3,0,0,0,0,0,0,0,0,0,0,0,0,0,0,0,0,8,12,2,1,1,1,13,0,6,0,2,0,0,0,0,0,0,0,0,0,0,0,0,0,0,0,0,0,0,0,0,0,0,0,0,0,12,0,0,10,0,0,0,0,0,0,0,0,0,0,0,0,0,0,0,0,0,0,0,0,0,0,0,0,0,3,0,10,88,0,0,0,0,0,0,0,0,0,0,0,0,0,0
34,"Lötzen","GUM",0,0,0,0,0,0,0,0,0,0,0,0,0,0,0,0,0,0,0,0,0,0,0,0,0,0,0,0,0,0,0,0,0,0,0,0,0,0,10,5,9,6,1,1,4,0,6,0,0,0,0,0,0,0,0,0,0,0,0,0,0,0,0,0,0,0,0,0,0,0,0,0,0,0,0,0,0,0,0,0,0,0,0,0,0,0,0,0,0,0,0,0,0,0,0,0,0,0,0,0,0,0,0,0,0,10,58,0,0,0,0,0,0,0,0,0,0,0,0,0,0
35,"Sensburg","GUM",0,0,0,0,0,0,0,0,0,0,0,0,0,0,0,0,0,0,0,0,0,0,0,0,0,0,0,0,0,0,0,0,0,0,0,0,0,0,14,20,5,5,0,0,15,0,3,1,2,6,3,0,0,0,0,0,0,0,0,0,0,0,0,0,0,0,0,0,0,0,0,0,0,0,2,9,0,15,0,0,0,0,0,0,0,0,0,0,0,0,0,0,0,0,0,0,0,0,0,0,0,0,0,0,0,6,84,0,0,0,0,0,0,0,0,0,0,0,0,0,0
36,"Johannisburg","GUM",0,0,0,0,0,0,0,0,0,0,0,0,0,0,0,0,0,0,0,0,0,0,0,0,0,0,0,0,0,0,0,0,0,0,0,0,0,0,17,14,4,0,1,2,4,0,6,4,0,1,0,0,0,32,0,0,0,0,0,0,0,0,0,0,0,0,0,0,0,0,0,0,0,0,3,0,0,0,0,0,0,0,0,0,0,0,0,0,0,0,0,0,0,0,0,0,0,0,0,0,0,0,0,0,0,25,73,2,0,0,0,0,0,0,0,0,0,0,0,0,0
37,"Elbing","DAN",17,0,0,0,0,0,0,8,76,83,50,2,7,1,3,0,0,0,0,0,0,18,0,60,105,0,0,0,0,0,3,0,11,5,0,0,29,15,12,32,17,15,9,17,31,13,63,2,0,0,16,0,16,35,0,0,0,10,0,0,0,0,0,0,0,60,0,0,0,0,27,0,0,7,51,0,0,6,0,0,20,0,109,0,0,0,0,0,0,0,0,17,0,0,0,14,0,0,0,40,0,36,15,2,0,37,2,87,0,0,0,0,0,0,0,0,0,0,0,0,0
38,"Marienburg","DAN",0,0,0,0,0,0,0,8,2,55,70,0,0,0,0,0,0,0,0,0,0,0,0,0,0,0,0,0,0,0,0,0,0,2,0,0,8,2,5,15,45,44,9,6,82,0,0,0,3,0,0,0,31,0,0,0,0,0,0,0,0,0,0,0,0,0,0,0,0,0,0,0,0,1,14,0,0,0,0,0,6,0,2,0,0,0,0,0,0,0,0,0,0,0,0,4,0,0,0,0,0,0,0,0,0,29,1,15,0,0,0,0,0,0,0,0,0,0,0,0,0
39,"Danzig Stadt","DAN",0,0,0,0,0,0,0,0,0,17,11,6,0,1,1,0,0,0,0,0,0,9,0,0,0,0,0,0,0,0,0,0,0,0,0,0,0,0,7,28,0,0,1,2,10,0,91,0,1,3,2,1,0,80,0,0,0,0,0,0,0,0,0,0,0,42,0,0,0,0,0,12,5,3,0,0,0,2,0,0,0,0,35,40,0,0,0,0,0,0,0,0,0,174,0,0,0,0,0,0,0,0,0,3,0,130,13,36,0,0,0,0,0,2,0,0,0,0,0,74,0
40,"Danzig Land","DAN",0,0,0,0,0,0,0,0,0,21,0,0,0,0,0,0,0,0,0,0,0,0,0,0,0,0,0,0,0,0,0,0,2,0,0,0,0,0,35,68,22,25,15,9,38,0,1,2,0,0,2,0,48,134,0,0,0,0,9,1,0,4,0,0,0,0,0,0,0,0,0,0,0,7,33,0,0,2,0,0,0,0,0,0,0,0,0,0,0,0,0,0,0,0,0,0,0,0,0,0,0,3,0,1,0,2,45,5,0,0,0,0,6,0,0,0,0,0,0,0,0
41,"Stargard","DAN",0,0,0,0,0,0,0,0,0,18,3,3,0,0,0,0,0,0,0,0,0,0,0,0,0,0,0,0,0,0,0,0,0,0,0,0,5,0,24,31,10,9,2,2,10,1,0,3,2,16,0,0,0,4,0,0,0,0,16,0,0,0,0,0,0,60,0,0,0,0,0,0,0,10,440,7,0,0,0,0,0,0,4,0,0,0,0,0,0,0,0,0,0,0,0,0,0,0,0,0,0,0,0,0,0,12,108,8,0,0,0,0,0,0,0,0,0,0,0,0,0
42,"Behrend","DAN",0,4,0,0,0,0,0,0,0,15,4,5,2,0,0,0,0,0,0,0,0,0,0,0,0,0,0,0,0,0,0,0,0,0,0,0,6,3,27,24,1,1,0,0,0,0,0,1,3,14,0,0,0,4,0,0,0,0,0,0,0,0,0,0,0,0,0,0,0,0,0,0,0,2,15,7,0,6,0,0,0,0,0,0,0,0,0,0,0,0,0,0,0,0,0,0,0,0,0,0,0,0,0,0,0,2,23,0,0,0,0,0,0,0,0,0,0,0,0,0,0
43,"Karthaus","DAN",0,0,0,0,0,0,0,0,0,7,2,0,0,0,0,0,0,0,0,0,0,0,0,0,0,0,0,0,0,0,0,0,0,0,0,0,0,0,30,21,1,1,0,0,1,0,0,1,8,8,0,0,0,35,0,0,0,0,0,0,0,0,0,0,0,0,0,0,0,0,0,0,0,6,19,2,0,7,0,0,0,0,0,0,0,0,0,0,0,0,0,0,0,0,0,0,0,0,0,0,0,0,0,0,0,2,34,1,0,0,0,0,0,0,0,0,0,0,0,0,0
44,"Neustadt","DAN",0,0,0,0,0,0,0,0,0,25,0,24,0,0,0,0,0,0,0,0,0,0,0,0,0,0,0,0,0,0,0,0,0,0,0,0,10,0,42,52,3,3,0,0,1,0,0,2,18,18,0,0,0,48,0,0,0,0,0,0,0,0,0,0,0,0,0,0,0,0,0,0,0,3,80,0,0,25,0,0,0,0,0,0,0,0,0,0,0,0,0,0,0,0,0,0,0,0,0,0,0,0,0,0,0,15,26,0,0,0,0,0,0,0,0,0,0,0,0,0,0
45,"Stuhm","MAR",0,0,0,0,0,0,0,0,0,0,0,0,0,0,0,0,0,0,0,0,0,0,0,0,0,0,0,0,0,0,0,0,0,0,0,0,0,0,8,14,22,10,5,3,17,0,0,0,0,0,0,0,5,0,0,0,0,0,0,0,0,0,0,0,0,0,0,0,0,0,0,0,0,6,11,0,0,0,0,0,0,0,0,0,0,0,0,0,0,0,0,0,0,0,0,0,0,0,0,0,0,0,0,1,0,12,16,1,0,0,0,0,0,0,0,0,0,0,0,0,0
46,"Marienwerder","MAR",0,0,0,0,0,0,0,0,0,43,9,0,0,0,0,0,0,0,0,0,0,0,0,0,0,0,0,0,0,0,0,0,0,0,0,0,5,0,17,45,19,17,2,2,33,1,4,3,3,14,0,0,0,0,0,0,0,0,0,0,0,0,0,0,0,7,0,0,0,0,0,0,0,11,81,0,0,18,0,0,0,0,9,0,0,3,0,0,0,0,0,0,0,0,0,6,0,0,0,15,0,0,0,1,0,35,83,6,0,0,0,0,0,0,0,0,0,0,0,0,0
47,"Rosenberg","MAR",0,30,0,0,0,0,0,0,0,39,3,9,10,0,0,0,0,0,0,0,0,6,0,0,0,0,0,0,0,0,0,0,0,0,0,0,6,3,13,20,25,23,2,2,13,2,5,3,8,5,0,0,4,0,0,0,0,0,0,0,0,0,0,0,0,0,26,0,0,0,0,0,0,9,49,9,0,10,0,0,0,0,0,0,0,0,0,0,0,0,0,0,0,0,0,0,0,1,0,0,0,0,0,3,0,23,54,2,0,0,0,0,0,0,0,0,0,0,0,0,0
48,"Löbau","MAR",0,0,0,0,0,0,0,0,0,0,0,4,0,0,0,0,0,0,0,0,0,0,0,0,0,0,0,0,0,0,0,0,0,0,0,0,0,0,29,33,6,6,0,0,3,0,1,0,2,6,0,0,0,0,0,0,0,0,0,0,0,0,0,0,0,0,0,0,0,0,0,0,0,0,32,0,0,5,0,0,0,0,0,0,0,0,0,0,0,0,0,0,0,0,0,0,0,0,0,0,0,0,0,1,0,14,36,0,0,0,0,0,0,0,0,0,0,0,0,0,0
49,"Strassburg","MAR",0,0,0,0,0,0,0,0,0,3,2,11,0,0,0,0,0,0,0,0,0,0,0,0,0,0,0,0,0,0,0,0,0,0,0,0,5,0,47,36,32,16,0,0,8,0,7,2,0,7,0,0,3,0,0,0,0,0,0,0,0,0,0,0,0,0,0,0,0,0,0,0,0,0,26,9,0,0,0,0,0,0,0,0,0,0,0,0,0,0,0,0,0,0,0,0,0,0,0,0,0,0,0,1,0,9,63,1,0,0,0,0,0,0,0,0,0,0,0,0,0
50,"Thorn","MAR",0,0,0,0,0,0,0,0,0,79,11,0,0,0,0,0,0,0,0,0,0,0,0,0,0,0,0,0,0,0,0,0,0,0,0,0,6,0,31,43,39,37,4,4,16,0,18,1,1,11,0,0,0,11,0,0,0,0,0,0,0,0,0,0,0,26,0,0,0,0,0,0,0,8,80,0,0,0,0,0,0,0,24,0,0,0,0,0,0,0,0,0,0,0,0,0,0,0,0,0,0,2,0,3,0,47,77,10,0,0,0,0,0,0,0,0,0,0,0,0,0
51,"Culm","MAR",0,0,0,0,0,0,0,0,0,6,1,0,0,0,0,0,0,0,0,0,0,0,0,0,0,0,0,0,0,0,0,0,0,0,0,0,0,0,7,5,61,35,1,1,18,2,22,0,0,0,0,0,0,0,0,0,0,0,0,0,0,0,0,0,0,0,0,0,0,0,0,0,0,8,28,0,0,0,0,0,0,0,0,0,0,0,0,0,0,0,0,0,0,0,0,0,0,0,0,0,0,0,0,0,0,11,55,6,0,0,0,0,0,0,0,0,0,0,0,0,0
52,"Graudenz","MAR",0,5,0,0,0,0,0,3,3,5,1,6,9,1,1,0,0,0,0,0,0,0,0,0,0,0,0,0,0,0,0,0,0,0,0,0,0,0,31,52,39,35,2,2,13,0,21,1,2,0,0,0,0,0,0,0,0,0,0,0,0,0,0,0,0,21,0,0,0,0,0,0,0,9,75,0,0,0,0,0,0,0,177,0,0,0,0,0,0,0,0,0,0,0,0,0,0,0,0,7,0,0,4,3,0,15,58,6,0,0,0,0,0,0,0,0,0,0,0,0,0
53,"Schwetz","MAR",0,0,0,0,0,0,0,0,0,31,4,0,0,0,0,0,0,0,0,0,0,0,0,0,0,0,0,0,0,0,0,0,0,0,0,0,0,0,28,36,15,12,0,0,15,1,8,0,2,17,0,0,1,5,0,0,0,0,0,0,0,0,0,0,0,0,34,0,0,0,0,0,0,12,62,21,0,9,0,0,0,0,0,0,0,0,0,0,0,0,0,0,0,0,0,0,0,0,0,0,0,0,0,0,0,17,122,3,0,0,0,0,0,0,0,4,0,0,0,0,0
54,"Konitz","MAR",0,0,0,0,0,0,0,0,0,18,2,4,0,2,0,0,0,0,0,0,0,0,0,0,0,0,0,0,0,0,0,0,0,0,0,0,11,0,31,44,11,5,0,0,1,0,0,4,1,21,0,0,0,0,0,0,0,0,0,0,0,0,0,0,0,0,43,0,0,0,0,0,0,18,78,53,0,0,0,0,0,0,1,0,0,0,0,0,0,0,0,0,0,0,0,0,0,0,0,0,0,0,0,0,0,22,32,11,0,0,0,0,0,0,0,0,0,0,0,0,0
55,"Schlochau","MAR",0,0,0,0,0,0,0,0,0,16,7,21,2,0,0,0,0,0,0,0,0,0,0,0,9,0,0,0,0,0,0,0,0,0,0,0,0,0,39,34,11,6,3,3,1,0,2,5,1,25,0,0,0,0,0,0,0,0,0,0,0,0,0,0,0,0,80,12,0,0,0,0,0,46,54,31,0,4,0,0,0,0,0,0,0,0,0,0,0,0,0,0,0,0,0,0,0,0,0,0,0,0,0,0,0,3,6,1,0,0,0,0,0,0,0,0,0,0,0,0,0
56,"Flatow","MAR",0,106,0,0,0,0,0,0,0,8,1,30,12,0,0,0,0,0,0,0,0,0,0,0,0,0,0,0,0,0,0,0,0,0,0,0,0,0,30,28,5,4,3,1,5,0,3,4,3,8,1,0,5,0,0,0,0,0,0,0,0,0,0,0,0,0,42,0,0,0,0,0,0,13,70,9,0,7,0,0,0,0,0,0,0,0,0,0,0,0,0,0,0,0,0,0,0,0,0,0,0,0,0,0,0,9,63,6,0,0,0,0,0,0,0,0,0,0,0,0,0
57,"Deutsch-Crone","MAR",50,0,0,0,0,0,0,0,0,10,3,54,20,0,0,0,0,0,0,0,0,0,0,0,0,0,0,0,0,0,0,0,0,0,0,0,30,20,57,33,12,3,2,2,0,0,8,10,2,34,1,0,7,0,0,0,0,0,0,0,0,3,0,0,0,0,0,0,0,0,0,0,0,7,128,16,0,2,0,0,0,0,8,0,0,0,12,0,0,0,0,0,0,0,0,0,0,0,0,0,0,0,4,0,0,10,72,7,0,0,0,0,0,0,0,0,0,0,0,0,0
58,"Wreschen","POS",0,0,0,0,0,0,0,0,0,20,3,1,0,0,0,0,0,0,0,0,0,0,0,0,0,0,0,0,0,0,0,0,0,0,0,0,10,0,11,9,75,48,1,0,12,0,27,0,5,3,0,0,0,0,0,0,0,0,0,0,0,0,0,0,0,0,0,0,0,0,0,0,0,8,78,0,0,3,0,0,0,0,0,0,0,0,0,0,0,0,0,0,0,0,0,0,0,0,0,0,0,0,0,0,0,23,18,3,0,0,0,0,0,0,0,0,0,0,0,0,0
59,"Pleschen","POS",0,0,0,0,0,0,0,0,0,19,6,0,0,0,0,0,0,0,0,0,0,0,0,0,0,0,0,0,0,0,0,0,0,0,0,0,0,0,28,20,87,52,0,0,4,0,22,2,1,0,2,0,3,0,0,0,0,0,0,0,0,0,0,0,0,0,0,0,0,0,8,0,8,12,153,49,0,0,0,0,2,0,4,0,0,0,0,0,0,0,0,0,0,0,0,0,0,0,0,0,0,0,0,0,0,30,72,8,0,0,0,0,0,0,0,0,0,0,0,0,0
60,"Schroda","POS",0,0,0,0,0,0,0,0,0,15,9,0,0,0,0,0,0,3,0,0,0,0,0,0,0,0,0,0,0,0,0,0,0,0,0,0,4,0,11,10,97,72,0,0,1,0,27,0,0,1,0,0,0,0,0,0,0,0,0,0,0,0,0,0,0,0,0,0,0,0,0,0,0,0,55,2,0,0,0,0,0,0,0,0,0,0,0,0,0,0,0,0,0,0,0,0,0,0,0,0,0,0,0,0,0,10,20,2,0,0,0,0,0,0,0,0,0,0,0,0,0
61,"Schrimm","POS",0,0,0,0,0,0,0,0,0,59,15,0,0,0,0,0,0,0,0,0,0,0,0,0,0,0,0,0,0,0,0,0,0,0,0,0,11,0,9,2,130,63,0,0,8,0,13,0,2,1,0,0,0,0,0,0,0,0,0,0,0,0,0,0,0,0,0,0,0,0,0,0,0,6,86,13,0,0,0,0,0,0,0,0,0,0,0,0,0,0,0,0,0,0,0,0,0,1,0,0,0,1,4,3,0,28,67,10,0,0,0,0,0,0,0,0,0,0,0,0,0
62,"Kosten","POS",14,0,0,0,0,0,0,0,24,75,39,0,6,0,0,0,2,0,0,0,0,0,6,8,18,0,0,0,0,0,0,0,0,0,0,0,12,0,5,0,189,89,2,1,8,0,10,0,5,1,0,0,0,0,0,0,0,0,0,0,0,0,0,0,0,0,0,0,0,0,0,0,0,0,145,0,0,0,0,0,0,0,0,0,33,0,0,0,0,0,0,0,0,0,0,2,6,1,0,0,0,0,4,0,0,32,73,5,0,0,0,0,0,0,0,0,0,0,0,0,0
63,"Buk","POS",0,0,0,0,0,0,0,0,0,16,3,1,1,0,0,0,0,0,0,0,0,0,0,0,0,0,0,0,0,0,0,0,0,0,0,0,0,5,2,3,132,84,0,0,8,0,10,0,5,1,0,0,0,0,0,0,0,0,0,0,0,0,0,0,0,0,0,0,0,0,0,0,0,0,60,0,0,0,0,0,0,0,0,0,0,0,0,0,0,0,0,0,0,0,0,0,0,0,0,0,0,0,0,0,0,25,70,8,0,0,0,0,0,0,0,0,0,0,0,0,0
64,"Posen","POS",19,0,0,0,0,0,0,30,0,2,0,17,2,1,0,0,0,11,0,120,0,0,0,0,0,0,0,0,0,0,0,0,0,0,0,0,4,0,33,54,89,79,6,12,11,15,15,2,1,1,0,0,5,0,0,0,0,0,0,0,0,0,0,0,0,2,0,0,0,0,0,0,0,14,230,0,0,0,0,0,9,4,78,0,15,9,0,0,0,0,0,0,0,0,0,3,0,0,0,0,0,0,7,5,0,57,109,90,0,0,0,0,0,0,0,0,0,0,0,0,0
65,"Obornik","POS",0,0,0,0,0,0,0,0,0,7,6,0,0,0,0,0,0,0,0,0,0,0,0,0,0,0,0,0,0,0,0,0,0,0,0,0,13,6,34,42,19,7,0,0,3,0,8,1,0,3,0,0,4,0,0,0,0,0,0,0,0,0,0,0,0,0,0,0,0,0,0,0,0,3,76,4,0,5,0,0,6,0,0,0,0,1,0,0,0,0,0,0,0,0,0,4,0,2,0,0,0,0,6,2,0,11,55,4,0,0,0,0,0,0,0,0,0,0,0,0,0
66,"Samter","POS",0,36,0,0,0,0,0,0,0,30,11,20,2,0,0,0,0,0,0,0,0,36,0,0,0,0,0,0,0,0,0,0,0,0,0,0,9,5,17,16,64,32,2,3,3,0,22,2,0,1,0,0,0,0,0,0,0,0,0,0,0,0,0,0,0,0,92,0,0,0,0,0,0,5,74,13,0,0,0,0,0,0,0,0,32,0,0,0,0,0,0,0,0,0,0,6,0,0,0,0,0,0,3,0,0,22,70,7,0,0,0,0,0,0,0,0,0,0,0,0,0
67,"Birnbaum","POS",0,32,0,0,0,0,0,0,0,7,1,8,24,0,0,0,0,0,0,0,0,0,0,0,0,0,0,0,0,0,0,0,0,0,0,0,6,2,46,52,35,26,2,2,5,0,2,0,3,9,2,0,2,0,0,0,0,0,0,0,0,0,0,0,0,0,154,3,0,0,0,2,0,20,185,13,0,7,0,0,0,8,59,0,0,15,0,0,0,0,0,0,0,0,2,6,0,5,0,0,0,0,2,5,0,37,93,6,0,0,0,0,0,0,0,0,0,0,0,0,0
68,"Meseritz","POS",55,10,0,0,0,0,0,0,0,14,7,69,15,0,0,0,0,0,0,0,0,0,0,0,0,0,0,0,0,0,0,0,0,0,0,0,3,0,20,26,64,30,0,0,1,0,2,8,0,8,0,0,0,0,0,0,0,0,0,0,0,3,0,0,0,0,168,2,0,0,0,0,0,10,35,6,0,4,0,0,0,0,0,0,0,0,0,0,0,0,0,0,0,0,0,0,0,0,0,0,0,0,0,0,0,31,18,5,0,0,0,0,0,0,0,0,0,0,0,0,0
69,"Schildberg","POS",0,0,0,0,0,0,0,0,0,16,3,0,0,0,0,0,0,0,0,0,0,0,0,0,0,0,0,0,0,0,0,0,0,0,0,0,1,0,74,38,14,7,0,0,1,0,5,0,2,0,0,0,4,19,0,0,0,0,0,0,0,0,0,0,0,0,35,0,0,0,0,0,1,0,76,0,0,6,0,0,0,0,0,0,0,0,0,0,0,0,0,0,0,0,0,0,0,0,0,0,0,0,0,0,0,20,63,5,0,0,0,0,0,0,0,0,0,0,0,0,0
70,"Bomst","POS",28,0,0,0,0,0,0,0,0,13,7,24,9,0,0,0,0,0,0,0,0,0,0,0,0,0,0,0,0,0,0,0,30,0,0,0,10,1,12,9,198,121,0,0,5,0,2,2,5,1,0,0,0,0,0,0,0,0,0,0,0,0,0,0,0,0,62,0,0,0,0,0,0,0,45,2,0,0,0,0,4,0,1,0,0,0,0,0,0,0,0,0,0,0,0,0,0,0,0,0,0,0,4,4,0,43,45,15,0,0,0,0,0,0,0,0,0,0,0,0,0
71,"Fraustadt","POS",58,0,0,0,0,0,0,34,5,154,36,46,27,3,0,0,0,0,0,0,0,12,0,0,0,0,0,0,0,0,0,0,0,0,0,0,12,4,9,0,396,156,0,0,12,0,5,9,6,1,0,0,1,0,0,3,0,0,0,0,0,0,0,0,0,0,0,0,0,0,0,0,0,0,91,0,0,3,0,0,6,0,0,0,0,0,0,0,0,0,0,0,0,0,0,0,0,12,0,0,0,0,0,0,0,54,24,22,0,0,0,0,0,0,0,0,0,0,0,0,0
72,"Kröben","POS",177,0,0,0,0,0,0,0,184,134,60,66,54,0,0,0,0,49,27,0,0,0,3,0,0,0,0,0,0,0,0,0,0,0,0,0,8,0,0,0,289,123,0,0,24,0,22,3,0,0,0,0,0,0,0,0,0,0,0,0,0,0,0,0,0,0,0,0,0,0,0,0,0,2,150,0,0,0,0,0,0,0,0,0,93,0,0,0,0,0,0,0,0,0,0,2,317,13,0,0,0,0,2,2,0,79,64,2,0,0,0,0,0,0,0,0,0,0,0,0,0
73,"Krotoschin","POS",7,3,0,0,0,0,0,0,0,121,36,0,0,0,0,0,0,0,0,0,0,0,0,0,0,0,0,0,0,0,0,0,0,0,0,0,0,0,5,0,189,93,0,0,3,0,21,2,1,1,0,0,2,0,0,0,0,0,0,0,0,0,0,0,0,0,0,0,0,0,0,1,0,10,81,5,0,0,0,0,0,0,20,0,99,0,0,0,0,0,0,0,0,0,0,1,0,2,0,0,0,115,5,8,0,43,51,12,0,0,0,0,0,0,0,0,0,0,0,0,0
74,"Adelnau","POS",0,0,0,0,0,0,0,0,0,20,5,1,0,0,0,0,0,0,0,0,0,0,0,0,0,0,0,0,0,0,0,0,0,0,0,0,0,0,18,6,65,29,0,0,6,0,0,35,1,0,0,0,0,20,0,0,0,0,0,0,0,0,0,0,0,0,44,2,0,0,0,0,0,0,64,8,0,2,0,0,0,0,0,0,0,0,0,0,0,0,0,0,0,0,0,0,0,0,0,0,0,0,0,0,0,28,28,0,0,0,0,0,0,0,0,0,0,0,0,0,0
75,"Tscharnikow","BRO",31,0,0,0,0,0,0,0,0,8,2,253,138,4,1,0,0,0,0,0,0,0,0,0,0,0,0,0,0,0,0,0,0,0,0,0,8,0,37,34,17,14,1,0,3,0,4,6,0,14,0,0,0,0,0,0,0,0,0,0,0,0,0,0,0,0,0,0,0,0,0,0,0,8,133,4,0,4,0,0,0,0,0,0,0,0,0,0,0,0,0,0,0,0,0,0,0,0,0,0,0,0,0,0,0,12,64,6,0,0,0,0,0,0,0,0,0,0,0,0,0
76,"Chodezien","BRO",118,8,0,0,0,0,0,0,0,5,1,53,18,0,0,0,0,0,0,0,0,0,0,0,0,0,0,0,0,0,0,0,0,0,0,0,7,0,25,30,17,21,0,0,4,0,2,10,5,5,0,0,0,0,0,0,0,0,15,0,0,0,0,0,0,0,80,0,0,0,0,0,0,7,84,0,0,8,0,0,0,0,0,0,0,0,0,0,0,0,0,0,0,0,0,0,0,0,0,0,0,0,0,2,0,16,32,10,0,0,0,0,0,0,0,0,0,0,0,0,0
77,"Wirsitz","BRO",0,0,0,0,0,0,0,0,0,18,3,48,2,0,0,0,0,0,0,0,0,0,0,0,0,0,0,0,0,0,0,0,0,0,0,0,4,0,27,32,12,8,1,1,10,0,15,1,0,5,0,0,3,0,0,0,0,0,0,0,0,0,0,0,0,0,0,0,0,0,0,0,0,15,112,14,0,0,0,0,0,0,0,0,0,0,0,0,0,0,0,0,0,0,0,0,0,0,0,0,0,0,4,4,0,19,72,5,0,0,0,0,0,0,0,0,0,0,0,0,0
78,"Bromberg","BRO",20,0,0,0,0,0,0,1,62,24,8,0,0,0,0,0,0,0,0,0,0,0,0,0,0,0,0,0,0,0,0,0,0,1,0,0,8,6,29,55,17,9,0,0,2,0,0,3,5,9,2,0,0,56,0,0,0,0,29,0,0,3,0,0,0,6,0,0,0,0,0,0,0,46,191,7,0,7,0,0,0,0,13,0,0,0,0,0,0,0,0,0,0,0,0,0,120,0,0,0,0,0,0,2,0,11,16,22,0,0,0,0,0,0,0,0,0,0,0,0,0
79,"Schubin","BRO",0,105,0,0,0,0,0,0,0,7,9,42,15,0,0,0,0,7,2,0,0,0,0,0,0,0,0,0,0,0,0,0,0,0,0,0,13,0,22,30,45,27,2,1,1,0,15,4,3,11,0,1,0,13,0,0,0,0,0,0,0,0,0,0,0,0,42,0,0,0,0,0,0,3,97,25,0,0,0,0,0,0,0,0,0,0,0,0,0,0,0,0,0,0,0,0,0,0,0,0,0,0,1,0,0,19,52,11,0,0,0,0,0,0,0,0,0,0,0,0,0
80,"Inowrazlaw","BRO",0,0,0,0,0,0,0,3,2,15,8,0,0,0,0,0,0,0,0,0,0,0,0,0,0,0,0,0,0,0,0,0,0,0,0,0,1,2,4,5,107,90,0,0,3,0,77,0,0,0,0,0,0,0,0,0,0,0,0,0,0,0,0,0,0,0,0,0,0,0,0,0,0,2,99,3,0,0,0,0,0,0,0,0,0,0,0,0,0,0,0,0,0,0,0,3,0,0,0,0,0,0,0,0,0,32,50,8,0,0,0,0,0,0,0,0,0,0,0,0,0
81,"Mogilno","BRO",0,0,0,0,0,0,0,0,0,4,2,0,0,0,0,0,0,0,0,0,0,0,0,0,0,0,0,0,0,0,0,0,0,0,0,0,5,0,32,26,49,31,2,2,0,0,16,0,1,1,0,0,0,0,0,0,0,0,0,0,0,0,0,0,0,0,0,0,0,0,0,0,0,6,61,2,0,0,0,0,0,0,0,0,0,0,0,0,0,0,0,0,0,0,0,0,0,0,0,0,0,0,2,2,0,18,10,5,1,0,0,0,0,0,0,0,0,0,0,0,0
82,"Gnesen","BRO",0,0,0,0,0,0,0,0,0,22,16,1,0,0,0,0,0,5,2,0,0,0,0,0,0,0,0,0,0,0,0,0,0,0,0,0,12,0,6,5,118,101,6,2,6,0,30,0,3,0,0,0,0,0,0,0,0,0,0,0,0,0,0,0,0,0,0,0,0,0,0,0,0,0,59,0,0,0,0,0,2,0,0,0,0,0,0,0,0,0,0,0,0,0,0,0,0,2,0,0,0,0,0,0,0,18,8,8,0,0,0,0,0,0,0,0,0,0,0,0,0
83,"Wongrowiz","BRO",0,0,0,0,0,0,0,0,0,9,4,0,0,0,0,0,0,0,0,0,0,0,0,0,0,0,0,0,0,0,0,0,0,0,0,0,5,0,21,19,52,44,0,0,5,0,11,0,0,5,0,0,0,0,0,0,0,0,0,0,0,0,0,0,0,0,0,0,0,0,3,0,0,1,133,9,0,0,0,0,0,0,0,0,0,0,0,0,0,0,0,0,0,0,0,0,0,0,0,0,0,0,2,1,0,11,56,9,0,0,0,0,0,0,0,0,0,0,0,0,10
84,"Haupt- und Residenzstadt Berlin","POT",54,55,56,0,0,559,2068,862,1424,26,44,336,2754,44,80,20,71,30,164,245,247,168,3250,806,27,1612,64,32,60,214,82,0,0,9,0,207,407,1317,5,58,28,38,6,11,10,57,0,5,2,10,3,27,91,1436,34,0,0,9,50,0,0,47,25,0,63,675,0,0,0,305,247,656,0,22,8,0,27,234,43,162,333,9,1279,425,0,12,5,85,88,119,163,125,179,0,37,103,4,55,92,391,6,149,103,12,33,278,32,212,78,33,0,263,0,0,0,0,614,0,83,0,76
85,"Prenzlau","POT",25,0,0,0,0,0,0,14,5,272,78,3,2,3,4,1,0,0,0,0,0,0,0,0,0,0,0,0,0,0,2,0,5,0,0,1,0,0,33,45,40,44,5,9,7,0,11,3,4,5,0,0,0,0,0,0,0,0,0,0,0,0,0,0,0,0,0,0,0,0,12,0,0,0,100,0,0,8,0,0,24,0,35,0,0,3,0,0,0,0,0,0,0,0,0,0,0,0,0,0,0,0,7,2,0,23,51,3,0,0,0,0,0,0,0,0,0,0,0,0,0
86,"Templin","POT",21,0,0,0,0,0,0,10,29,198,72,3,3,7,17,0,0,0,0,0,0,0,0,0,0,0,0,0,0,0,16,0,1,0,0,0,0,0,22,41,36,36,3,3,8,0,9,2,1,10,2,0,11,0,0,0,0,0,0,0,0,0,0,0,0,0,93,0,0,0,0,0,5,11,73,21,0,0,0,0,0,7,9,0,0,0,0,0,0,0,0,0,0,0,0,2,0,0,0,0,0,0,0,0,0,8,69,2,0,0,0,0,0,0,0,0,0,0,0,0,0
87,"Angermünde","POT",0,0,0,0,0,0,0,7,2,225,98,2,1,2,2,0,0,0,0,0,0,0,0,0,0,0,0,0,0,0,0,0,0,0,0,0,4,6,24,48,57,81,9,17,0,4,10,0,1,15,0,14,0,0,0,0,0,0,0,0,0,0,0,0,0,0,0,0,0,0,0,0,0,17,106,0,0,42,0,0,0,0,400,0,0,16,0,0,0,0,0,0,0,0,0,0,0,0,0,0,0,0,0,0,0,28,145,3,0,0,0,0,0,0,0,0,0,0,0,0,0
88,"Ober-Barnim","POT",60,0,0,0,0,0,0,29,30,104,24,23,51,1,1,0,0,1,0,0,0,2,5,18,0,0,0,0,0,0,0,0,0,0,0,0,4,1,45,53,66,74,2,3,9,3,5,5,4,10,2,0,13,29,21,0,0,0,22,21,57,26,69,5,0,0,0,0,0,0,0,0,0,3,123,4,0,292,0,0,0,2,23,0,0,30,0,0,0,0,0,0,0,0,0,2,20,4,0,0,0,4,6,3,0,33,233,10,0,0,0,0,0,0,0,0,0,0,0,0,0
89,"Nieder-Barnim","POT",18,0,0,0,0,2,142,284,130,140,37,2,2,2,2,3,2,0,0,0,0,0,0,0,0,187,0,2,0,0,2,0,0,0,0,0,10,0,27,58,90,71,11,10,3,10,5,0,5,14,5,3,31,205,0,0,0,0,18,0,0,0,0,31,0,222,0,0,0,289,0,147,0,25,75,1,22,24,0,0,20,19,11,0,0,9,0,0,2,0,0,0,0,0,0,12,40,6,0,0,2,0,33,0,0,21,1,6,0,0,0,0,0,0,0,0,0,0,0,0,0
90,"Beeskow-Storkow","POT",24,0,0,0,0,0,0,4,0,59,12,53,61,0,0,0,0,0,0,0,0,0,0,0,0,0,0,0,0,0,0,0,0,0,0,0,13,0,20,20,41,35,2,3,5,0,1,0,1,4,0,0,0,0,0,0,0,0,0,0,0,0,0,0,0,0,0,0,0,0,0,0,0,6,75,11,0,0,0,0,0,0,0,0,0,0,0,0,0,0,0,0,0,0,0,0,0,10,0,0,0,0,0,2,0,17,64,5,0,0,0,0,2,0,0,0,0,0,0,0,0
91,"Teltow","POT",0,0,0,0,0,26,64,540,133,160,53,2,1,3,1,0,0,1,0,0,0,0,0,0,0,33,0,0,0,13,0,0,1,0,0,0,10,290,16,25,92,77,5,7,1,4,7,0,8,10,0,0,0,55,0,0,0,0,50,0,0,0,0,0,0,0,0,0,0,0,20,63,0,7,37,4,14,0,0,0,0,0,0,0,0,0,0,0,0,0,2,0,0,0,3,0,0,0,0,0,4,0,0,1,0,33,92,2,0,0,0,0,0,0,0,1,0,0,0,0,12
92,"Jüterbock-Luckenwalde","POT",423,0,0,0,0,0,0,387,217,216,48,191,693,6,14,0,0,0,0,0,0,540,39,391,0,0,0,0,0,0,8,0,0,0,0,0,49,10,19,14,134,75,8,10,1,17,9,11,7,25,1,0,0,0,0,0,0,0,0,0,0,0,0,0,0,0,95,13,0,0,0,0,0,18,142,4,0,20,0,0,0,0,47,0,0,5,0,0,0,0,0,0,36,0,0,0,0,249,0,0,0,0,0,2,0,35,43,13,0,0,0,0,0,0,0,0,0,0,0,0,0
93,"Zauch-Belzig","POT",74,0,0,0,0,0,0,21,12,420,180,46,58,4,3,0,0,0,0,0,0,39,0,0,0,0,0,0,0,0,0,0,0,0,0,0,1,0,40,47,71,65,2,4,5,3,11,5,3,7,0,0,12,0,0,0,0,0,0,0,0,0,0,0,0,0,0,0,0,0,0,0,0,1,604,6,0,99,0,0,11,0,0,0,0,0,0,0,0,0,0,0,0,0,0,0,55,23,0,0,0,0,0,0,0,52,41,2,0,0,0,0,0,0,0,0,0,0,0,0,0
94,"Potsdam","POT",0,0,0,0,0,53,12,28,8,4,4,2,20,4,2,0,0,0,0,0,0,49,0,0,0,66,0,0,0,0,0,0,0,0,0,0,10,3,0,0,10,21,1,1,8,66,0,0,1,2,0,0,0,0,0,0,0,0,0,0,0,0,0,0,0,0,0,0,0,0,0,23,0,11,0,0,1,0,0,0,5,0,90,209,0,0,0,0,0,0,0,0,0,212,0,3,0,2,4,0,0,23,57,4,0,71,5,22,0,0,0,0,0,0,0,0,0,0,0,0,0
95,"Ost-Havelland","POT",18,0,0,0,0,0,0,10,317,185,67,1,0,4,2,5,2,0,0,2,2,0,0,0,0,0,0,0,2,0,4,0,0,0,0,0,4,5,3,8,88,87,5,4,3,1,15,0,0,8,2,1,4,0,0,0,0,0,0,0,0,0,0,0,0,0,0,0,0,0,0,0,0,15,87,2,0,0,0,0,6,3,29,0,0,0,0,0,0,0,0,0,0,82,0,0,140,0,0,0,0,0,0,0,0,38,86,6,0,0,0,0,0,0,0,0,0,0,0,0,0
96,"West-Havelland","POT",277,0,0,51,0,2,613,2,34,253,143,96,392,1,1,0,0,3,1,0,0,468,0,0,67,613,0,0,4,4,4,0,0,0,0,1,32,32,3,12,73,79,5,7,5,9,75,17,10,5,0,0,7,0,0,0,0,0,0,0,0,0,0,0,0,0,0,0,0,0,16,35,0,23,442,1,0,0,2,0,57,0,35,0,0,4,1,125,0,3,0,0,0,0,0,8,232,129,13,0,0,2,62,2,0,37,41,16,0,0,0,0,0,0,0,0,40,0,0,0,100
97,"Ruppin","POT",103,0,0,0,0,0,0,16,9,299,30,76,79,0,0,0,0,0,0,0,0,295,0,0,0,0,0,0,0,0,0,0,0,0,0,0,2,0,29,59,78,51,1,1,2,2,31,8,1,11,0,0,3,0,0,0,0,0,0,0,0,0,0,0,0,0,20,0,0,25,11,52,0,5,69,9,0,152,0,0,0,0,83,0,25,0,0,124,0,0,0,0,8,3,0,5,0,0,0,0,0,0,0,4,0,26,45,4,0,0,0,0,0,0,0,0,0,0,0,0,0
98,"Ost-Priegnitz","POT",110,46,0,0,0,0,0,0,0,49,25,112,150,0,0,0,0,0,0,0,0,134,0,0,0,0,0,0,0,0,0,0,0,0,0,0,7,0,47,54,55,46,9,10,2,0,7,6,4,1,0,0,41,0,0,0,0,0,0,0,0,0,0,0,0,7,60,15,0,0,0,0,0,4,149,2,0,3,0,0,0,0,0,0,0,5,0,0,0,0,0,0,0,0,0,0,24,0,0,0,0,0,0,0,0,23,90,7,0,0,0,0,0,0,0,0,0,0,0,0,30
99,"West-Priegnitz","POT",0,0,0,0,0,0,0,5,5,39,15,0,0,0,0,0,0,0,0,0,0,0,0,0,0,0,0,0,0,0,0,0,0,0,0,0,0,0,26,35,62,52,13,15,3,0,86,1,2,0,0,0,5,0,0,0,0,5,0,0,0,0,0,0,0,0,0,0,0,0,0,0,0,16,134,0,0,2,0,0,6,0,13,10,0,0,0,0,0,0,0,0,0,0,0,6,0,0,0,0,0,5,4,4,0,52,23,13,0,0,0,0,0,0,0,0,0,0,0,0,0
100,"Königsberg","FRA",51,0,0,0,0,0,0,13,11,166,33,126,76,1,0,0,0,0,0,0,4,129,0,0,0,0,0,0,0,0,0,0,0,0,0,0,0,0,45,55,80,78,4,8,12,1,23,12,2,15,17,0,3,29,0,0,0,0,0,0,0,0,0,0,0,0,0,0,0,0,0,0,0,20,279,2,0,0,0,0,0,0,8,0,0,9,0,0,0,0,0,0,0,0,0,4,0,3,0,0,0,0,0,1,0,45,143,12,0,0,0,0,0,0,0,0,0,0,0,0,0
101,"Soldin","FRA",36,0,0,0,0,0,0,3,4,85,21,20,1,0,0,0,0,0,0,0,0,15,0,0,0,0,0,0,0,0,0,0,0,0,0,0,0,0,18,22,51,45,0,1,22,5,19,2,2,10,0,0,0,0,0,0,0,0,0,0,0,0,0,0,0,0,0,0,0,0,12,0,0,1,116,31,0,50,0,0,2,0,1,0,0,9,0,0,0,0,0,0,0,0,0,2,0,1,0,0,0,0,3,2,0,14,125,16,0,0,0,0,0,0,0,0,0,0,0,0,0
102,"Arnswalde","FRA",0,0,0,0,0,0,0,0,0,10,2,13,3,0,0,0,0,0,0,0,0,0,0,0,0,0,0,0,0,0,0,0,0,0,0,0,0,0,33,53,21,13,0,1,15,1,9,2,3,17,2,2,3,0,0,0,0,0,0,0,0,0,0,0,0,0,36,0,0,0,0,236,0,27,130,9,0,59,0,0,0,0,0,0,0,0,0,0,0,0,0,0,0,0,0,0,0,0,0,0,0,0,0,0,0,7,58,4,0,0,0,0,0,0,0,0,0,0,0,0,0
103,"Friedeberg","FRA",0,0,0,0,0,0,0,1,0,19,4,58,29,0,0,0,0,0,0,0,0,0,0,0,0,0,0,0,0,0,0,0,0,0,0,0,0,0,31,44,33,33,3,2,1,3,7,3,6,19,0,0,17,6,0,0,0,0,0,0,0,0,0,0,0,0,41,0,0,0,170,0,0,7,86,7,0,7,0,0,0,0,9,0,0,0,0,0,0,0,0,0,0,0,0,0,0,0,0,0,0,7,2,1,0,15,38,3,0,0,0,0,0,0,0,2,0,0,0,0,0
104,"Landsberg","FRA",5,0,0,0,0,0,0,1,4,58,38,0,2,0,0,0,0,2,27,0,0,2,0,0,0,0,0,0,21,6,0,0,2,0,0,0,0,0,15,36,72,55,3,5,4,3,87,2,1,14,0,0,0,45,0,0,0,0,23,0,0,0,0,0,0,83,0,0,0,0,0,0,0,10,152,40,0,8,0,0,7,0,122,0,0,0,0,0,0,0,0,0,0,0,0,8,0,0,0,0,3,0,0,0,0,25,71,9,0,0,0,0,0,0,0,0,0,0,0,0,0
105,"Lebus","FRA",30,0,0,0,0,0,0,21,12,84,34,10,8,1,0,0,0,0,0,0,0,0,0,14,0,0,0,0,0,0,0,0,0,0,0,2,0,0,54,84,79,79,6,7,16,21,50,2,2,8,5,1,1,0,0,0,0,0,0,0,0,0,0,0,0,4,0,0,0,0,5,0,0,5,202,0,0,0,0,0,0,0,0,0,120,64,0,0,0,0,0,0,0,0,3,3,0,0,0,0,0,0,1,2,0,34,209,6,0,0,0,0,0,0,0,0,0,0,0,0,0
106,"Frankfurt","FRA",55,0,0,0,0,0,0,0,0,0,0,2,55,0,0,0,0,0,0,0,0,55,0,0,0,0,0,0,0,0,0,0,0,0,0,3,0,3,5,4,2,0,1,2,4,0,2,0,4,0,0,0,0,7,0,0,0,0,0,0,0,0,0,0,0,0,0,0,0,0,173,12,0,16,60,0,0,10,0,0,18,0,32,0,0,10,3,4,8,0,14,0,22,0,0,8,0,5,0,6,8,12,14,4,0,60,2,30,2,0,0,0,0,0,0,0,0,0,0,0,0
107,"Sternberg","FRA",423,0,0,0,0,1,146,2,0,39,23,161,131,0,0,0,0,1,91,0,0,0,0,0,0,139,0,0,91,0,0,0,0,0,0,0,3,0,75,90,52,35,1,1,11,6,10,14,3,19,0,0,5,0,0,0,0,0,0,0,0,4,0,27,0,0,26,0,0,0,4,0,0,10,188,14,0,22,0,0,0,0,30,0,0,8,0,0,0,0,0,0,0,0,0,0,302,0,0,0,0,0,0,2,0,59,62,14,0,0,0,0,0,0,0,0,0,0,0,0,0
108,"Züllichau","FRA",219,0,0,0,0,1,113,0,0,17,0,123,646,0,0,0,0,0,0,0,0,543,0,0,0,113,0,0,0,0,0,0,0,0,0,0,13,0,47,31,80,32,2,0,15,6,13,16,2,3,0,0,1,0,0,0,0,0,0,0,0,0,0,0,0,0,0,0,0,0,0,0,0,7,68,5,0,0,0,0,0,6,0,0,0,6,0,0,0,0,0,0,0,0,0,0,0,161,0,0,0,0,0,0,0,53,43,0,0,0,0,0,0,0,0,0,0,0,0,1,0
109,"Guben","FRA",180,0,0,0,0,0,0,0,0,29,9,64,352,6,2,0,0,0,0,0,0,357,0,0,0,0,0,0,0,0,0,0,0,0,0,0,17,4,50,58,20,9,0,1,0,0,22,20,1,7,0,0,6,0,0,5,0,0,0,0,0,0,0,0,0,0,0,0,0,0,0,0,0,25,81,0,0,0,0,0,0,0,13,0,0,0,0,44,0,0,0,0,0,0,0,4,0,264,0,0,1,0,0,0,0,32,25,4,0,0,0,0,0,0,0,0,0,0,0,0,0
110,"Crossen","FRA",212,0,0,0,0,0,0,5,2,58,22,169,497,11,6,0,0,0,0,0,0,236,0,0,0,0,0,0,0,0,0,0,0,0,0,0,14,0,45,43,38,18,3,2,4,0,0,14,1,18,0,0,3,60,0,0,0,0,0,0,0,0,0,0,0,0,49,0,0,0,0,0,0,13,95,24,0,10,0,0,0,0,0,0,0,0,0,0,0,0,0,0,0,0,0,0,0,324,0,0,0,0,0,1,0,44,67,10,0,0,0,0,0,0,0,0,0,0,0,0,0
111,"Lübben","FRA",90,0,0,0,0,0,0,12,7,35,8,3,0,0,0,0,0,0,0,0,0,0,0,0,0,0,0,0,0,0,0,0,0,0,0,0,0,0,27,33,45,10,0,0,3,3,3,2,7,16,0,0,0,0,0,0,0,0,0,0,0,0,0,0,0,0,0,0,0,0,0,0,0,17,53,10,0,0,0,0,0,0,0,0,0,0,0,0,0,0,0,0,0,0,0,0,0,0,0,0,0,0,0,0,0,42,33,0,0,0,0,0,0,0,0,0,0,0,0,0,0
112,"Luckau","FRA",195,0,0,0,0,0,0,8,82,64,11,126,603,4,1,0,0,2,208,0,0,215,0,0,0,0,0,0,208,0,0,0,0,0,0,0,34,0,65,31,169,41,6,2,2,5,11,20,4,21,1,0,1,0,0,0,0,0,0,0,0,0,0,0,0,49,0,0,0,0,0,0,0,0,115,14,0,0,0,0,0,4,36,0,0,0,0,0,0,0,0,0,0,0,0,0,0,282,0,0,0,0,0,0,0,53,68,4,0,0,0,0,0,0,0,0,0,0,0,0,0
113,"Kalau","FRA",21,0,0,0,0,0,0,4,5,163,90,0,0,3,0,0,0,1,0,0,0,0,0,9,127,0,0,0,0,0,0,0,0,0,0,0,1,0,105,67,51,25,3,3,3,0,9,0,2,16,0,0,0,0,0,0,0,0,0,0,0,0,0,0,0,0,27,0,0,0,0,0,0,2,100,0,0,6,0,0,0,0,0,0,0,8,0,0,0,0,0,0,0,0,0,0,0,30,0,0,0,0,0,2,0,47,74,4,0,0,0,0,0,0,0,0,0,0,0,0,0
114,"Cottbus","FRA",351,0,0,0,0,0,0,6,5,188,95,133,458,4,4,0,0,0,0,0,0,354,0,0,0,0,0,0,0,0,0,0,0,8,0,0,19,6,20,35,20,9,4,4,0,0,2,15,2,4,0,0,0,32,0,3,0,0,0,0,0,0,0,0,0,8,0,0,0,0,0,0,0,4,138,0,0,2,0,0,0,0,41,0,0,0,0,0,0,0,0,0,0,0,0,0,0,117,0,0,0,0,0,0,0,40,45,1,0,0,0,5,0,0,0,0,0,0,0,0,0
115,"Sorau","FRA",600,14,0,0,0,0,0,67,68,850,524,162,592,0,0,1,0,0,0,0,0,177,0,0,0,0,0,0,0,0,0,0,0,14,0,0,0,0,97,73,34,23,1,0,2,0,11,34,7,24,1,0,0,0,0,0,0,0,3,0,0,0,0,0,0,0,43,14,0,0,0,0,0,8,140,0,0,0,0,0,0,0,0,0,2,0,0,0,0,0,0,0,0,0,0,0,0,86,80,0,10,0,0,0,0,76,45,12,0,0,0,0,0,0,0,0,0,0,0,0,0
116,"Spremberg","FRA",181,0,0,0,0,0,0,0,0,29,6,133,108,0,0,0,0,0,0,0,0,0,0,0,0,0,0,0,0,0,0,0,0,0,0,0,0,0,14,13,21,2,0,0,0,0,1,10,1,5,0,0,0,0,0,0,0,0,0,0,0,0,0,0,0,0,68,14,0,0,0,0,0,0,42,0,0,0,0,0,0,4,0,0,0,0,0,0,0,0,0,0,0,0,0,0,24,84,0,0,0,0,0,0,0,13,3,3,0,0,0,0,0,0,0,0,0,0,0,0,0
117,"Demmin","STE",23,0,0,0,0,0,0,1,2,330,54,3,2,2,0,0,0,0,0,0,0,0,0,0,0,0,0,0,0,0,0,0,0,0,0,0,4,0,19,30,36,40,14,19,22,0,27,1,5,0,0,0,4,0,0,0,0,0,0,0,0,0,0,0,0,0,0,0,0,0,0,0,0,25,118,0,0,8,0,0,0,0,8,0,0,0,0,0,0,0,0,0,0,0,0,2,0,0,0,0,0,0,0,2,0,18,14,4,0,0,0,0,0,0,0,0,0,0,0,0,0
118,"Anclam","STE",0,0,0,0,0,0,0,0,0,141,26,4,1,1,0,0,0,0,0,0,0,0,0,0,0,0,0,0,0,0,0,0,0,6,0,0,0,0,2,5,44,46,7,14,6,0,14,2,4,0,0,0,3,0,0,0,0,0,0,0,0,0,0,0,0,0,0,0,0,0,5,0,0,0,0,0,0,0,0,0,0,0,20,0,0,4,0,0,0,0,0,0,0,0,0,0,0,0,0,0,0,10,0,3,0,16,6,6,0,0,0,0,0,0,0,0,0,0,0,0,0
119,"Usedom-Wollin","STE",0,0,0,0,0,0,0,0,0,44,10,0,0,0,0,0,0,0,0,0,0,0,0,0,0,0,0,0,0,0,0,0,0,0,0,0,8,0,0,0,40,51,14,17,2,0,0,0,0,0,0,0,4,0,0,0,0,2,0,0,0,0,0,0,0,4,0,0,0,0,6,0,0,13,101,10,0,0,0,0,0,0,0,0,0,0,0,0,0,0,0,0,0,0,0,1,0,0,0,0,0,0,0,0,0,11,11,6,0,0,0,0,0,0,0,0,0,0,0,0,0
120,"Uckermünde","STE",0,0,0,0,0,0,0,2,0,107,9,1,0,1,1,0,0,0,0,0,0,0,0,0,0,0,0,0,0,0,0,0,0,0,0,0,0,0,10,20,34,39,6,7,2,0,4,0,4,9,0,0,2,31,0,0,0,0,0,0,0,0,0,0,0,0,0,0,0,0,0,0,0,12,176,36,0,0,0,0,10,0,27,0,0,19,0,0,0,0,0,0,0,0,0,2,0,0,0,0,0,0,2,0,0,11,10,4,0,0,0,0,0,0,0,0,0,0,0,0,0
121,"Randow","STE",0,0,0,0,0,0,0,0,0,3,0,0,0,0,0,0,0,0,0,0,0,0,0,0,0,0,0,0,0,0,0,0,0,0,0,0,0,0,33,89,90,159,7,10,23,94,67,0,8,17,4,0,0,91,0,0,0,0,61,0,0,0,0,0,0,19,31,0,0,0,0,43,0,42,130,11,0,0,0,0,0,0,148,391,0,2,0,22,2,0,38,0,0,0,8,6,0,3,0,0,0,0,84,13,0,79,58,94,0,0,0,0,0,0,0,0,0,0,0,0,0
122,"Greiffenhagen","STE",0,0,0,0,0,0,0,3,4,66,11,19,25,0,0,0,0,0,0,0,0,0,14,0,0,0,0,0,0,0,0,0,0,0,0,0,2,4,32,49,36,48,0,0,8,2,6,2,4,10,0,0,0,0,0,0,0,0,0,0,0,3,0,0,0,0,0,0,0,0,0,0,0,5,65,0,0,85,0,0,0,0,0,0,193,0,0,0,0,0,0,0,0,0,0,0,0,0,0,0,0,0,0,1,0,12,74,2,0,0,0,0,0,0,0,0,0,0,0,0,0
123,"Pyritz","STE",0,0,0,0,0,0,0,2,0,23,2,4,0,0,0,0,0,0,0,0,0,0,0,0,0,0,0,0,0,0,0,0,0,0,0,0,0,0,25,38,42,54,0,0,2,0,32,0,2,15,0,0,0,0,0,0,0,0,0,0,0,0,0,0,0,0,0,0,0,0,0,0,0,2,140,0,0,0,0,0,0,0,0,0,0,2,0,0,0,0,0,0,0,0,0,0,0,0,0,0,0,0,0,0,0,5,92,14,0,0,0,0,0,0,0,0,0,0,0,0,0
124,"Saazig","STE",0,0,0,0,0,0,0,0,0,30,10,0,0,0,0,0,0,0,0,0,0,0,0,0,0,0,0,0,0,0,0,0,4,0,0,0,0,0,36,52,31,25,2,3,5,2,3,0,0,12,0,0,0,0,0,0,0,0,0,0,0,0,0,0,0,0,0,0,0,0,0,0,0,13,91,0,0,0,0,0,0,0,23,0,0,0,0,0,0,0,0,0,0,0,0,8,0,0,0,0,0,0,0,0,0,25,86,21,0,0,0,0,0,0,0,0,0,0,0,0,0
125,"Naugardt","STE",100,8,0,0,0,0,0,1,43,7,119,8,16,0,0,0,0,0,0,0,0,0,8,62,114,0,0,0,0,0,0,0,0,0,0,0,9,0,40,41,31,30,1,1,7,0,5,3,1,20,0,0,0,0,0,0,0,0,0,0,0,4,0,0,0,0,0,0,0,0,0,0,0,9,26,4,0,0,0,0,0,0,102,0,0,0,0,0,0,0,0,0,0,0,0,0,0,0,0,0,0,0,0,0,0,13,46,17,0,0,0,0,0,0,0,0,0,50,0,0,0
126,"Cammin","STE",0,0,0,0,0,0,0,0,0,1,1,0,0,0,0,0,0,0,0,0,0,0,0,0,0,0,0,0,0,0,0,0,0,0,0,0,0,0,21,24,54,48,3,6,2,0,2,0,1,12,0,0,0,0,0,0,0,0,0,0,0,0,0,0,0,0,35,0,0,0,0,0,0,2,37,16,0,0,0,0,0,0,0,0,0,0,0,0,0,0,0,0,0,0,0,0,0,0,0,0,0,0,0,0,0,8,0,16,0,0,0,0,0,0,0,0,0,0,0,0,0
127,"Greiffenberg","STE",0,0,0,0,0,0,0,0,0,12,2,1,0,0,0,0,0,0,0,0,0,0,0,0,0,0,0,0,0,0,0,0,1,0,0,0,0,0,7,24,34,17,0,0,2,0,14,1,3,6,0,0,0,0,0,0,0,0,0,0,0,0,0,0,0,0,0,0,0,0,0,0,0,3,43,0,0,6,0,0,0,0,0,0,0,0,0,0,0,0,0,0,0,0,0,0,0,0,0,0,0,0,4,0,0,20,27,24,0,0,0,0,0,0,0,0,0,0,0,0,0
128,"Regenwalde","STE",3,0,0,0,0,0,0,0,0,14,6,1,7,0,0,0,0,2,1,0,0,12,0,0,0,0,0,0,0,0,0,0,0,0,0,0,3,0,38,37,13,7,1,1,6,0,23,1,3,16,0,0,11,16,0,0,0,0,0,0,0,2,0,0,0,10,0,0,0,0,0,7,0,6,94,12,0,0,0,0,0,0,0,0,22,0,0,0,0,0,0,0,0,0,0,0,0,0,0,0,0,0,8,4,0,11,114,9,0,0,0,0,0,0,0,0,0,0,0,0,0
129,"Schiefelbein","KOS",26,4,0,0,0,0,0,0,0,3,6,0,0,0,0,0,0,0,0,0,0,0,0,0,0,0,0,0,0,0,0,0,0,0,0,0,0,0,10,11,12,9,0,0,3,0,5,2,2,4,0,0,1,0,0,0,0,0,0,0,0,0,0,0,0,0,0,0,0,0,0,0,0,0,28,2,0,0,0,0,0,0,0,0,0,0,0,0,0,0,0,0,0,0,0,0,0,0,0,0,0,0,0,0,0,8,13,10,0,0,0,0,0,0,0,0,0,0,0,0,0
130,"Dramburg","KOS",158,0,0,0,0,0,0,2,0,27,0,214,56,0,0,0,0,0,0,0,0,0,0,0,0,0,0,0,0,0,0,0,0,0,0,0,5,0,26,25,9,4,0,0,1,0,10,9,5,11,0,0,0,0,0,0,0,0,0,0,0,0,0,0,0,0,0,0,0,0,0,0,0,8,76,11,0,6,0,0,0,0,10,0,0,0,0,0,0,0,0,0,0,0,0,0,0,0,0,0,0,0,0,0,0,10,17,6,0,0,0,0,0,0,0,0,0,0,0,0,0
131,"Neustettin","KOS",31,40,0,0,0,0,0,2,4,15,9,81,24,0,0,0,0,0,0,0,0,0,0,0,0,0,0,0,0,0,0,0,0,0,0,0,29,29,53,23,22,5,3,0,0,0,22,4,6,13,2,0,0,0,0,0,0,0,0,0,0,0,0,0,0,0,0,0,0,0,0,0,0,6,32,0,0,8,0,0,0,0,5,0,0,0,0,0,0,0,0,0,0,0,0,1,0,1,0,0,0,0,5,0,0,14,81,5,0,0,0,0,0,0,0,0,0,0,0,0,0
132,"Belgard","KOS",48,0,0,0,0,0,0,0,0,13,7,6,4,0,0,0,0,0,0,0,0,0,0,0,0,0,0,0,0,0,0,0,0,0,0,0,0,0,34,34,7,6,0,1,1,0,17,3,6,15,0,0,0,0,0,0,0,0,0,0,0,0,0,0,0,0,0,0,0,0,0,0,0,4,37,2,0,0,0,0,0,0,4,0,0,0,0,0,0,0,0,0,0,0,0,0,0,0,0,0,0,0,0,0,0,13,21,5,0,0,0,0,0,0,0,0,0,0,0,0,0
133,"Fürstenthum","KOS",0,0,0,0,0,0,0,1,0,22,13,3,3,0,0,0,0,0,0,0,0,0,0,0,0,0,0,0,0,0,0,0,6,0,0,0,38,2,58,76,33,40,3,8,5,0,44,0,3,14,0,0,78,16,0,0,0,0,41,0,0,0,0,0,0,0,0,0,0,0,0,0,0,28,176,10,0,67,0,0,16,0,10,0,0,15,0,0,0,0,0,0,0,0,0,15,0,0,0,0,0,0,10,1,0,65,75,6,0,0,0,0,0,0,0,0,0,0,0,0,0
134,"Schlawe","KOS",0,2,0,0,0,0,0,0,0,15,4,3,1,0,0,0,0,0,0,0,0,0,0,0,0,0,0,0,0,0,0,0,0,0,0,0,24,0,54,50,30,30,8,5,2,0,55,4,5,17,2,2,0,2,0,0,0,0,0,0,0,0,0,0,0,0,10,0,0,0,0,30,0,10,54,11,0,6,0,0,0,2,8,0,0,10,0,0,0,0,0,0,0,0,0,0,0,0,0,0,0,0,0,0,0,9,16,10,0,0,0,0,0,0,0,0,0,0,0,0,0
135,"Rummelsburg","KOS",0,15,0,0,0,0,0,0,0,6,12,205,125,0,0,0,0,0,0,0,0,0,0,0,0,0,0,0,0,0,0,0,0,0,0,0,3,0,36,23,1,0,0,0,0,0,3,3,2,16,0,0,0,10,0,0,0,0,0,0,0,0,0,0,0,0,0,0,0,0,0,0,0,6,36,13,0,0,0,0,0,0,0,0,0,0,0,0,0,0,0,0,0,0,0,0,0,0,0,0,0,0,0,0,0,2,20,2,0,0,0,0,0,0,0,0,0,0,0,0,0
136,"Stolpe","KOS",17,1,0,0,0,0,0,2,0,77,27,5,5,0,0,3,0,0,0,0,0,0,0,0,0,0,0,0,0,0,0,0,0,0,0,0,0,0,70,71,7,8,8,7,9,0,4,2,3,17,2,0,0,0,0,0,0,0,0,0,0,2,0,0,0,0,23,0,0,0,0,0,0,24,124,2,0,19,0,0,0,0,0,0,0,0,0,0,0,0,0,0,0,0,0,0,0,0,0,0,0,0,0,2,0,38,94,28,0,0,0,0,0,0,0,0,0,0,0,0,58
137,"Lauenburg","KOS",7,0,0,0,0,0,0,1,1,18,5,3,5,0,0,0,0,0,0,0,0,0,0,0,0,0,0,0,0,0,0,0,2,0,0,0,0,0,43,33,1,1,1,1,0,0,3,1,1,10,0,0,0,6,0,0,0,0,0,0,0,0,0,0,0,0,18,0,0,0,0,0,0,8,47,3,0,0,0,0,0,0,0,0,0,0,0,0,0,0,0,0,0,0,0,0,0,0,0,0,0,0,0,1,0,6,38,4,0,0,0,0,0,0,0,0,0,0,0,0,0
138,"Bütow","KOS",0,0,0,0,0,0,0,0,0,2,1,7,6,0,0,0,0,0,0,0,0,0,0,0,0,0,0,0,0,0,0,0,0,0,0,0,0,0,17,14,2,1,0,0,1,0,1,2,1,5,0,0,0,0,0,0,0,0,0,0,0,0,0,0,0,0,0,0,0,0,0,0,0,6,22,2,0,6,0,0,0,0,0,0,0,0,0,0,0,0,0,0,0,0,0,0,0,0,0,0,0,0,0,0,0,6,13,1,0,0,0,0,0,0,0,0,0,0,0,0,0
139,"Rügen","STR",0,0,0,0,0,0,0,0,0,68,9,3,0,1,0,0,0,0,0,0,0,0,0,0,0,0,0,0,0,0,0,0,0,0,0,0,0,0,8,1,80,89,16,15,7,4,4,0,1,0,0,0,0,0,0,0,0,0,0,0,0,0,0,0,0,0,0,0,0,0,0,0,0,1,50,0,0,0,0,0,0,0,0,0,0,0,0,0,0,0,0,0,0,0,132,0,0,0,0,0,0,0,4,0,0,21,8,0,0,0,0,0,0,0,0,0,0,0,0,0,0
140,"Franzburg","STR",7,0,0,0,0,0,0,0,0,182,80,6,1,2,1,2,0,0,0,79,0,3,0,0,0,0,0,0,0,0,0,0,20,2,0,0,0,1,5,9,52,42,36,31,0,10,19,2,13,0,0,20,1,0,0,0,0,0,17,0,0,0,0,0,0,18,0,0,0,0,0,1,0,4,46,0,0,6,0,0,6,0,32,0,190,6,0,0,0,0,0,0,0,0,0,12,0,0,0,0,5,36,6,7,47,34,19,17,0,0,0,0,0,0,0,0,0,0,0,0,0
141,"Greifswald","STR",0,0,0,0,0,0,0,1,0,185,55,0,0,0,0,0,0,0,0,0,0,0,0,0,0,0,0,0,0,0,0,0,6,0,0,0,0,0,10,13,42,48,22,35,25,0,22,0,9,0,0,0,15,0,0,0,0,0,50,0,0,0,0,0,0,38,0,0,0,0,0,0,0,3,19,0,0,10,0,0,6,0,45,0,0,0,0,0,0,0,0,0,0,0,0,0,0,0,0,0,0,0,0,0,0,27,12,8,0,0,0,0,0,0,0,0,0,0,0,0,0
142,"Grimmen","STR",0,2,0,0,0,0,0,1,0,253,90,0,0,0,0,1,0,0,0,0,0,0,0,0,0,0,0,0,0,0,0,0,2,0,0,0,0,0,7,6,56,38,21,24,26,0,6,0,6,0,0,0,0,0,0,0,0,0,32,0,0,0,0,0,0,0,22,0,0,0,0,0,0,3,18,0,0,0,0,0,5,0,3,0,0,0,1,0,0,0,0,0,0,0,0,0,0,0,0,0,0,0,0,0,0,6,0,1,0,0,0,0,0,0,0,0,0,0,0,0,0
143,"Namslau","BRE",0,0,0,0,0,0,0,4,4,145,53,0,0,0,0,0,0,0,0,0,0,0,0,0,0,0,0,0,0,0,0,0,6,0,0,0,0,0,30,24,27,11,0,0,0,0,0,0,3,0,0,0,0,0,0,0,0,0,0,0,0,0,0,0,0,0,0,0,0,0,0,0,0,0,36,0,0,0,0,0,0,0,0,0,0,0,0,0,0,0,0,0,0,0,0,5,0,0,0,0,0,0,0,0,0,22,48,4,0,0,0,0,0,0,0,0,0,0,0,0,0
144,"Wartenberg","BRE",154,0,0,0,0,0,0,2,0,94,17,80,21,0,0,0,0,0,0,0,0,0,0,0,0,0,0,0,0,0,0,0,0,28,0,0,8,4,52,33,38,13,2,2,5,0,4,0,0,7,0,0,1,5,0,0,0,0,0,0,0,0,0,0,0,0,46,0,0,0,0,0,0,3,64,6,0,7,0,0,0,0,0,0,0,0,0,0,0,0,0,0,0,0,0,0,0,0,0,0,0,0,0,1,0,28,21,6,0,0,0,0,0,0,0,0,0,0,0,0,0
145,"Oels","BRE",0,0,0,130,0,0,0,1,1,65,52,18,12,2,0,9,0,0,0,0,0,0,0,0,0,0,0,0,0,0,0,0,0,4,0,0,0,0,63,77,51,35,0,0,18,14,3,6,5,9,0,0,7,0,0,0,0,0,0,0,0,0,0,0,0,0,0,0,0,0,0,1,0,13,147,0,0,72,0,0,0,0,0,0,52,20,0,0,1,0,0,0,0,0,0,0,0,0,0,0,0,0,39,4,0,68,90,5,0,0,0,0,0,0,160,0,0,0,0,0,0
146,"Trebnitz","BRE",113,0,0,0,0,0,0,0,0,75,6,2,52,0,0,0,0,0,0,0,0,219,0,0,0,0,0,0,0,0,0,0,0,0,0,0,0,0,115,54,128,70,1,3,22,4,6,2,2,14,0,0,1,0,0,0,0,0,0,0,0,10,0,0,0,0,0,0,0,0,0,0,0,3,158,0,0,0,0,0,0,0,0,0,8,13,0,0,0,0,0,0,0,0,0,0,0,0,0,0,0,0,5,0,0,56,43,7,0,0,0,0,0,0,0,0,0,0,0,0,14
147,"Militsch","BRE",9,0,0,0,0,0,0,0,0,119,72,15,18,1,0,0,0,0,0,0,0,0,0,0,0,0,0,0,0,0,0,0,0,0,0,0,0,0,36,18,137,68,2,2,14,0,14,3,6,10,0,0,1,0,0,0,0,0,0,0,0,0,0,0,0,0,0,0,0,0,0,0,0,0,80,32,0,0,0,0,0,0,0,0,0,0,0,0,0,0,0,0,0,0,0,0,0,0,0,0,0,4,0,2,0,40,22,13,0,0,0,0,0,0,0,0,0,0,0,0,0
148,"Gurau","BRE",3,0,0,0,0,0,0,0,0,56,20,1,0,1,1,0,0,0,0,0,0,0,0,0,0,0,0,0,0,0,0,0,0,0,0,0,0,0,11,3,286,136,1,2,11,0,0,1,3,0,0,0,0,0,0,0,0,0,0,0,0,0,0,0,0,0,0,0,0,0,0,0,0,0,67,0,0,3,0,0,1,0,0,0,0,5,0,0,0,0,0,0,0,0,0,0,0,0,0,0,0,0,0,0,0,47,36,8,0,0,0,0,0,0,0,0,0,0,0,0,0
149,"Steinau","BRE",49,2,0,0,0,0,0,10,0,43,7,5,0,0,0,0,0,0,0,0,0,0,0,0,0,0,0,0,0,0,0,0,0,0,0,0,1,1,25,16,84,59,1,0,11,0,1,0,0,0,0,0,0,0,0,0,0,0,0,0,0,0,0,0,0,0,0,0,0,0,0,0,0,0,86,0,0,0,0,0,0,0,0,0,0,0,0,0,0,0,0,0,0,0,0,0,0,0,0,0,0,0,0,0,0,29,14,2,0,0,0,0,0,0,0,0,0,0,0,0,0
150,"Wolau","BRE",0,0,0,0,0,0,0,0,0,89,18,1,1,3,1,0,0,0,0,0,0,0,0,0,0,0,0,0,0,0,0,0,0,0,0,0,5,0,47,20,170,114,1,1,0,0,8,1,1,1,0,0,0,0,0,0,0,0,0,0,0,0,0,0,0,0,0,0,0,0,0,0,0,0,252,0,0,6,0,0,0,0,0,0,0,0,0,0,0,0,0,0,0,0,0,0,0,0,0,0,0,0,0,0,0,33,34,5,0,0,0,0,0,0,0,0,0,0,0,0,0
151,"Neumarkt","BRE",0,0,0,0,0,0,0,0,0,40,4,1,1,0,0,0,0,0,0,0,0,0,0,0,0,0,0,0,0,0,0,0,0,0,0,0,0,0,33,50,101,87,2,4,17,0,10,1,2,1,0,0,0,0,0,0,0,0,0,0,0,0,0,0,0,0,0,0,0,0,0,0,1,0,91,0,0,0,0,0,0,0,19,0,0,0,0,0,0,0,0,0,0,0,0,0,0,0,0,0,3,0,0,0,0,35,94,5,0,0,0,0,0,0,0,0,0,0,0,0,0
152,"Breslau","BRE",0,252,0,0,0,0,0,10,6,46,20,12,10,3,6,2,8,7,60,0,0,7,0,0,0,0,0,0,0,263,0,0,7,0,0,0,1,540,30,148,76,86,7,3,2,4,54,2,5,1,0,0,14,0,0,0,0,0,22,0,0,0,0,0,0,592,0,0,0,0,47,35,0,13,142,0,14,0,4,0,31,6,7,72,1006,2,4,54,10,67,32,1,0,0,0,33,0,4,8,172,2,131,25,12,6,227,102,75,0,0,0,0,0,0,0,0,117,0,0,0,12
153,"Olau","BRE",33,0,0,0,0,0,0,6,1,33,2,0,0,0,0,0,0,0,0,0,0,0,0,0,0,0,0,0,0,0,0,0,0,0,0,0,5,0,23,43,41,30,0,0,4,0,3,0,0,1,0,0,0,0,0,0,0,0,0,0,0,0,0,0,0,0,0,0,0,0,0,0,0,16,45,0,0,0,0,0,0,0,176,0,0,0,0,0,0,0,0,0,0,0,0,0,0,20,0,0,0,0,0,0,0,49,47,9,0,0,0,0,105,0,0,0,0,0,0,0,0
154,"Brieg","BRE",12,0,0,0,0,0,0,0,0,16,8,21,25,0,0,1,1,2,53,0,0,0,0,0,0,0,0,0,0,53,0,0,0,8,0,0,6,0,18,51,32,22,0,0,4,0,0,0,2,3,0,0,0,0,0,0,0,0,0,0,0,0,0,0,0,0,0,0,0,0,0,4,0,28,188,0,0,11,0,0,0,0,0,0,249,1,0,0,0,0,0,0,0,0,0,3,0,0,0,0,0,0,0,1,0,28,29,11,0,0,0,0,0,0,0,0,0,0,0,0,0
155,"Strehlen","BRE",0,0,0,0,0,0,0,417,137,22,0,0,0,0,0,0,0,0,0,0,0,0,0,0,0,0,0,0,0,0,0,0,0,0,0,0,0,0,35,65,22,13,2,1,3,0,17,0,0,4,0,0,0,0,0,0,0,0,0,0,0,0,0,0,0,0,0,0,0,0,0,0,0,30,66,0,0,0,0,0,0,0,0,0,206,11,0,0,0,0,0,0,0,0,0,0,0,0,0,0,0,0,0,0,0,33,51,6,0,0,0,0,0,0,0,0,0,0,0,0,0
156,"Nimtsch","BRE",0,0,0,0,0,0,0,73,9,119,24,0,0,1,0,2,0,0,0,0,0,0,0,0,0,0,0,0,0,0,0,0,0,0,0,0,6,0,59,81,25,21,0,0,11,0,0,0,0,4,0,0,0,0,0,0,0,0,0,0,0,0,0,0,0,0,0,0,0,0,0,16,0,0,81,0,0,0,0,0,0,0,0,0,75,0,0,0,0,0,0,0,0,0,0,1,0,0,0,0,0,0,0,0,0,36,24,2,0,0,0,0,0,0,0,0,0,0,0,0,0
157,"Münsterberg","BRE",0,0,0,0,0,0,0,0,0,93,17,0,0,5,0,1,0,0,0,0,0,0,0,0,0,0,0,0,0,0,0,0,0,0,0,0,0,0,55,59,11,5,0,0,0,0,0,0,0,7,0,0,0,0,0,0,0,0,0,0,0,0,0,0,0,0,0,0,0,0,0,0,0,0,61,0,0,0,0,0,0,0,0,0,0,0,0,0,0,0,0,0,0,0,0,0,0,0,0,0,2,0,0,0,0,19,6,18,0,0,0,0,0,0,0,0,0,0,0,0,0
158,"Frankenstein","BRE",0,0,0,0,0,0,0,281,189,83,24,3,2,13,8,5,1,0,0,0,0,0,0,0,0,0,0,0,0,0,0,0,0,0,0,0,0,0,66,87,11,5,3,1,2,0,0,0,0,10,0,0,0,0,0,0,0,0,0,0,0,0,0,12,0,0,0,0,0,60,0,4,2,59,89,0,0,0,0,0,0,4,25,0,0,2,0,0,0,0,0,0,0,7,0,0,166,0,0,0,2,0,0,0,0,38,28,14,0,0,0,0,0,0,0,0,0,0,0,0,0
159,"Reichenbach","BRE",0,0,11,0,0,0,0,2788,4683,80,47,76,114,1,0,11,9,2,5,0,0,0,20,10462,12,0,0,0,0,0,0,0,13,34,9,0,176,66,114,120,27,18,5,5,2,9,26,4,1,16,0,0,0,0,0,0,0,0,0,0,0,0,0,0,0,0,0,0,0,0,0,0,0,0,84,0,0,0,0,0,0,0,4,0,0,17,0,0,0,0,0,0,0,0,0,0,0,25,0,0,0,0,0,2,0,47,51,3,0,0,0,0,0,0,0,0,0,0,0,0,0
160,"Schweidnitz","BRE",48,0,0,649,0,0,0,1044,572,142,50,26,14,3,2,4,2,0,0,0,0,130,0,0,0,0,0,0,0,0,0,0,0,0,0,0,13,0,90,136,23,20,3,3,13,0,15,6,5,9,0,0,2,0,0,0,0,0,0,0,0,2,0,0,0,46,0,0,0,0,0,28,0,76,306,0,0,18,0,0,119,0,5,0,717,15,0,4,0,0,0,0,0,0,0,0,0,102,0,20,0,2,6,6,0,69,80,21,0,0,0,0,0,0,0,0,0,0,0,0,0
161,"Striegau","BRE",0,0,0,0,0,0,0,16,6,28,5,7,12,0,0,1,0,1,3,0,0,0,0,0,0,0,0,0,0,0,0,0,0,0,0,0,4,0,25,41,34,30,5,5,14,0,1,1,4,4,0,0,0,0,0,0,0,0,0,0,0,0,0,0,0,0,0,0,0,0,0,0,0,0,63,0,0,0,0,0,27,0,0,0,76,0,0,0,0,0,0,0,0,0,0,0,0,5,0,0,1,0,0,0,0,31,25,3,0,0,0,0,0,0,0,0,0,0,0,0,0
162,"Waldenburg","BRE",16,0,0,525,0,0,0,1715,1818,944,1116,6,362,1,1,2,0,4,1,0,0,0,350,111,20,0,0,0,0,0,0,0,247,72,0,0,57,8,121,120,7,7,1,1,1,0,0,34,16,60,0,6,67,0,0,0,0,0,38,0,0,0,0,0,0,0,19,0,0,710,0,6,0,22,99,0,0,82,0,0,0,0,40,0,0,14,0,0,0,0,0,0,0,0,0,0,0,0,0,0,0,0,0,1,0,50,42,13,0,0,0,0,0,0,0,0,0,0,0,0,0
163,"Glatz","BRE",95,0,836,98,53,0,0,3938,1538,169,14,168,120,8,2,15,12,312,36,0,0,0,0,782,0,0,0,0,0,0,0,0,8,4,0,0,16,3,187,192,0,0,0,0,5,3,27,12,1,48,0,0,0,78,0,0,0,0,0,0,0,0,0,0,0,0,93,34,0,0,0,25,0,132,45,3,0,12,0,0,0,0,0,0,38,4,0,0,0,0,0,0,0,0,0,0,0,80,0,0,0,0,1,0,0,83,69,21,0,0,0,0,0,0,0,0,0,0,0,0,0
164,"Habelschwerdt","BRE",0,0,0,0,0,0,0,596,312,694,196,203,29,17,22,0,0,2,0,0,0,0,762,1522,0,0,0,0,0,0,0,0,10,11,0,0,0,0,208,111,0,0,0,0,0,0,35,12,3,55,0,0,0,23,0,0,0,0,0,0,0,0,0,0,0,0,19,2,0,0,0,7,7,28,66,0,0,15,0,0,0,3,6,0,0,0,0,0,0,0,0,0,0,0,0,0,0,2,0,0,0,0,0,0,0,36,40,4,0,0,0,0,0,0,0,0,0,0,0,0,0
165,"Creutzburg","OPP",42,0,0,0,0,0,0,0,0,79,57,25,31,0,0,1,0,0,0,0,0,0,0,0,0,0,0,0,0,0,0,0,0,12,0,0,0,0,40,34,23,9,1,0,8,1,8,4,4,3,0,0,0,119,0,0,0,0,0,0,0,0,0,0,0,0,0,0,0,0,0,0,1,0,57,1,0,0,0,0,12,0,0,0,0,0,0,0,0,0,0,0,0,0,0,0,0,0,0,0,0,0,0,0,0,20,75,4,0,0,0,0,0,0,0,0,0,0,0,0,0
166,"Rosenberg","OPP",0,0,0,0,0,0,0,0,0,79,0,2,4,1,0,2,0,0,0,0,0,0,0,0,0,0,0,0,0,0,0,0,0,4,0,0,1,0,69,18,5,0,0,0,12,0,1,1,2,10,0,0,0,189,0,0,0,0,15,0,0,0,0,0,0,0,6,0,0,0,0,0,13,24,139,18,0,4,0,0,0,0,0,0,0,0,0,0,0,0,0,0,0,0,0,0,0,0,0,0,0,0,0,0,0,21,100,6,0,0,0,0,0,0,0,0,0,0,0,0,0
167,"Oppeln","OPP",0,0,0,0,0,0,0,0,0,180,49,0,1,1,0,0,0,0,0,0,0,0,0,0,0,0,0,0,0,0,0,0,4,47,0,0,0,0,69,49,14,2,2,0,7,0,3,0,4,7,0,2,4,103,0,0,0,0,50,108,0,0,0,0,0,0,24,0,0,55,9,5,4,87,68,34,0,0,0,0,0,0,52,0,0,0,0,0,0,0,0,0,0,40,0,0,0,0,0,0,0,0,0,6,0,31,25,4,0,0,0,0,0,0,0,0,0,0,0,0,0
168,"Gross-Strehlitz","OPP",0,0,0,0,0,0,0,0,0,95,67,0,0,0,0,0,0,0,0,0,0,0,0,0,0,0,0,0,0,0,0,0,2,12,0,0,0,0,71,42,4,1,0,0,8,0,3,0,0,11,2,0,0,264,6,0,0,0,168,0,0,0,0,0,0,0,0,0,0,0,0,0,8,73,50,19,0,0,0,0,0,0,6,0,30,20,0,0,0,0,0,0,0,0,0,0,0,0,0,0,0,0,0,0,0,41,69,3,0,0,0,0,0,0,0,0,0,0,0,0,0
169,"Lublinitz","OPP",0,0,0,0,0,0,0,0,0,38,21,0,0,0,0,0,0,0,0,0,0,0,0,0,0,0,0,0,0,0,0,0,0,4,0,0,4,0,40,12,2,0,0,0,12,0,2,0,2,8,0,0,1,498,0,0,0,0,38,0,0,0,0,0,0,0,25,0,0,0,12,0,10,21,85,2,0,4,0,0,0,0,1,0,0,0,0,0,0,0,0,0,0,0,0,2,0,0,0,0,0,0,0,0,0,31,50,5,0,0,0,0,0,0,0,0,0,0,0,0,0
170,"Tost","OPP",13,0,0,0,0,0,0,0,0,11,3,51,54,0,0,0,0,0,0,0,0,0,0,0,0,0,0,0,0,0,0,0,1,4,0,0,0,0,80,37,1,0,0,0,2,0,0,2,6,17,0,0,0,689,0,0,0,0,82,0,0,2,0,21,0,100,28,0,0,0,0,0,0,43,81,6,0,0,0,0,12,1,1,0,0,0,0,0,0,0,0,0,0,0,0,0,0,1,0,0,0,0,1,0,0,33,60,6,0,0,27,30,0,0,0,0,0,0,0,0,0
171,"Beuthen","OPP",0,0,0,0,0,0,0,0,0,17,1,0,0,0,0,0,0,0,0,0,0,2,0,0,0,0,0,0,0,0,0,0,0,0,0,0,1,0,51,55,1,1,0,0,5,10,0,0,0,10,0,0,0,1356,0,0,0,0,0,0,0,0,0,2440,0,40,0,0,0,0,0,0,0,21,28,0,0,0,0,0,0,0,0,0,0,0,0,0,0,0,0,0,0,14,31,0,0,0,0,0,0,0,1,0,0,45,90,2,0,0,0,0,0,0,0,0,0,0,0,0,34
172,"Pless","OPP",0,0,0,0,0,0,0,0,0,132,17,20,15,0,0,0,0,0,0,0,0,0,0,0,0,0,0,0,0,0,0,0,0,0,0,0,0,0,59,13,2,0,0,0,0,0,0,1,1,27,4,0,17,125,0,0,0,0,0,0,0,0,0,65,0,0,26,0,0,0,0,2,0,22,60,0,0,0,0,0,0,0,0,0,0,0,0,0,0,0,0,0,0,0,0,0,0,0,0,0,0,0,0,0,0,19,6,0,0,0,25,0,0,0,0,0,0,0,0,0,0
173,"Riebnick","OPP",0,0,0,0,0,0,0,40,8,22,5,17,3,0,0,0,0,1,0,0,0,0,0,0,0,0,0,0,0,0,0,0,0,8,0,0,5,2,107,4,0,0,0,0,0,16,4,5,2,20,2,0,0,98,0,0,0,0,91,0,0,12,0,0,0,0,0,0,0,0,0,0,0,2,110,2,0,3,0,0,0,1,1,0,0,0,0,0,0,0,0,0,0,0,0,0,0,5,0,0,0,0,2,0,0,34,22,5,0,0,0,0,0,0,0,0,0,0,0,0,0
174,"Ratibor","OPP",14,85,0,0,0,0,0,52,13,121,26,37,22,7,5,0,0,0,0,0,0,0,0,0,0,0,0,0,0,0,0,0,0,8,0,0,0,0,93,71,15,7,1,0,11,25,11,4,0,10,0,0,0,0,0,0,0,0,0,0,0,0,0,0,0,0,0,0,0,0,0,0,0,0,18,0,0,1,0,0,0,0,14,0,0,0,0,0,0,0,0,0,0,0,0,0,0,0,0,0,0,0,0,3,0,62,3,10,0,0,0,0,0,0,0,0,0,0,0,0,0
175,"Cosel","OPP",0,0,0,0,0,0,0,0,0,29,5,0,0,0,0,0,0,0,0,0,0,0,0,0,0,0,0,0,0,0,0,0,0,6,0,0,0,0,58,48,26,12,2,1,20,3,0,0,0,5,0,0,0,86,0,0,0,0,54,0,0,0,0,0,0,0,0,0,0,0,0,0,0,0,34,7,0,3,0,0,0,0,0,0,10,0,0,0,0,0,0,0,0,0,0,0,0,0,0,0,0,0,0,0,0,29,104,2,0,0,0,0,0,0,0,0,0,0,0,0,0
176,"Leobschütz","OPP",0,4,0,0,0,0,0,314,208,223,151,6,1,4,1,6,0,0,0,2,0,0,0,0,0,0,0,0,0,0,0,0,0,65,0,0,9,0,68,81,69,22,0,0,0,0,16,2,0,0,0,0,1,0,0,0,0,0,0,0,0,0,0,0,0,0,0,0,0,0,0,0,0,0,27,0,0,0,0,0,0,0,0,0,0,0,0,0,0,0,0,0,0,0,0,6,0,3,0,0,0,0,0,1,0,67,46,9,0,0,0,0,0,0,0,0,0,0,0,0,0
177,"Neustadt","OPP",21,0,0,0,0,0,0,116,144,145,104,16,9,14,4,1,0,0,0,0,0,0,0,203,159,0,0,0,0,0,0,0,7,10,0,0,0,0,72,90,15,2,0,0,0,2,1,3,0,9,0,0,0,0,0,0,0,0,0,0,0,0,0,0,0,0,0,0,0,0,0,0,0,0,67,3,0,0,0,0,127,0,0,0,0,1,0,0,0,0,0,0,0,0,0,0,4,8,0,0,0,0,5,4,0,37,60,6,0,0,0,0,0,0,0,0,0,0,0,0,0
178,"Falkenberg","OPP",0,0,0,0,0,0,0,0,0,145,22,0,0,1,0,0,0,0,0,0,0,1,0,0,0,0,0,0,0,0,0,0,0,9,0,0,0,0,34,42,15,0,3,6,0,0,1,0,0,4,0,0,2,38,0,0,0,0,0,0,0,0,0,0,0,0,0,0,0,0,26,0,0,4,44,5,0,0,0,0,0,0,0,0,0,6,0,0,0,0,0,0,0,0,0,0,0,0,0,0,0,0,0,0,0,26,45,7,0,0,0,0,0,0,0,0,0,0,0,0,0
179,"Neisse","OPP",13,0,153,0,0,0,0,2,0,313,135,30,13,11,15,2,0,0,0,64,0,0,0,0,0,0,0,0,0,0,0,0,4,96,0,0,0,0,99,132,6,0,0,0,0,0,16,3,1,4,0,0,0,6,0,0,0,0,0,0,0,0,0,18,0,0,0,0,0,0,0,5,0,0,105,0,0,27,0,0,0,0,56,0,0,3,0,0,0,0,0,0,0,124,0,0,0,0,0,0,0,0,0,0,0,70,100,19,0,0,0,0,0,0,0,0,0,0,0,0,0
180,"Grotkau","OPP",0,0,0,0,0,0,0,2,1,35,15,2,2,3,1,0,0,0,0,0,0,0,0,0,0,0,0,0,0,0,0,0,0,0,0,0,4,0,41,30,22,2,1,1,0,0,0,0,0,3,0,0,2,0,0,0,0,0,0,0,0,0,0,5,0,0,0,0,0,0,0,0,0,0,1,0,0,0,0,0,4,0,0,0,3,0,0,0,0,0,0,0,0,0,0,0,0,0,0,0,0,0,0,0,0,31,0,2,0,0,0,0,0,0,0,0,0,0,0,0,0
181,"Grünberg","LIE",452,0,0,0,0,0,0,0,0,19,5,322,162,0,0,1,0,3,0,0,9,67,0,0,0,0,0,0,0,0,0,0,0,0,0,0,1,0,71,19,79,20,2,2,17,0,10,17,2,7,0,0,0,0,0,2,0,0,0,0,0,0,0,0,0,0,20,0,0,0,0,0,0,4,111,0,0,40,0,0,0,0,40,0,0,0,0,0,0,0,0,0,0,0,0,10,0,165,0,0,0,0,0,0,0,46,56,4,0,0,0,0,0,0,0,0,0,0,0,0,0
182,"Freistadt","LIE",10,0,0,90,63,0,0,15,21,46,30,17,19,1,0,0,0,0,0,48,0,0,0,0,0,0,0,0,0,0,0,0,3,0,0,0,5,0,55,33,210,113,0,26,1,1,21,3,7,4,0,0,6,157,0,0,0,0,0,0,0,0,0,0,0,0,0,0,0,0,0,2,0,5,122,0,0,2,0,0,12,3,0,0,12,8,0,0,8,0,0,0,0,0,0,0,0,0,0,0,0,0,0,0,0,55,41,10,0,0,0,0,0,0,0,0,0,0,0,0,62
183,"Sagan","LIE",117,6,0,290,0,0,0,273,190,93,61,50,180,1,0,1,0,0,0,0,0,176,0,0,0,0,0,0,0,0,0,0,2,15,0,0,3,6,68,86,37,17,2,2,3,0,21,13,1,24,0,0,0,89,0,16,0,0,0,0,0,10,0,0,0,0,10,2,0,4,12,0,0,0,69,36,0,13,0,0,0,0,0,0,0,0,0,0,0,0,0,0,0,0,0,0,0,0,0,0,0,0,0,0,0,63,39,6,0,0,0,0,0,0,0,0,0,0,0,0,0
184,"Sprottau","LIE",24,0,0,0,0,0,0,11,5,16,6,11,9,11,4,2,1,0,0,0,0,0,0,0,0,0,0,0,0,0,0,0,0,0,0,0,0,0,38,42,47,33,0,0,5,0,10,4,2,5,0,0,1,780,0,0,0,0,6,0,0,0,0,0,0,0,0,0,0,0,0,0,0,3,103,0,0,123,0,0,0,0,58,0,0,0,0,0,0,0,0,0,0,0,0,0,0,17,0,0,0,0,0,0,0,27,44,3,0,0,0,0,0,0,220,0,0,0,0,0,0
185,"Glogau","LIE",26,0,0,0,0,0,0,0,0,83,18,6,3,3,2,0,0,0,0,0,0,0,0,0,0,0,0,0,0,0,0,0,0,0,0,0,0,0,88,49,203,116,3,3,6,7,26,3,4,0,0,0,0,0,0,0,0,0,0,0,0,0,0,0,0,0,0,0,0,0,0,0,0,6,177,0,0,13,0,0,0,3,0,0,170,34,0,0,0,0,0,0,0,0,0,10,0,0,0,0,0,0,0,7,0,73,38,22,0,0,0,0,0,0,0,0,0,0,0,0,0
186,"Lüben","LIE",23,0,0,0,0,0,0,0,0,34,11,42,45,0,0,0,0,0,0,0,0,0,0,0,0,0,0,0,0,0,0,0,0,0,0,0,1,0,50,36,67,47,0,0,6,18,11,3,1,6,1,0,2,0,0,0,0,0,0,0,0,0,0,0,0,0,0,0,0,0,0,0,0,2,52,0,0,0,0,0,0,0,0,0,0,8,0,0,0,0,0,0,0,0,0,0,0,0,0,0,0,0,0,0,0,31,27,2,0,0,0,0,0,0,0,0,0,0,0,0,0
187,"Bunzlau","LIE",0,0,0,0,0,0,0,6,1,81,29,13,42,6,3,4,0,1,0,11,0,0,0,0,0,0,0,4,0,0,0,0,0,69,0,0,0,0,57,114,39,29,3,3,6,0,6,2,3,20,4,0,11,84,0,0,0,0,40,0,0,0,0,0,0,0,12,0,0,0,213,6,0,141,90,6,0,55,0,0,0,0,14,0,0,0,0,0,0,0,0,0,0,0,0,0,0,0,0,0,0,0,0,0,0,53,89,12,0,0,0,0,0,0,0,0,0,0,0,0,0
188,"Hainau-Goldberg","LIE",127,0,0,0,0,0,0,0,0,21,12,103,222,0,0,0,0,0,0,0,0,180,0,0,0,0,0,0,0,0,0,0,0,0,0,0,0,0,69,107,38,23,4,6,1,0,27,9,2,8,0,0,0,0,0,0,0,0,0,0,0,0,0,0,0,0,0,0,0,0,0,0,0,27,97,0,0,4,0,0,0,0,0,0,0,1,0,0,0,0,0,0,0,0,0,0,0,82,0,0,0,0,0,0,0,47,43,16,0,0,0,0,0,0,0,0,0,0,0,0,0
189,"Liegnitz","LIE",90,0,0,0,0,0,0,0,0,71,30,0,81,1,62,0,0,0,60,0,0,81,0,0,0,0,0,0,0,60,62,0,0,0,0,0,15,0,43,66,75,87,0,0,0,0,7,4,5,0,0,0,3,0,0,0,0,0,0,0,0,0,0,0,0,0,0,0,0,0,0,9,0,0,102,0,0,4,0,0,6,0,8,0,0,36,0,0,0,0,0,0,0,0,0,0,0,120,0,0,0,0,5,2,0,40,25,16,0,0,0,0,0,0,0,0,0,0,0,0,0
190,"Jauer","LIE",0,0,0,0,0,0,0,0,0,45,18,0,0,5,2,3,0,0,0,0,0,1,0,0,0,0,0,0,0,0,0,0,0,0,0,0,0,2,52,66,38,37,1,1,6,0,5,1,4,2,0,0,0,0,0,0,0,0,0,0,0,0,0,0,0,0,0,0,0,0,0,0,0,128,21,0,0,0,0,0,15,0,70,0,200,0,0,0,0,0,0,0,0,0,0,0,0,0,0,0,0,0,0,2,0,33,23,5,0,0,0,0,0,0,0,0,0,0,0,0,0
191,"Schönau","LIE",34,0,0,0,0,0,0,54,8,397,484,9,6,0,0,0,0,14,24,0,2,32,0,0,0,0,0,0,0,0,0,0,8,26,0,0,0,0,60,79,7,5,1,0,10,0,5,3,2,11,4,0,0,0,0,0,0,0,0,0,0,0,0,3,0,0,0,0,0,0,0,0,0,71,38,0,0,106,0,0,0,0,0,0,0,0,0,0,0,0,0,0,0,0,0,0,0,78,0,0,0,0,0,0,0,25,58,2,0,0,0,0,0,0,0,0,0,0,0,0,0
192,"Bolkenhain","LIE",9,0,97,0,134,0,0,57,38,1201,1655,48,14,0,0,1,0,0,0,0,0,0,0,0,0,0,0,0,0,0,0,0,5,62,0,0,5,4,65,91,20,15,1,1,0,0,9,1,7,15,0,0,0,0,0,0,0,0,0,0,0,0,0,13,0,0,0,0,0,0,0,0,0,160,47,0,0,0,0,0,6,0,0,0,0,0,0,0,0,0,0,0,0,0,0,8,0,0,0,0,0,4,0,0,0,32,32,4,0,0,0,0,0,0,0,0,0,0,0,0,0
193,"Landshut","LIE",0,0,0,371,0,0,0,235,2549,707,3006,3,15,2,1,2,1,13,49,7,0,0,0,2682,1842,0,0,0,0,0,0,0,0,0,0,0,4,6,74,125,4,3,1,1,6,0,4,1,11,27,0,0,2,0,0,0,0,0,0,0,0,0,0,0,0,0,18,0,0,0,0,17,0,88,26,2,0,0,0,0,0,0,1,0,0,0,0,0,0,0,0,0,0,0,0,0,0,8,0,0,0,0,0,5,0,25,40,7,0,0,0,0,0,0,0,0,0,0,0,0,0
194,"Hirschberg","LIE",53,45,0,430,0,11,2,271,59,1160,392,279,223,4,0,8,22,40,2,0,0,0,0,133,95,0,150,11,0,0,0,0,230,30,0,0,0,8,95,124,0,0,0,0,1,0,3,14,11,20,2,2,6,4,0,0,0,0,0,0,0,0,0,0,0,0,249,343,0,16,0,40,0,38,44,0,0,207,0,0,0,0,10,39,0,43,5,0,0,0,0,0,0,0,0,0,0,60,0,0,6,0,0,0,0,52,73,9,0,0,0,0,0,0,0,0,44,0,0,0,0
195,"Löwenberg","LIE",32,0,0,0,0,0,0,176,79,289,88,33,18,16,7,18,6,3,0,0,0,5,0,0,0,0,0,0,0,0,1,0,22,38,0,0,2,0,103,132,24,10,6,3,7,0,10,4,15,17,0,0,15,0,0,0,0,0,0,0,0,0,0,0,0,0,0,0,0,0,0,58,0,110,24,0,0,0,0,0,0,0,0,0,0,0,5,0,0,0,0,0,0,0,0,0,0,18,0,0,0,0,0,0,0,55,77,11,0,0,0,0,0,0,0,0,0,0,0,0,0
196,"Lauban","LIE",0,0,0,0,0,1,1,2360,1822,1432,977,248,274,3,1,11,6,4,4,0,2,43,50,3044,156,0,0,0,0,0,1,0,29,76,0,0,1,8,109,140,10,6,3,4,6,0,8,10,10,27,0,0,5,0,0,0,0,0,0,0,0,0,0,0,0,0,0,0,0,0,0,0,0,17,112,0,0,21,0,0,0,0,55,0,0,3,0,0,0,0,0,0,0,0,0,0,0,38,0,0,0,0,0,1,0,71,38,4,0,0,0,0,0,0,0,0,0,0,0,0,0
197,"Görlitz","LIE",214,11,0,0,0,0,0,49,24,47,13,14,5,5,3,2,1,0,0,0,0,298,0,0,0,0,0,0,0,0,0,16,10,17,0,0,13,4,79,102,15,10,5,3,3,0,6,20,2,13,0,0,4,8,0,0,0,0,0,0,0,0,0,0,0,0,83,2,0,0,0,0,0,43,140,4,0,3,0,0,1,0,77,0,0,5,0,0,0,8,0,0,0,0,0,5,4,501,0,15,0,0,0,3,0,57,34,9,0,0,0,0,0,0,0,0,0,0,0,0,0
198,"Rothenburg","LIE",40,0,0,0,0,0,0,18,6,38,12,2,0,2,0,0,0,0,0,0,0,0,0,0,0,0,0,0,0,0,0,0,0,11,0,0,0,0,71,76,15,1,2,1,3,0,1,2,0,7,1,0,5,71,0,0,0,0,20,0,0,0,0,61,0,0,32,2,0,0,38,18,0,46,175,29,0,30,0,0,0,0,0,0,0,3,0,0,0,0,0,0,0,0,0,0,0,0,0,0,0,0,0,0,0,54,71,4,0,0,0,0,0,0,0,0,0,0,0,0,0
199,"Hoyerswerda","LIE",5,19,0,0,0,0,0,16,5,28,5,5,3,5,3,1,1,0,0,4,0,0,0,0,0,0,0,0,0,0,0,0,51,0,0,0,0,0,62,54,8,1,0,0,1,0,6,6,1,12,0,0,11,120,0,0,0,0,30,0,0,0,0,0,0,13,36,1,0,0,0,0,0,0,61,0,0,6,0,0,0,0,0,0,0,0,0,0,0,0,0,0,0,0,0,0,0,0,0,0,0,0,0,1,0,35,42,2,0,0,0,0,0,0,0,0,0,0,0,0,0
200,"Osterburg","MAG",2,0,0,0,0,0,0,1,0,99,23,0,0,0,0,0,0,0,0,0,0,0,0,0,0,0,0,0,0,0,0,0,0,0,0,0,24,0,5,3,132,101,1,1,4,1,16,0,2,0,0,0,0,0,0,0,0,0,0,0,0,0,0,0,0,0,0,0,0,0,4,0,0,4,51,1,0,0,0,0,0,0,1,0,0,0,0,0,0,0,0,0,0,0,0,0,0,0,0,0,0,0,1,2,0,18,23,2,0,0,0,0,0,0,0,0,0,0,0,0,0
201,"Salzwedel","MAG",118,0,0,0,0,0,0,39,29,89,74,35,57,0,0,0,0,2,2,0,0,21,0,52,54,0,0,0,0,2,0,0,27,0,0,0,37,11,49,38,57,18,6,7,3,1,16,4,3,0,1,0,16,0,7,1,0,2,0,0,0,0,0,0,0,0,0,0,0,0,0,4,0,0,58,0,0,31,0,0,20,0,32,9,0,0,0,0,0,0,0,0,0,0,0,0,0,30,0,0,0,0,0,2,0,77,23,5,0,0,0,0,0,0,0,0,0,0,0,0,0
202,"Gardelegen","MAG",0,0,0,0,0,0,0,6,35,440,116,6,5,0,0,0,0,0,0,0,0,2,0,0,0,0,0,0,0,0,0,0,0,0,0,0,0,16,56,61,68,36,3,4,2,1,49,4,3,2,0,0,0,0,0,0,0,0,0,0,0,0,0,0,0,0,0,0,0,0,16,0,0,8,55,0,0,0,0,0,0,0,0,0,0,0,0,0,0,0,0,0,0,0,0,2,0,0,114,0,0,0,0,3,0,36,57,5,0,0,0,0,0,0,0,0,0,0,0,0,0
203,"Stendal","MAG",38,0,0,0,0,0,0,5,13,56,13,1,1,0,0,0,0,0,0,0,0,2,0,0,0,0,0,0,0,0,0,0,0,0,0,0,20,22,8,5,127,104,2,2,3,2,23,2,3,0,0,0,2,57,0,0,0,0,0,0,0,0,0,0,0,0,0,0,0,0,0,4,0,5,77,0,0,0,0,0,27,3,14,9,0,1,0,0,0,0,0,0,0,11,0,0,0,0,0,0,0,0,0,2,0,42,30,3,0,0,0,0,0,0,0,0,0,0,0,0,0
204,"Jerichow II","MAG",7,0,0,0,0,0,0,0,0,252,101,1,0,0,0,0,0,0,0,0,0,0,0,0,0,0,0,0,0,0,0,0,0,0,0,0,8,0,17,18,113,82,7,6,0,3,8,0,0,2,0,0,0,0,0,0,0,0,0,0,0,0,0,0,0,0,0,0,0,0,0,0,0,3,594,0,0,0,0,0,0,2,4,0,0,6,0,0,0,0,0,0,0,8,0,0,0,0,0,0,0,103,20,1,0,26,61,1,0,0,0,0,0,0,0,0,0,0,0,0,0
205,"Jerichow I","MAG",918,0,0,0,0,0,0,41,13,212,101,52,468,1,0,0,0,1,0,0,0,468,0,0,0,0,0,0,0,1,0,0,1,2,0,0,25,7,64,68,88,77,5,8,7,2,30,23,1,10,2,0,8,6,0,0,0,0,0,0,0,0,0,0,0,66,0,0,0,0,108,0,3,0,219,0,0,118,0,0,0,11,79,0,158,70,0,0,0,0,0,0,0,0,0,0,9,327,1,0,0,27,0,3,0,45,61,13,1,0,0,0,0,0,0,0,0,0,0,0,0
206,"Calbe","MAG",274,0,0,0,0,0,0,12,55,173,60,36,195,0,0,0,0,0,6,0,0,530,0,0,0,0,0,0,0,0,0,0,0,0,0,0,1,6,26,47,76,67,5,3,2,2,26,4,0,1,0,0,2,0,0,0,0,0,0,0,0,0,0,0,0,0,0,0,0,0,0,85,0,10,183,0,0,65,0,0,0,0,28,0,1355,42,0,0,0,0,0,0,0,107,0,3,0,0,0,0,0,7,16,12,0,45,68,3,0,0,10,0,0,0,0,0,20,0,0,0,0
207,"Magdeburg","MAG",5,0,179,0,0,0,0,62,56,38,44,2,3,10,0,24,106,1,0,176,0,0,0,52,0,0,0,113,0,0,0,0,0,0,0,0,0,0,8,22,24,29,1,2,3,0,10,3,0,5,0,0,18,51,0,0,0,0,0,0,0,0,0,0,0,353,0,0,0,76,33,41,0,4,61,0,0,0,0,0,97,0,726,70,2041,9,10,0,0,4,0,0,0,0,0,13,0,0,0,0,0,868,45,7,0,88,29,109,0,0,0,0,0,0,0,0,0,0,0,0,0
208,"Wanzleben","MAG",0,0,0,0,0,0,0,37,20,341,74,1,0,0,0,0,0,0,0,0,0,0,0,0,0,0,0,0,0,0,0,0,0,11,0,0,13,0,35,36,93,85,0,0,2,12,35,0,0,0,20,0,0,0,0,0,0,0,0,0,0,0,0,0,0,412,0,0,0,40,0,152,0,65,107,0,0,0,3,0,107,0,0,0,2390,30,0,0,0,0,0,0,0,0,4,0,0,0,0,0,0,379,0,1,0,24,186,4,0,0,0,0,0,30,0,0,0,0,0,0,0
209,"Wollmirstädt","MAG",0,0,0,0,0,0,0,45,23,177,63,0,0,0,0,1,2,50,6,0,0,0,0,13,0,0,0,55,0,0,0,0,22,47,0,0,25,5,21,22,113,98,2,4,2,3,31,0,0,0,0,0,0,0,0,0,0,0,0,0,0,0,0,0,0,0,0,0,0,0,0,0,0,2,88,0,0,0,0,0,0,0,0,0,1248,86,0,0,5,0,0,0,0,0,0,0,0,0,0,0,0,306,0,0,0,18,57,12,0,0,0,0,0,0,0,0,0,0,0,0,0
210,"Neuhaldensleben","MAG",0,0,0,0,0,0,0,0,0,70,16,1,0,1,0,0,0,0,0,0,0,0,0,0,0,0,0,0,0,0,1,0,0,0,0,0,0,0,44,25,111,45,3,3,1,4,41,0,1,0,0,0,0,0,0,0,0,0,0,0,0,0,0,3,0,0,0,0,0,0,75,0,0,8,127,0,0,4,0,0,0,0,0,0,200,0,0,0,0,0,0,0,0,0,17,0,0,0,0,13,0,26,0,1,0,30,113,1,1,0,0,0,0,0,0,0,0,0,0,0,0
211,"Oschersleben","MAG",0,0,0,0,0,0,0,0,0,157,69,0,0,0,0,0,0,0,0,0,0,0,0,0,0,0,0,0,0,0,0,0,0,0,0,0,0,0,46,54,39,33,0,0,1,2,28,0,0,0,0,0,0,0,0,0,0,0,0,0,0,0,0,0,0,0,0,0,0,0,0,3,0,50,104,0,0,28,0,0,0,0,0,0,1052,0,0,0,0,0,0,0,0,0,0,0,0,0,0,0,0,105,0,0,0,30,81,16,1,0,0,0,0,0,0,0,0,0,0,0,0
212,"Aschersleben","MAG",310,5,0,0,0,0,0,34,7,239,50,58,363,1,0,0,0,0,0,0,0,168,315,0,85,0,0,0,0,0,0,0,9,0,0,0,15,10,49,86,9,5,0,0,5,0,31,12,5,2,0,0,1,20,0,0,0,0,57,0,0,0,0,0,0,0,0,0,0,0,17,120,0,20,137,0,0,16,0,0,10,2,0,0,1023,7,0,0,0,0,0,0,0,0,0,3,6,57,0,0,0,261,7,5,0,28,63,4,0,0,0,0,0,0,0,0,0,0,0,0,0
213,"Halberstadt","MAG",10,0,0,0,0,0,0,9,19,397,114,10,13,0,0,0,0,0,0,8,0,40,0,0,0,0,0,0,0,0,0,0,2,0,0,0,18,2,78,78,27,15,0,0,1,3,46,3,4,5,0,0,17,0,0,0,0,0,0,0,0,0,0,0,0,21,0,0,0,0,5,40,0,10,41,0,0,16,0,0,98,0,214,0,298,2,0,0,0,0,0,0,0,0,0,9,0,0,0,0,1,7,7,8,0,41,39,4,0,0,0,0,0,0,0,0,0,0,0,0,0
214,"Grafschaft Wernigerode","MAG",0,0,0,0,0,0,0,1,1,87,28,4,12,0,0,0,0,0,0,0,0,26,0,0,0,0,0,0,0,0,0,0,12,0,0,0,0,0,40,49,1,1,0,0,0,0,21,2,4,7,17,0,6,197,12,0,0,0,8,0,0,16,0,0,0,50,0,0,0,0,0,8,0,23,24,0,0,55,0,0,0,0,67,0,0,0,0,0,0,0,0,0,0,8,0,0,0,0,0,0,0,66,0,0,0,18,10,0,0,0,0,0,0,0,0,0,0,0,0,0,0
215,"Liebenwerda","MER",6,0,0,0,0,0,0,22,10,62,12,14,2,4,1,3,5,0,0,0,0,0,0,0,0,0,0,0,0,0,0,0,3,0,0,0,0,0,48,50,56,33,2,2,5,0,2,6,1,11,2,0,0,570,0,0,0,0,0,0,0,0,0,0,0,0,0,0,0,0,0,0,0,0,75,5,0,0,0,0,0,0,0,0,0,0,0,0,0,0,0,0,0,0,0,0,0,0,0,0,0,0,0,0,0,40,31,4,0,0,0,0,0,0,0,0,0,0,0,0,0
216,"Torgau","MER",19,0,0,0,0,0,0,8,3,35,14,5,6,6,5,2,0,0,0,0,0,0,0,0,0,0,0,0,0,0,0,0,0,0,0,0,0,0,89,75,92,63,0,0,9,5,5,0,0,25,0,0,1,0,0,0,0,0,0,0,0,0,0,0,0,0,0,0,0,0,25,0,2,9,132,33,0,3,0,0,0,0,9,0,0,0,0,0,0,0,0,0,0,0,0,0,0,8,0,0,0,0,0,0,0,65,56,4,0,0,0,0,0,0,0,0,0,0,0,0,0
217,"Schweinitz","MER",0,0,0,0,0,0,0,22,12,79,21,17,8,4,1,0,0,0,0,0,0,0,0,0,0,0,0,0,0,0,0,0,0,0,0,0,0,0,27,38,72,40,3,2,0,0,18,2,0,18,0,0,22,0,0,0,0,0,0,0,0,0,0,0,0,0,0,0,0,0,0,0,0,0,92,12,0,0,0,0,0,0,0,0,0,0,0,0,0,0,0,0,4,0,0,0,0,0,0,0,0,0,0,0,0,23,23,3,0,0,0,0,0,0,0,0,0,0,0,0,0
218,"Wittenberg","MER",97,0,0,0,0,0,0,17,91,129,47,16,120,3,4,10,5,1,0,0,0,28,0,0,0,0,0,0,0,0,0,0,0,0,0,0,16,3,67,73,59,56,2,3,1,0,8,9,0,31,0,0,7,0,0,0,0,0,0,0,0,0,0,3,0,0,0,0,0,0,37,0,0,13,137,2,0,5,0,0,0,1,0,0,0,0,0,0,2,0,0,0,0,0,0,6,0,12,0,0,0,0,0,1,0,43,34,4,0,0,0,0,0,0,0,0,0,0,0,0,0
219,"Bitterfeld","MER",41,0,0,0,0,0,0,174,78,288,82,29,41,4,2,0,0,0,0,5,0,61,0,0,0,0,0,0,0,0,0,0,0,0,0,0,0,0,47,56,87,68,1,1,4,4,25,7,3,31,1,0,0,2,0,0,0,0,0,0,0,0,0,0,0,0,0,0,0,0,0,0,0,1,55,5,0,11,0,0,0,0,23,0,237,3,0,0,0,0,0,0,0,0,0,3,0,0,0,0,0,0,0,1,0,29,37,6,0,0,0,0,0,0,0,0,0,0,0,0,0
220,"Delitsch","MER",0,0,0,0,0,0,0,98,210,81,11,1,0,4,35,3,1,24,12,2,0,0,0,138,0,0,0,0,0,0,102,0,84,0,0,0,174,381,24,34,119,90,2,1,3,1,11,1,0,3,0,0,0,13,0,0,0,0,0,0,0,0,0,0,0,0,0,0,0,0,0,11,0,0,88,5,0,0,0,0,0,2,192,0,0,0,0,0,0,0,0,0,0,0,0,0,0,72,0,0,0,0,0,8,0,52,41,4,0,0,0,0,0,0,0,0,0,0,0,0,101
221,"Saal-Kreis","MER",0,0,0,0,0,0,0,34,1,159,21,0,0,0,0,0,0,0,0,0,0,0,0,0,0,0,0,0,0,0,0,0,0,0,0,0,0,0,19,53,69,52,9,9,7,0,32,0,0,9,0,0,2,0,0,0,0,0,61,0,0,34,0,0,0,0,0,0,0,0,10,0,0,28,245,0,0,85,0,0,0,0,0,0,631,0,0,0,0,0,0,0,0,0,10,0,0,0,0,0,0,15,0,9,0,38,10,0,0,0,0,0,0,0,0,0,0,0,0,0,0
222,"Halle","MER",0,0,0,0,0,0,0,0,0,20,35,6,5,11,0,0,0,0,0,0,0,0,0,0,0,0,0,0,0,0,0,0,0,0,0,0,41,32,4,20,0,0,0,0,0,0,0,0,0,3,0,0,0,0,0,0,0,0,0,0,0,0,0,0,0,0,0,0,0,0,25,7,0,15,40,0,0,0,35,0,0,0,0,80,140,42,0,0,0,6,0,0,0,0,0,0,0,0,0,150,0,60,0,0,0,38,0,7,0,0,0,0,0,0,0,0,0,0,0,0,0
223,"Seekreis Mannsfeld","MER",0,0,0,0,0,0,0,64,26,141,27,0,0,0,0,0,0,0,0,0,0,0,0,0,0,0,0,0,0,0,0,0,0,0,0,0,7,0,69,78,52,33,9,9,6,0,11,0,0,4,0,0,0,0,0,0,0,0,0,0,0,0,0,17,0,0,0,0,0,0,0,0,0,39,182,0,0,0,0,0,0,0,45,0,150,0,0,0,0,0,0,0,0,0,0,0,0,0,0,0,0,0,0,0,0,34,3,0,0,0,0,0,0,0,0,0,0,0,0,0,0
224,"Gebirgskreis Mannsfeld","MER",0,0,0,0,0,0,0,0,0,236,68,1,0,0,0,0,0,0,0,3,0,0,0,0,0,0,0,0,0,0,0,0,0,0,0,0,8,6,52,68,19,14,3,1,0,0,30,4,5,7,0,0,0,0,0,0,0,0,0,0,0,0,0,0,0,31,0,0,0,0,0,0,1,10,50,0,0,27,0,0,0,0,0,0,144,0,0,0,0,0,0,0,0,0,0,0,0,0,0,0,0,9,0,1,0,24,5,0,0,0,0,0,0,0,0,0,0,0,0,0,0
225,"Sangerhausen","MER",0,0,0,0,0,0,0,35,105,263,125,0,0,0,0,0,0,0,0,0,0,0,0,0,0,0,0,0,0,0,0,0,0,0,0,0,3,1,117,93,13,6,1,0,1,0,43,0,6,13,0,0,0,31,0,0,0,2,4,0,0,0,0,134,0,3,0,0,0,0,0,0,3,29,61,9,0,15,0,0,3,0,0,0,0,0,0,0,0,0,0,0,0,12,0,0,0,0,5,0,0,0,3,5,0,53,2,1,0,0,0,0,0,0,0,0,0,0,0,0,0
226,"Eckartsberga","MER",0,0,0,0,0,0,0,22,10,65,12,0,0,3,0,0,0,0,0,2,0,0,0,0,0,0,0,0,0,0,0,0,0,0,0,0,10,10,80,36,15,7,4,3,2,0,24,0,2,1,1,0,1,0,0,0,0,2,0,0,0,0,0,0,0,0,0,0,0,0,0,0,1,17,73,0,0,4,0,0,0,0,0,0,0,0,0,0,0,0,0,0,0,0,0,0,0,0,1,0,0,0,2,6,0,74,3,0,0,0,0,0,0,0,0,0,0,0,0,0,0
227,"Querfurt","MER",26,0,0,0,0,0,0,58,54,44,8,17,7,1,2,2,0,0,0,0,0,0,0,7,0,0,0,0,0,0,0,0,0,0,0,0,0,0,57,66,34,17,6,5,7,0,25,1,0,9,0,0,0,0,0,0,0,0,0,0,0,0,0,0,0,0,0,0,0,0,0,0,1,5,90,0,0,5,0,0,0,0,5,0,121,0,0,0,0,0,0,0,0,0,2,0,0,0,0,0,0,0,0,6,0,52,14,0,0,0,0,0,0,0,0,0,0,0,0,0,0
228,"Merseburg","MER",0,0,0,0,0,0,0,20,56,15,6,2,0,4,4,0,0,0,0,0,0,0,0,44,0,0,0,0,0,0,0,0,1,0,0,0,18,13,35,78,52,41,6,4,3,0,21,0,0,10,0,0,0,0,0,0,0,0,0,0,0,0,0,0,0,2,0,0,0,0,0,0,0,29,172,0,0,29,0,0,0,13,7,0,0,0,0,165,0,0,0,0,0,0,0,2,0,0,0,0,0,0,0,2,0,44,25,4,0,0,0,0,0,0,0,0,0,0,0,0,21
229,"Weissenfels","MER",0,0,0,0,0,0,0,34,39,46,25,6,9,10,5,0,0,0,6,0,0,0,0,0,0,0,0,0,0,6,0,0,0,0,0,0,5,2,73,73,29,20,4,8,0,2,16,1,0,5,0,0,2,0,0,0,0,0,0,0,0,0,0,0,0,0,0,0,0,26,3,1,0,15,179,0,0,0,0,0,0,0,0,0,0,0,0,0,0,0,0,0,0,0,2,0,0,0,0,0,0,0,0,3,0,68,15,1,0,0,0,0,0,0,0,0,0,0,0,0,0
230,"Naumburg","MER",5,0,0,0,0,0,0,12,12,6,2,0,0,10,3,0,0,0,0,0,0,0,0,0,0,0,0,0,0,0,0,0,0,0,0,0,0,0,14,26,5,1,1,1,2,3,15,1,0,3,0,0,0,0,0,0,0,0,0,0,0,0,0,0,0,0,0,0,0,0,0,6,0,10,47,0,0,8,0,0,3,0,0,0,0,0,0,0,0,0,0,0,0,0,5,0,0,0,0,0,0,0,0,1,10,27,4,1,0,0,0,0,0,0,0,0,0,0,0,0,148
231,"Zeitz","MER",45,0,0,0,0,0,0,227,437,1,0,74,146,5,1,7,15,32,64,0,3,0,13,35,0,0,0,0,0,0,0,0,3,0,0,0,36,54,37,56,8,8,2,1,1,0,27,2,0,10,0,0,0,3,0,0,0,0,0,0,0,0,0,0,0,0,0,0,0,0,0,0,0,0,52,0,1,7,0,0,210,0,0,0,0,0,0,0,0,0,0,0,0,0,0,0,230,9,0,0,0,0,0,0,0,57,19,8,0,0,0,0,0,0,0,0,0,0,0,0,0
232,"Nordhausen","ERF",52,0,0,0,0,0,0,1143,1715,344,156,7,51,0,0,2,0,132,22,5,0,136,0,3184,0,0,0,0,0,0,0,0,60,0,0,0,31,10,93,111,2,1,0,0,1,0,70,0,7,7,0,0,20,8,0,0,0,0,356,0,0,4,0,0,0,8,0,0,0,0,0,67,0,27,41,0,0,6,8,0,16,3,371,0,0,0,0,0,0,0,0,0,0,0,0,5,0,19,4,5,0,107,3,2,0,55,167,2,0,0,0,0,0,0,0,0,0,0,0,0,0
233,"Worbis","ERF",0,0,0,0,0,0,0,1746,426,1578,235,2,0,1,0,0,0,145,63,0,0,0,0,1461,1127,0,0,0,0,0,0,0,136,0,0,0,13,2,92,38,2,0,0,0,0,0,15,0,0,2,0,0,0,0,0,0,0,0,0,0,0,0,0,0,0,0,0,0,0,0,0,0,0,25,77,0,0,0,0,0,0,0,11,0,0,0,0,0,0,0,0,0,0,0,0,0,0,0,0,0,0,0,0,0,0,13,0,0,0,0,0,0,0,0,0,0,0,0,0,0,0
234,"Heiligenstadt","ERF",153,8,0,0,0,0,0,1183,294,90,25,126,674,1,0,0,0,11,0,7,0,0,615,2215,0,0,0,0,0,0,0,0,0,0,1,1,27,25,116,39,0,0,0,0,0,0,24,7,1,11,0,0,32,0,0,0,0,0,0,0,0,0,0,0,0,0,0,0,0,0,0,0,0,12,17,0,0,24,0,0,0,0,0,0,0,0,0,0,0,0,0,0,0,0,0,0,2082,26,0,0,0,0,0,0,0,32,0,0,0,0,0,0,0,0,0,0,0,0,0,0,0
235,"Mühlhausen","ERF",464,124,0,0,0,3,3,475,782,50,25,285,721,2,1,0,0,4,9,10,0,0,310,576,0,0,0,0,0,0,0,0,0,6,0,0,15,18,72,58,4,2,0,0,0,0,22,7,4,11,0,0,0,0,0,0,0,0,0,0,0,0,0,0,0,0,0,0,0,0,0,1,1,18,63,4,0,0,0,0,0,45,80,0,0,0,0,0,0,0,0,0,0,0,0,1,2648,0,0,0,0,0,0,3,0,42,4,3,0,0,0,0,0,0,0,0,0,0,0,0,0
236,"Langensalza","ERF",9,494,0,0,0,14,4,19,9,338,63,1,111,0,0,0,0,0,0,0,0,0,0,0,0,11,0,0,0,5,0,0,0,0,0,0,11,0,45,49,20,0,1,0,0,0,11,0,2,2,0,0,0,0,0,0,0,0,0,0,0,0,0,0,0,0,0,0,0,0,0,26,0,16,21,0,0,5,0,0,0,0,0,0,0,102,0,0,0,0,0,0,0,0,0,0,346,12,0,0,2,0,5,1,0,30,2,0,0,0,0,0,0,0,0,0,0,0,0,0,0
237,"Weissensee","ERF",11,0,0,0,0,0,0,1,0,76,21,3,6,0,0,0,0,0,0,0,0,2,0,0,0,0,0,0,0,0,0,0,0,0,0,0,0,0,30,39,1,0,1,0,0,0,14,1,1,0,0,0,0,0,0,0,0,0,24,0,0,0,0,0,0,0,0,0,0,0,0,7,0,9,11,0,0,6,0,0,0,0,3,0,0,0,0,0,0,0,0,0,0,757,0,0,0,0,7,0,0,0,0,2,0,28,8,1,0,0,0,0,0,0,0,0,14,0,0,0,0
238,"Erfurt","ERF",18,156,0,0,0,0,37,24,583,101,37,2,366,51,3,12,33,0,42,72,1,0,0,0,0,0,0,45,90,54,238,0,0,6,0,0,22,0,71,121,8,5,2,1,0,0,23,3,0,4,0,0,8,0,0,0,0,0,2,0,0,0,0,0,0,24,0,0,0,0,8,38,0,21,69,0,0,11,10,77,18,0,179,0,0,4,1,0,0,0,0,0,0,0,1,7,109,0,0,109,5,12,20,3,0,76,20,10,0,0,0,0,0,0,0,0,0,0,0,0,148
239,"Ziegenrück","ERF",7,0,0,0,0,0,0,154,46,21,10,1,1,54,5,0,0,0,0,0,0,0,0,0,0,0,0,0,0,0,0,0,0,0,0,0,0,0,26,7,2,0,2,0,0,0,4,0,2,6,0,0,0,3,0,0,0,0,0,0,0,0,0,0,0,0,0,0,0,0,0,0,0,0,17,1,0,53,2,0,0,2,0,0,0,0,0,3,0,0,0,0,0,0,0,0,0,0,0,0,0,0,0,0,0,5,5,0,0,0,0,0,0,0,0,0,0,0,0,0,0
240,"Schleusingen","ERF",0,0,0,0,0,0,0,458,229,43,12,0,0,3,1,2,2,0,0,0,0,0,0,368,0,0,0,0,0,0,0,0,3,59,0,0,8,3,71,46,0,0,0,1,0,0,19,1,6,32,8,0,81,146,0,2,0,0,45,36,0,2,0,0,0,0,24,0,0,116,0,17,1,33,51,2,0,28,1,0,6,1,0,0,0,0,0,0,22,0,0,0,0,775,0,0,0,0,0,0,0,0,0,2,0,73,13,0,0,0,0,0,0,0,0,0,0,0,0,0,0
241,"Tecklenburg","MUN",2,0,0,0,0,0,0,282,0,75,1,1,1,7,3,0,0,9,2,0,0,2,0,5,0,0,0,0,0,0,0,0,6,0,0,0,0,6,44,1,7,1,10,3,5,0,27,1,0,0,2,0,27,93,0,0,0,0,2,0,0,0,0,0,0,0,31,0,0,0,0,0,0,31,24,0,0,7,0,0,0,0,37,0,0,0,0,0,0,0,0,4,0,0,0,0,0,0,0,0,0,22,5,2,0,23,18,1,0,0,0,0,0,0,0,0,0,0,0,0,0
242,"Warendorf","MUN",0,0,0,0,0,0,0,34,450,177,177,0,3,0,0,0,0,0,7,0,0,0,5,28,56,0,0,0,0,0,0,0,20,0,0,0,0,0,14,20,3,3,3,6,2,0,16,1,0,0,0,0,12,0,0,0,0,0,0,0,0,0,0,0,0,0,0,0,0,0,0,0,0,2,31,0,0,0,0,0,16,0,10,0,0,0,0,0,0,0,0,0,0,0,0,0,0,3,0,0,0,9,5,0,0,70,30,5,0,0,0,0,0,0,0,0,0,0,0,0,0
243,"Beckum","MUN",0,0,0,0,0,0,0,27,13,195,82,0,0,5,1,1,30,0,0,0,0,0,0,0,0,0,0,93,0,0,0,0,0,0,0,0,0,0,19,21,6,2,14,8,39,0,15,0,2,0,0,0,4,0,0,0,0,0,0,0,0,0,0,0,0,0,0,0,0,0,0,0,0,36,81,0,0,0,0,0,5,0,4,0,0,0,0,0,0,0,0,0,0,0,0,0,0,0,0,0,0,4,0,5,0,64,94,0,0,0,0,0,0,0,0,0,0,0,0,0,0
244,"Lüdinghausen","MUN",0,0,0,0,0,0,0,45,11,298,57,0,0,10,1,0,0,0,0,0,0,0,0,0,0,0,0,0,0,0,7,0,13,0,0,0,8,10,28,17,17,14,8,6,14,2,34,0,1,0,0,0,2,0,0,0,0,0,0,0,0,0,0,0,0,0,0,0,0,0,0,0,0,15,67,0,0,0,0,0,0,0,0,0,0,0,0,0,0,0,0,0,0,0,0,0,0,0,0,0,0,0,0,1,0,80,44,0,0,0,0,0,0,0,0,0,0,0,0,0,0
245,"Landkreis Münster","MUN",36,0,0,0,0,0,0,62,32,129,34,6,6,30,19,0,0,0,0,2,0,0,0,0,0,0,0,0,0,0,0,0,38,0,0,0,0,7,24,37,3,4,18,20,4,4,21,3,0,0,5,0,2,0,0,0,0,0,0,0,0,5,0,0,0,0,0,0,0,0,0,5,0,7,123,0,0,0,0,0,14,0,3,0,0,0,0,0,0,0,0,0,0,0,2,0,0,0,0,0,0,0,0,0,0,78,28,0,0,0,0,0,0,0,0,0,0,0,0,0,0
246,"Stadt Münster","MUN",13,0,24,0,0,0,0,0,76,0,22,0,1,0,0,0,0,0,0,6,0,0,2,85,26,0,0,0,0,0,0,0,0,0,0,0,2,0,1,3,1,2,0,0,0,6,4,0,2,0,0,0,0,0,0,0,0,0,0,0,0,0,0,0,0,0,0,0,0,0,0,0,0,0,0,0,0,0,10,0,14,0,42,0,0,0,0,0,0,0,0,5,0,0,0,6,0,0,0,28,0,0,0,1,0,11,12,4,0,0,0,0,0,0,0,0,0,0,0,0,0
247,"Steinfurt","MUN",42,0,121,0,0,3,19,1756,1906,740,235,7,15,6,1,0,0,0,1,0,0,49,7,1314,0,34,0,0,0,0,0,0,45,0,0,0,64,21,15,19,2,1,16,16,6,2,28,4,3,0,0,0,5,0,0,0,0,0,0,0,0,0,0,0,0,0,0,0,0,0,0,0,0,15,18,0,0,0,0,0,11,0,35,0,0,0,0,0,0,56,0,0,0,0,0,0,0,19,0,0,0,0,1,2,0,87,34,3,0,0,0,0,0,0,0,0,0,0,0,0,0
248,"Coesfeld","MUN",0,0,0,0,0,0,0,902,422,297,46,1,0,5,0,0,0,0,0,0,0,0,0,601,0,0,0,0,0,0,0,0,14,0,0,0,16,7,25,29,2,4,8,9,1,5,18,2,2,0,0,0,1,210,0,5,0,0,0,0,0,0,0,0,0,25,0,0,0,0,0,0,0,18,91,0,0,11,0,0,45,0,0,0,0,0,0,0,0,0,0,0,0,0,0,0,0,0,0,0,0,0,0,0,0,78,39,0,0,0,0,2,0,0,0,0,0,0,0,0,0
249,"Ahaus","MUN",7,0,123,0,0,1,0,0,4077,46,10,4,8,0,5,0,0,2,0,0,0,14,0,1421,0,0,0,0,0,0,0,0,26,0,0,0,23,0,19,16,8,6,14,9,9,0,28,0,2,0,0,0,0,0,0,0,0,0,0,0,0,0,0,0,0,0,0,0,0,0,21,0,0,27,37,0,0,0,0,0,17,0,35,0,0,17,0,0,0,0,0,0,0,0,0,8,0,0,0,0,0,6,4,0,0,47,18,1,1,0,0,0,0,0,0,0,0,0,0,0,0
250,"Borken","MUN",0,0,236,0,0,1,11,1179,221,219,23,4,2,5,2,0,0,0,0,0,0,0,0,1297,32,12,0,0,0,0,0,0,48,0,0,0,52,38,22,20,4,4,13,9,0,0,14,1,3,0,0,0,0,0,0,0,0,0,0,0,0,0,0,0,0,0,0,0,0,0,0,0,0,18,90,5,0,0,0,0,28,0,5,0,0,10,0,0,0,0,0,0,0,0,0,0,0,0,0,0,0,8,0,1,0,27,42,0,0,0,0,0,0,0,0,0,0,0,0,0,0
251,"Recklinghausen","MUN",33,0,0,0,0,0,0,8,2,231,63,29,43,29,7,0,0,0,0,0,0,102,0,0,0,0,0,0,0,0,0,0,20,0,0,0,13,29,57,19,0,0,6,4,0,0,13,5,3,0,0,0,0,45,0,0,0,0,0,0,0,0,0,0,0,6,0,0,0,0,5,0,0,1,109,0,0,37,0,0,0,2,46,0,0,0,0,0,0,0,0,0,0,0,0,0,0,0,0,0,0,0,0,0,0,52,29,2,0,0,0,0,0,3,0,0,0,0,0,0,0
252,"Minden","MIN",0,0,0,0,0,0,0,2,37,17,1,0,0,1,0,0,0,28,2,4,0,0,0,37,0,0,0,0,0,0,0,0,5,0,0,0,6,16,65,20,12,7,40,33,0,4,12,0,0,0,0,4,2,25,0,0,0,0,0,0,0,0,6,4,0,0,93,7,0,0,1,9,0,9,150,0,0,0,2,0,0,0,697,0,0,0,0,0,0,0,0,0,0,0,32,5,0,0,0,0,0,6,11,4,0,9,8,1,0,0,0,0,0,0,0,0,0,0,0,0,0
253,"Lübbecke","MIN",0,0,0,0,0,0,0,1,1,18,10,0,0,0,0,0,0,0,0,0,0,0,0,0,0,0,0,0,0,0,0,0,4,0,0,0,3,0,48,18,15,1,31,23,19,0,30,0,8,0,0,0,32,0,0,0,0,0,0,0,0,0,0,0,0,0,0,0,0,0,0,0,0,29,26,0,0,0,0,0,4,0,40,0,0,0,0,0,0,0,0,0,0,0,0,0,0,0,0,0,0,4,0,0,0,10,13,7,0,0,0,0,0,0,0,0,0,0,0,0,0
254,"Herfort","MIN",0,0,0,0,130,0,7,1,125,194,208,0,0,0,0,0,0,2,0,0,0,0,0,0,0,0,0,0,1,0,0,0,0,0,0,0,0,0,79,42,2,0,8,4,0,0,33,0,0,0,0,0,4,0,0,0,0,0,4,0,0,0,0,0,0,0,0,0,0,0,0,42,0,0,46,0,0,6,0,0,0,0,237,84,0,0,2,0,0,0,0,0,0,0,0,0,0,0,0,0,0,0,4,1,0,13,6,4,0,0,0,0,0,0,0,0,0,0,0,0,0
255,"Halle","MIN",0,0,0,0,0,0,0,1,9,21,149,0,0,0,0,0,0,0,0,0,0,0,0,0,0,0,0,0,0,0,0,0,21,10,0,0,5,0,45,17,0,0,1,1,3,0,10,0,0,0,0,0,20,0,0,0,0,0,0,0,0,0,0,0,0,0,0,0,0,0,0,0,1,64,57,0,0,0,0,0,12,0,28,0,0,2,0,0,0,0,0,0,0,0,0,0,0,0,0,0,0,0,0,0,0,7,0,13,0,0,0,0,0,0,0,0,0,0,0,0,0
256,"Bielefeld","MIN",0,30,14,0,0,8,289,0,0,1316,3557,3,18,0,0,0,0,19,41,12,0,62,0,0,904,267,0,0,0,0,0,0,386,0,0,0,0,0,46,43,0,0,1,0,0,15,21,2,3,1,1,0,30,0,0,0,0,0,0,0,0,2,0,0,0,0,0,0,0,0,0,0,0,7,55,0,0,6,6,0,22,2,113,0,0,0,0,0,0,0,0,0,0,0,10,14,14,0,0,0,0,0,10,2,0,23,7,6,3,0,0,0,0,0,0,0,0,0,0,0,0
257,"Wiedenbrück","MIN",0,0,0,0,0,1,9,50,0,96,17,0,0,0,0,0,0,0,0,9,0,0,0,0,0,9,0,0,0,0,0,0,0,0,0,0,0,5,30,25,1,1,1,1,0,0,9,0,7,0,0,0,18,120,0,0,0,0,0,0,0,0,0,0,0,0,30,0,0,0,3,0,0,6,51,0,0,0,0,0,8,0,96,0,0,0,0,0,0,0,0,0,0,0,0,0,0,0,0,0,0,0,6,7,0,42,35,23,0,0,0,0,0,0,0,0,0,47,0,0,0
258,"Paderborn","MIN",0,0,0,0,0,0,0,1,16,11,5,0,0,0,0,0,0,0,0,0,0,0,0,16,0,0,0,0,0,0,0,0,4,0,0,0,5,0,41,43,0,0,3,3,0,0,22,0,1,1,0,0,11,120,0,0,0,0,0,0,0,0,0,0,0,0,29,0,0,0,0,0,0,22,71,0,2,14,0,0,0,0,21,0,0,0,0,0,0,0,0,0,0,0,0,0,0,0,0,0,0,0,0,0,0,27,23,4,0,0,0,0,0,0,0,0,0,0,0,0,0
259,"Büren","MIN",0,0,0,0,0,0,0,0,0,19,0,0,0,0,0,0,0,0,0,0,0,0,0,0,0,0,0,0,0,0,0,0,0,0,0,0,5,6,57,30,0,0,0,1,3,0,20,0,1,8,0,0,5,2,0,0,0,0,0,0,0,0,0,0,0,0,71,1,0,0,0,0,5,33,39,0,0,6,0,0,0,0,0,0,0,0,0,0,0,0,0,0,0,0,0,0,0,0,0,0,0,0,0,0,0,25,27,6,0,0,0,0,0,0,0,0,0,0,0,0,0
260,"Warburg","MIN",0,0,0,0,0,0,0,0,0,4,1,0,0,0,0,0,0,0,0,0,0,0,0,0,0,0,0,0,0,0,0,0,0,0,0,0,11,4,56,15,0,0,1,0,6,0,36,0,0,4,0,0,6,3,0,0,0,0,0,0,0,0,0,0,0,0,26,1,0,0,0,0,5,1,23,0,0,0,0,0,0,0,0,0,0,0,0,0,0,0,0,0,0,0,0,0,0,0,0,0,0,0,0,0,0,17,27,0,0,0,0,0,0,0,0,0,0,0,0,0,0
261,"Höxter","MIN",0,0,0,0,0,0,0,15,40,106,27,0,0,2,0,0,0,0,0,0,0,0,0,40,0,0,0,0,0,0,0,0,0,0,0,0,1,0,81,71,2,0,0,0,0,0,8,0,1,5,0,0,2,0,0,0,0,0,0,0,0,0,0,0,0,0,27,1,0,0,4,0,6,12,17,0,0,10,0,0,18,0,84,0,0,0,0,0,0,0,0,0,0,0,11,0,0,4,0,0,0,0,7,2,0,33,42,5,0,0,0,0,0,0,0,0,0,0,0,0,0
262,"Arnsberg","ARN",1,0,0,0,0,0,0,0,0,162,59,4,4,1,1,0,0,3,0,0,0,5,0,0,0,0,0,0,0,0,0,0,2,0,0,0,11,6,42,25,0,0,0,0,0,0,16,1,7,20,3,0,0,236,105,0,0,0,171,7,0,0,0,4,25,0,26,1,0,0,0,36,9,31,40,1,0,115,0,0,3,0,3,0,0,0,0,0,0,0,0,0,0,0,0,0,0,0,156,0,0,0,2,3,0,46,7,3,0,0,33,0,0,0,0,0,0,0,0,0,8
263,"Meschede","ARN",22,0,0,0,0,0,0,1,2,85,18,9,5,7,18,0,0,0,0,0,0,56,0,0,0,0,0,0,0,0,0,0,0,0,0,0,2,0,49,26,0,0,0,0,0,0,17,7,12,19,0,0,14,102,11,0,0,0,14,21,0,0,0,25,0,0,28,0,0,0,0,2,6,4,4,0,0,6,0,0,0,0,4,0,0,0,0,0,0,0,0,0,0,4,0,0,0,0,0,0,0,0,0,0,0,19,14,0,0,0,0,0,0,0,0,0,0,0,0,0,44
264,"Brillon","ARN",0,0,0,0,0,0,0,1,1,46,10,0,0,0,0,0,0,0,0,0,0,0,0,0,0,0,0,0,0,0,0,0,0,0,0,0,0,11,63,31,0,0,0,0,0,0,32,1,3,11,0,0,0,124,0,0,0,0,12,0,0,6,0,145,0,0,0,0,0,0,0,0,21,46,15,0,0,154,0,0,0,0,0,0,0,0,0,0,0,0,0,0,0,3,0,0,0,0,0,0,0,0,0,0,0,33,10,0,0,0,0,0,0,0,0,0,0,0,0,0,0
265,"Lippstadt","ARN",0,0,0,0,0,0,0,0,0,131,19,0,0,0,0,0,0,0,0,7,0,0,0,0,0,0,0,0,0,0,0,0,0,0,0,0,0,0,35,27,0,0,3,2,4,0,7,2,2,1,0,0,4,145,0,0,0,0,0,0,0,0,0,0,0,0,0,0,0,0,0,0,0,17,96,0,0,2,0,0,0,3,226,0,0,5,0,0,0,0,0,0,0,0,0,0,0,0,0,0,0,0,4,0,0,35,26,7,0,0,0,0,0,0,0,0,0,0,0,0,0
266,"Soest","ARN",0,0,0,0,0,0,0,10,5,268,63,0,0,1,0,0,0,0,0,0,0,0,0,0,0,0,0,0,0,0,0,0,0,0,0,0,7,7,44,30,2,2,3,3,3,0,17,0,0,3,0,0,3,85,0,0,0,0,88,0,0,0,0,0,0,0,0,0,0,0,0,12,0,7,16,0,0,0,0,0,0,2,0,0,0,0,0,0,0,2,0,0,0,0,0,0,0,0,0,0,0,0,0,2,0,63,25,0,0,0,0,0,0,0,0,0,0,0,0,0,0
267,"Hamm","ARN",0,0,0,0,0,0,0,5,2,128,29,0,0,2,4,0,0,0,0,0,0,0,0,0,0,0,0,0,0,0,0,0,15,0,0,0,24,16,23,26,1,1,6,5,1,5,18,0,2,0,1,0,0,28,26,0,0,0,54,0,0,0,0,0,0,0,0,0,0,0,3,2,0,30,56,0,0,0,0,0,6,0,11,0,0,0,0,0,0,0,0,0,0,0,0,0,0,0,0,0,0,0,0,0,0,108,76,7,0,0,0,0,0,0,0,0,0,0,0,0,0
268,"Dortmund","ARN",0,0,0,0,0,0,0,121,144,213,135,11,5,12,9,0,0,0,0,0,0,18,0,248,0,0,0,0,0,0,0,0,0,0,0,0,25,21,33,26,1,1,9,5,6,16,27,0,3,1,15,0,2,1049,0,0,0,0,42,0,0,0,0,0,0,152,0,0,0,0,22,0,0,14,182,0,0,0,0,0,0,0,29,0,0,0,0,0,0,0,0,0,0,0,0,0,0,0,0,194,0,0,34,16,0,111,31,11,0,0,0,0,0,49,0,0,0,0,0,0,0
269,"Bochum","ARN",130,0,0,0,0,81,31,13,4,161,40,35,234,4,1,40,22,0,0,0,47,239,0,0,0,0,0,14,0,0,2,0,0,0,0,20,36,20,65,17,0,0,0,0,2,14,30,3,2,0,0,0,14,116,0,0,0,0,130,93,40,0,0,0,0,7,219,1,0,0,1,21,0,0,64,0,0,56,2,0,0,0,72,0,0,3,0,0,0,0,0,0,0,0,0,0,0,35,0,0,0,3,0,2,0,100,68,5,0,0,0,0,0,45,0,0,0,0,0,0,0
270,"Hagen","ARN",63,0,9,0,0,53,79,44,44,59,95,20,121,11,8,757,1105,32,37,7,0,328,0,327,620,0,0,1536,0,0,0,0,38,53,43,0,36,120,37,31,0,0,1,1,1,3,5,12,7,1,2,0,194,255,18,0,0,0,1843,421,116,0,12,20,0,155,0,0,0,0,0,86,0,144,72,0,0,221,0,16,0,0,60,0,0,0,0,0,0,0,0,0,44,13,0,0,0,50,178,11,0,0,0,2,0,82,40,6,0,0,2,0,37,0,0,0,0,0,0,0,70
271,"Iserlohn","ARN",15,0,0,0,0,0,0,5,6,111,91,1,15,5,1,0,0,0,0,0,0,104,0,0,0,0,0,0,0,0,0,0,4,13,0,0,23,17,21,28,0,0,0,0,0,0,6,3,3,10,4,0,68,144,364,4,2019,94,906,30,595,5,264,71,1268,0,0,4,0,0,0,8,0,45,56,0,0,401,0,0,13,0,6,0,0,0,0,0,0,95,0,0,172,0,0,0,0,0,0,0,0,0,0,0,0,60,16,2,0,0,506,0,0,0,0,0,0,0,0,0,24
272,"Altena","ARN",32,0,0,0,0,0,0,0,0,11,17,8,8,12,8,0,0,0,0,3,0,34,0,0,0,0,0,0,0,0,0,0,5,0,0,0,3,4,53,34,0,0,0,0,0,3,28,1,8,7,0,0,98,433,554,0,235,8,547,124,8,0,12,4,0,14,0,0,0,0,0,0,0,72,18,0,0,55,0,0,6,1,0,0,0,0,0,0,9,0,0,119,45,5,0,3,0,1,531,0,0,0,0,0,0,30,3,1,0,0,163,130,50,0,0,0,0,0,0,0,270
273,"Olpe","ARN",5,0,0,0,0,0,0,0,0,12,0,0,0,0,0,0,0,0,0,0,0,0,0,0,0,0,0,0,0,0,0,0,0,0,0,0,2,0,32,11,0,0,0,0,0,0,7,0,11,2,0,0,0,181,0,0,0,0,37,112,0,8,0,0,0,0,0,0,0,0,0,0,0,31,9,0,0,12,0,0,58,5,38,0,0,0,0,0,0,0,0,0,0,0,0,0,0,0,2,0,0,0,0,0,0,8,4,0,0,0,0,0,0,0,0,0,0,0,0,0,0
274,"Siegen","ARN",50,7,0,0,0,1,0,1383,25,53,16,20,161,5,0,0,0,0,0,0,89,168,52,1038,8,0,0,0,0,0,0,0,4,3,0,0,58,32,55,33,0,0,0,0,0,0,6,5,30,12,0,1,13,547,0,0,0,0,111,78,0,0,0,44,0,35,0,0,0,0,0,0,1,0,12,0,0,14,0,0,258,35,4,0,0,0,0,0,0,0,0,0,0,0,0,0,0,0,0,0,0,0,3,3,0,47,8,4,0,0,0,0,0,0,0,0,0,0,0,0,0
275,"Wittgenstein","ARN",12,0,0,0,0,0,0,96,27,48,10,169,157,3,0,0,0,0,0,8,0,0,306,96,0,0,0,0,0,0,0,0,0,0,0,0,1,0,30,31,0,0,0,0,0,0,14,3,4,12,0,0,0,50,0,0,0,0,0,0,0,0,0,0,0,0,0,0,0,0,0,0,3,0,0,0,0,4,0,0,0,0,0,0,0,0,0,0,0,0,0,0,0,19,0,0,0,0,0,0,0,0,0,0,0,18,7,0,0,0,0,0,0,0,0,0,0,0,0,0,1400
276,"Wipperfurt","KOL",220,0,140,0,0,0,0,5,0,30,0,13,34,2,0,0,0,1,0,80,7,1,0,0,0,0,0,0,0,0,0,0,0,9,0,0,14,2,43,17,0,0,0,0,0,0,8,6,4,0,0,0,19,8,0,0,0,0,3,42,0,0,0,0,0,3,0,0,0,0,0,0,0,14,6,0,0,0,0,0,0,0,0,0,0,0,0,0,0,0,0,0,0,15,0,0,0,0,0,0,0,0,0,0,0,13,3,0,0,0,0,0,0,0,0,0,0,0,0,0,0
277,"Gummersbach","KOL",46,0,0,0,0,0,0,1,9,3,4,0,0,225,1,1,24,0,20,97,0,0,0,9,0,0,0,0,0,0,0,0,0,0,0,1,0,17,41,3,0,0,0,0,0,0,26,3,21,0,0,0,34,93,0,0,0,0,0,24,0,0,0,0,0,0,0,0,0,0,0,4,0,47,7,0,0,51,0,0,0,0,0,0,0,4,0,0,0,0,0,0,0,11,0,0,0,0,0,0,0,0,0,1,0,29,31,4,0,0,0,0,0,0,0,0,0,0,35,0,0
278,"Waldbroel","KOL",0,0,0,0,0,0,0,2,0,45,3,0,0,0,0,0,0,0,0,0,0,0,0,0,0,0,0,0,0,0,0,0,0,0,0,0,0,0,35,1,0,0,0,0,0,0,7,0,4,0,0,0,2,31,0,0,0,0,0,0,0,0,0,7,0,0,0,0,0,0,0,0,0,2,12,0,0,0,0,0,0,0,0,0,0,4,0,0,0,0,0,0,0,6,0,0,0,0,0,0,0,0,0,0,0,2,7,0,0,0,0,0,0,0,0,0,0,0,0,0,0
279,"Sieg","KOL",0,0,0,0,0,0,0,10,144,6,2,0,0,2,1,0,0,0,0,0,0,0,0,0,0,0,0,4,0,85,327,0,14,0,0,0,0,159,101,20,1,1,0,0,0,0,35,0,8,0,2,0,32,84,0,0,0,0,0,0,0,0,0,35,0,0,0,0,0,0,0,0,2,48,110,0,0,2,0,0,0,2,0,0,0,15,0,0,0,0,0,0,0,0,0,0,0,28,0,0,0,0,0,0,0,15,48,1,0,0,0,0,0,0,0,0,0,0,0,0,0
280,"Mühlheim","KOL",34,0,0,0,0,889,84,54,0,12,1,3,1,8,0,0,0,0,0,0,2,0,0,74,0,927,0,0,0,0,0,0,0,0,0,4,24,0,57,48,1,1,2,2,1,0,16,2,5,0,1,0,10,38,0,0,0,0,14,0,0,0,0,7,0,0,0,0,0,0,0,39,3,117,71,0,1,378,0,0,0,0,215,0,0,12,0,0,0,0,17,0,0,3,0,0,0,0,0,0,0,0,5,1,0,40,51,15,0,0,0,0,0,0,0,0,0,51,0,0,0
281,"Stadt Cöln","KOL",229,0,35,0,0,134,11,5,205,1,1,1,1,14,24,0,0,0,36,0,0,0,0,0,0,0,0,104,34,2,4,0,0,2,34,0,62,22,1,1,0,0,3,10,2,13,5,0,4,0,6,0,2,0,12,3,0,90,47,0,0,0,0,0,0,21,0,0,3,0,0,18,0,0,0,0,0,0,101,155,47,54,515,771,0,11,3,34,2,7,8,0,0,0,6,23,0,0,0,4,10,15,36,21,33,195,73,23,91,0,7,0,0,61,0,0,0,58,0,0,74
282,"Landkreis Cöln","KOL",16,0,0,0,0,3,0,4,108,42,14,0,0,3,2,1,5,0,0,7,0,0,0,0,0,0,0,0,0,0,0,0,2,0,0,0,21,20,29,29,14,13,5,3,4,7,6,0,4,0,0,75,25,0,0,0,0,0,8,0,12,0,0,0,0,324,0,0,0,47,117,37,0,20,259,3,0,0,13,0,5,0,47,0,0,8,0,0,0,0,0,0,0,0,0,0,70,0,0,12,0,0,2,7,0,65,30,2,0,0,0,0,0,3,0,0,5,0,0,0,48
283,"Bergheim","KOL",0,0,0,0,0,6,0,44,3,106,12,0,0,2,12,0,0,1,0,0,0,0,0,0,0,0,0,0,0,0,0,0,0,0,0,0,0,8,25,25,3,3,7,9,0,0,17,0,0,0,0,0,0,0,5,0,0,17,0,0,0,0,0,0,0,0,0,0,0,0,9,0,0,5,44,0,0,5,0,0,0,0,0,0,0,0,0,0,0,0,0,0,0,0,0,0,0,0,0,0,0,0,0,0,0,71,23,0,0,0,0,0,0,0,0,0,0,0,0,0,0
284,"Euskirchen","KOL",105,14,0,0,0,0,0,0,0,0,0,67,172,0,0,0,0,0,0,0,8,0,0,0,0,0,0,0,0,0,0,0,0,0,0,0,0,0,42,23,0,0,0,0,0,0,27,6,4,0,0,0,3,0,0,0,0,0,0,0,0,0,0,69,0,0,0,0,0,0,0,0,3,2,46,0,0,7,0,0,0,0,0,0,0,0,0,0,0,0,0,0,0,0,0,0,0,0,0,0,0,0,2,0,0,44,19,2,0,0,0,0,0,0,0,0,0,0,0,0,0
285,"Rheinbach","KOL",58,0,0,0,0,0,0,4,1,71,2,28,40,3,5,0,0,0,0,0,8,0,0,0,0,0,0,0,0,0,0,0,0,0,0,0,0,0,40,50,1,2,3,2,0,1,14,10,7,0,0,0,4,0,0,0,0,0,0,0,0,0,0,0,0,0,0,0,0,0,0,0,6,10,17,0,0,9,0,0,0,0,4,0,0,0,0,0,0,0,0,0,0,0,0,0,0,0,0,0,0,0,0,2,0,61,57,0,0,0,0,0,0,0,0,0,0,0,0,0,0
286,"Bonn","KOL",0,0,113,0,0,0,0,61,60,113,90,0,0,23,7,0,0,0,0,0,0,0,0,26,0,0,0,0,0,0,0,0,3,0,0,0,19,30,34,20,3,0,3,3,2,0,19,0,4,0,0,0,4,0,0,0,0,0,0,0,0,0,0,217,0,0,0,0,0,98,69,59,0,4,79,0,0,0,24,0,28,0,20,0,0,15,0,0,0,6,0,0,0,0,0,0,0,0,0,0,0,0,18,8,0,64,25,0,0,0,0,0,0,0,0,0,0,0,0,0,0
287,"Cleve","DUS",0,0,0,0,0,0,0,31,60,110,48,0,3,11,8,0,0,0,0,54,0,0,0,86,0,0,0,0,0,0,0,0,0,0,0,0,1,6,10,4,6,8,26,40,8,0,17,0,1,0,1,0,0,0,0,0,0,7,0,0,0,0,0,0,0,0,0,0,0,0,2,0,0,4,192,0,0,0,0,0,11,0,25,0,0,0,0,0,0,5,0,0,0,0,0,0,0,0,0,0,0,0,2,5,0,25,31,3,0,0,0,0,0,0,0,0,0,0,0,0,20
288,"Rees","DUS",0,0,43,0,0,0,0,9,4,20,1,0,0,2,3,0,0,3,52,1,0,0,0,0,0,0,0,0,20,32,0,0,0,0,0,0,0,9,6,3,9,10,22,34,18,5,9,0,0,1,0,0,26,60,0,0,0,0,0,0,0,0,0,0,0,24,0,0,0,0,7,25,0,0,68,0,0,0,0,0,0,5,171,10,0,9,0,0,0,0,0,0,0,0,0,0,0,0,0,0,0,20,17,5,0,35,44,12,0,0,0,0,0,8,0,0,0,0,0,0,0
289,"Duisburg","DUS",247,6,232,0,0,12,0,234,148,88,20,25,340,9,6,0,0,0,0,0,0,1155,0,198,0,0,0,0,0,0,0,0,28,0,0,0,108,73,72,38,0,0,16,17,1,12,14,26,10,2,0,0,13,755,0,8,0,0,237,304,0,6,0,194,0,793,50,0,0,0,2,107,4,29,77,0,0,91,0,0,78,6,571,131,0,0,0,0,0,0,16,0,0,0,0,6,0,9,0,0,0,1,17,6,0,168,74,25,0,0,0,0,0,0,0,0,0,16,0,0,0
290,"Geldern","DUS",53,0,193,0,0,361,336,283,172,364,127,74,23,24,13,17,10,4,24,24,6,70,25,483,0,285,0,0,0,24,1,0,0,10,0,0,19,17,30,36,16,18,32,45,12,1,65,1,4,0,1,0,0,0,0,0,0,0,0,0,0,0,0,10,0,14,0,0,0,0,22,0,0,43,71,0,0,0,0,0,0,0,8,0,0,11,17,0,0,0,0,0,0,0,0,0,0,0,0,0,0,2,5,7,0,160,510,7,0,0,0,0,0,0,0,0,0,0,0,0,0
291,"Kempen","DUS",33,0,0,0,0,2160,1935,954,326,441,94,2,2,39,12,533,412,2,0,187,53,0,0,227,64,577,0,48,0,0,8,0,18,0,0,0,50,17,16,47,12,10,10,16,2,8,61,0,0,0,0,0,0,0,5,6,0,0,0,0,0,0,0,0,0,0,0,0,0,0,12,0,0,0,18,0,16,11,0,0,0,0,3,0,0,0,0,0,0,0,0,0,0,0,0,0,0,0,0,0,4,10,2,0,0,145,204,14,0,0,0,0,0,0,0,0,0,0,0,0,0
292,"Crefeld","DUS",24,0,0,0,0,4463,5568,9,3,76,21,6,151,35,209,257,429,0,0,160,360,150,2,0,0,9112,0,350,0,80,191,0,0,0,0,315,21,21,2,0,1,2,18,28,7,16,9,2,2,0,0,0,2,0,0,0,0,0,0,0,0,0,0,0,0,36,0,0,0,0,0,26,0,24,5,0,10,0,8,0,0,0,6,43,0,0,0,0,0,0,0,0,0,0,0,0,0,60,0,10,0,3,13,11,0,109,253,56,0,0,0,0,0,0,0,0,0,0,0,0,3
293,"Düsseldorf","DUS",14,0,134,0,0,137,66,362,389,104,6,50,53,26,15,0,0,4,2,24,20,24,19,430,0,179,0,0,0,13,11,0,3,0,0,0,142,116,50,56,0,0,3,2,0,3,16,0,0,0,16,0,0,0,0,0,0,0,28,0,0,0,0,8,0,0,0,0,0,0,2,41,0,133,277,0,0,34,20,0,0,5,279,0,0,0,0,0,0,0,0,0,0,7,0,11,0,1,0,153,0,5,11,12,0,199,159,41,2,0,0,0,0,0,0,0,0,0,0,0,0
294,"Elberfeld","DUS",0,0,520,0,0,3388,3321,502,293,17,1,826,763,5,3,863,1182,138,106,187,67,0,2975,2101,6,7766,0,3558,32,21,0,169,5,25,641,121,116,632,56,70,0,0,0,0,0,3,2,0,2,0,0,0,92,0,0,0,0,0,268,0,196,0,0,0,8,105,0,0,0,0,0,194,1,141,75,0,0,9,43,11,130,1,10,0,0,0,0,0,0,0,28,0,0,13,5,9,30,0,1043,0,0,0,59,0,0,149,46,0,0,0,0,0,5,0,0,0,65,0,10,0,0
295,"Lennep","DUS",537,0,0,0,0,95,127,1517,794,61,15,640,346,56,16,202,732,0,0,63,0,2376,58,405,0,40,0,97,0,0,0,0,0,0,0,0,79,2,33,26,0,0,2,2,1,0,2,41,8,2,0,0,16,8,20,6,0,0,2223,200,0,2,1,0,0,0,0,0,0,0,0,24,0,0,0,0,0,8,0,0,0,0,8,0,0,0,0,0,0,0,0,9,0,0,0,0,7,0,8,0,0,0,0,2,0,42,24,4,0,0,0,0,0,0,0,0,12,0,0,0,148
296,"Solingen","DUS",48,125,0,0,0,522,337,777,551,64,0,81,0,69,67,12,0,0,0,0,0,17,7,269,0,0,0,9,0,0,51,0,8,0,0,0,43,6,59,38,1,0,1,0,7,2,10,3,4,4,0,0,662,0,0,0,0,0,164,16,60,0,0,0,0,9,0,0,0,0,0,101,0,2,68,0,0,25,0,0,3,3,38,0,0,2,2,123,0,96,25,0,0,0,0,3,0,0,12,0,0,0,6,2,0,30,24,2,0,0,29,0,0,0,0,0,0,0,0,0,0
297,"Neuss","DUS",40,0,0,0,0,27,25,101,43,51,33,11,19,13,9,0,0,1,0,5,6,19,0,44,0,35,0,0,0,0,0,0,0,0,0,0,0,9,7,27,3,3,10,4,2,3,159,0,1,0,0,0,0,14,0,0,0,0,8,0,0,0,4,0,0,45,0,0,0,0,0,2,0,7,54,0,2,0,2,0,0,1,7,0,0,14,0,0,0,0,3,0,0,0,4,0,0,0,0,0,0,0,84,3,0,88,103,18,0,0,0,0,0,0,0,0,0,0,0,0,0
298,"Grevenbroich","DUS",0,0,244,0,0,22,8,984,441,120,40,58,21,16,9,1,1,0,0,0,0,0,28,899,0,6,0,0,0,0,7,0,0,0,0,0,20,2,13,17,5,6,8,8,2,0,17,0,1,0,0,0,0,0,0,63,0,0,0,0,0,0,0,0,0,0,0,0,0,0,0,0,0,0,0,0,3,0,0,2,0,0,0,0,0,0,0,0,0,0,0,0,0,0,0,0,0,0,0,0,0,0,0,4,0,69,12,8,0,0,0,0,0,0,0,0,0,0,0,0,0
299,"Gladbach","DUS",0,0,1218,0,0,1050,732,3217,1310,122,10,399,130,16,7,229,276,0,0,102,35,0,2234,15445,39,1832,10,340,0,0,0,0,6,14,45,12,148,46,39,39,3,4,8,8,3,4,20,0,4,0,0,0,11,15,0,0,0,0,0,0,0,0,0,0,0,0,0,0,0,0,2,0,0,0,13,0,0,5,0,0,17,6,14,0,0,2,0,0,0,0,0,0,0,0,0,7,0,118,0,0,0,0,2,3,0,131,45,11,0,0,0,0,0,0,0,0,103,0,0,0,0
300,"Simmern","KOB",6,0,0,0,0,0,0,0,0,20,7,2,3,21,4,0,0,0,0,0,0,0,0,0,0,0,0,0,0,0,0,0,0,0,0,0,0,0,202,65,0,0,0,0,0,0,34,0,7,2,0,0,0,0,0,0,0,0,0,0,0,0,0,0,0,0,0,0,0,0,0,0,78,5,0,0,0,0,0,0,0,0,0,0,0,0,0,0,0,0,0,0,0,0,0,0,0,0,0,0,0,0,0,0,0,34,4,0,0,0,0,0,0,0,0,0,0,0,0,0,0
301,"Coblenz","KOB",10,0,0,0,0,0,0,8,4,28,10,0,0,6,10,0,0,0,0,0,0,127,0,0,0,0,0,0,0,0,0,0,0,0,0,0,11,16,91,94,0,0,0,0,0,26,12,3,4,0,0,0,16,167,0,0,0,0,100,0,0,0,0,4,0,14,0,0,0,0,0,0,0,20,44,0,0,7,0,0,27,0,294,0,0,0,0,0,0,0,0,0,0,2,0,0,0,0,0,0,0,44,0,3,0,24,4,4,0,0,0,0,0,3,0,0,0,0,26,0,18
302,"St. Goar","KOB",0,0,0,0,0,0,0,0,0,59,7,10,5,25,0,0,0,0,0,0,0,0,0,0,0,0,0,0,0,0,0,0,0,0,0,0,0,2,114,57,1,0,0,0,0,0,30,3,4,0,0,0,0,0,0,0,0,0,0,0,0,0,0,54,0,0,0,0,0,0,0,0,0,12,3,0,0,0,0,0,19,1,0,0,0,0,0,0,0,0,0,0,0,0,0,0,0,0,0,0,0,0,0,0,0,12,86,0,0,0,0,0,0,0,0,0,0,0,0,0,0
303,"Kreuznach","KOB",9,0,0,0,0,0,0,5,2,98,1,3,4,2,0,0,0,0,0,0,0,8,0,0,0,0,0,0,0,0,0,0,0,0,0,0,0,0,114,72,0,0,0,0,0,0,29,2,12,3,3,0,16,634,0,0,0,0,147,0,0,0,0,0,0,0,0,0,0,0,0,0,37,32,32,0,1,13,0,0,132,5,131,0,0,0,0,24,0,4,5,0,0,0,0,0,0,2,0,0,0,0,0,3,0,39,112,0,0,0,0,0,0,0,0,0,0,0,0,0,0
304,"Zell","KOB",0,0,0,0,0,0,0,0,0,5,0,10,3,4,1,0,0,0,0,0,0,0,0,0,0,0,0,0,0,0,0,0,0,0,0,0,0,0,109,6,0,0,0,0,0,0,26,0,4,2,0,0,12,152,0,0,0,0,0,0,0,0,0,0,0,0,0,0,0,0,0,0,32,8,0,0,0,0,0,0,0,0,0,0,0,0,0,0,0,0,0,0,0,0,0,0,0,0,0,0,0,0,0,0,0,4,124,0,0,0,0,0,0,0,0,0,0,0,0,0,0
305,"Kochheim","KOB",25,0,0,0,0,0,0,0,0,65,12,0,0,1,0,0,0,0,0,0,0,0,0,0,0,0,0,0,0,0,0,0,0,0,0,0,9,2,110,65,0,0,0,0,0,0,32,3,3,1,0,0,5,0,0,0,0,0,0,0,0,0,0,0,0,0,0,0,0,0,0,0,21,9,1,0,0,0,0,0,0,0,14,0,0,0,0,0,0,0,0,0,0,0,0,0,0,2,0,0,0,0,0,1,0,2,42,0,0,0,0,1,0,0,0,0,0,0,0,0,0
306,"Mayen","KOB",56,0,0,0,0,0,0,82,14,48,17,44,51,9,5,0,0,0,0,0,0,49,0,0,0,0,0,0,0,0,0,0,0,0,0,0,0,0,155,88,0,0,0,0,1,0,29,1,3,0,3,0,23,0,0,0,0,0,0,0,0,0,0,0,0,0,0,0,0,0,8,14,6,1,2,0,0,42,0,0,4,0,8,0,0,0,0,0,0,0,0,0,0,2,0,0,0,0,0,0,0,0,0,1,0,22,13,0,0,0,0,0,0,0,0,0,0,0,0,0,0
307,"Adenau","KOB",20,11,0,0,0,0,0,2,14,90,2,10,4,1,0,0,0,0,0,0,0,4,0,0,0,0,0,0,0,0,0,0,0,0,0,0,1,0,75,9,0,0,0,0,0,0,19,3,5,0,0,0,0,147,0,0,0,0,7,0,0,0,0,14,0,0,0,0,0,0,0,0,2,0,0,0,0,0,0,0,2,0,47,0,0,0,0,0,0,0,0,0,0,0,0,0,0,3,0,0,0,0,0,0,0,2,0,0,0,0,0,0,0,0,0,0,0,0,0,0,0
308,"Ahrweiler","KOB",0,0,0,0,0,0,0,26,2,120,2,4,0,0,0,0,0,0,0,0,0,0,0,0,0,0,0,0,0,0,0,0,0,0,0,0,2,2,58,39,0,0,0,0,0,0,14,1,6,0,0,0,1,0,0,0,0,0,0,0,0,0,0,0,0,0,0,0,0,0,0,0,5,4,10,0,0,44,0,0,7,0,0,0,0,3,0,0,0,0,0,0,0,0,0,0,0,0,0,0,0,0,0,0,0,17,64,0,0,0,0,0,0,0,0,0,0,0,0,0,0
309,"Neuwied","KOB",0,0,0,0,0,0,0,54,48,46,12,2,2,6,3,0,0,0,0,0,0,2,0,30,0,0,0,0,0,0,0,0,0,0,0,0,7,33,81,49,0,0,0,0,0,4,45,0,6,4,0,0,9,344,55,0,0,0,14,0,0,0,0,165,0,0,0,0,0,0,0,10,4,11,9,0,0,3,0,0,12,0,72,0,0,41,0,0,0,0,0,0,0,0,0,0,0,0,0,0,0,106,10,7,0,30,58,4,0,0,0,0,0,0,0,0,0,0,0,0,6
310,"Altenkirchen","KOB",0,0,350,0,0,0,0,0,0,1,1,0,0,1,0,0,0,0,0,0,0,0,0,0,0,0,0,0,0,0,0,0,0,0,0,0,0,0,44,21,0,0,0,0,1,0,36,0,13,1,0,0,9,307,0,0,0,0,10,0,0,0,0,9,0,0,0,0,0,0,0,0,0,0,2,0,0,18,0,0,0,0,0,0,0,3,0,0,0,0,0,0,0,17,0,0,0,0,0,0,0,0,0,0,0,10,7,0,0,0,0,0,0,0,0,0,0,0,0,0,0
311,"Wetzlar","KOB",0,0,0,0,0,0,0,0,0,31,3,0,0,23,1,0,0,0,0,0,0,0,0,0,0,0,0,0,0,0,0,0,2,0,0,0,0,0,81,81,0,0,0,0,0,0,26,0,0,1,0,0,0,21,0,0,0,0,0,0,0,0,0,0,0,0,0,0,0,0,0,0,0,25,28,0,0,0,0,0,2,0,0,0,0,1,0,0,0,0,0,0,0,0,0,0,0,0,0,0,0,0,0,1,0,26,45,4,0,0,0,0,0,0,0,0,0,0,0,0,0
312,"Daun","TRI",0,0,0,0,0,0,0,0,0,8,4,0,0,0,0,0,0,0,0,0,0,0,0,0,0,0,0,0,0,0,0,0,0,0,0,0,7,0,84,43,0,0,0,0,0,0,18,0,5,3,0,0,1,49,0,0,0,0,0,0,0,0,0,0,0,0,0,0,0,0,0,0,0,23,3,0,0,0,0,0,0,0,0,0,0,0,0,0,0,0,0,0,0,0,0,0,0,0,0,0,0,0,0,0,0,13,6,0,0,0,0,0,0,0,0,0,0,0,0,0,0
313,"Prüm","TRI",0,8,0,0,0,0,0,0,14,4,0,14,3,0,0,0,0,0,0,0,0,0,0,0,0,0,0,0,0,0,0,0,0,0,0,0,0,3,84,51,0,0,0,0,0,0,10,2,7,15,3,0,0,12,0,0,0,0,0,0,0,0,0,0,0,0,0,0,0,0,0,0,12,43,0,0,0,0,0,0,122,0,0,0,0,0,0,0,0,0,0,0,0,0,0,0,0,0,0,0,0,0,0,0,0,10,5,0,0,0,0,0,0,0,0,0,0,0,0,0,0
314,"Bitburg","TRI",0,0,0,0,0,0,0,0,0,107,32,8,8,0,0,0,0,0,0,0,0,0,0,0,0,0,0,0,0,0,0,0,0,0,0,0,3,1,84,98,0,0,0,0,0,0,21,10,4,15,1,0,5,76,0,0,0,0,0,0,0,0,0,0,0,0,25,29,0,0,0,0,2,56,6,0,0,3,0,0,15,0,3,0,0,0,0,0,0,0,0,0,0,0,0,0,0,0,0,0,0,0,0,0,0,13,68,0,0,0,0,0,0,0,0,0,0,0,0,0,0
315,"Wittlich","TRI",0,0,0,0,0,0,0,0,0,19,3,6,2,5,2,0,0,4,0,0,0,0,0,0,0,0,0,0,0,0,0,0,0,0,0,0,0,0,66,56,0,0,0,0,0,0,34,0,3,7,1,0,0,33,0,0,0,0,0,0,0,0,0,0,0,0,0,0,0,0,0,0,9,22,3,0,0,0,0,0,0,0,0,0,0,0,0,0,0,0,0,0,0,0,0,0,0,0,0,0,0,0,0,0,0,5,14,0,0,0,0,0,0,0,0,0,0,0,0,0,0
316,"Trier (Stadt)","TRI",18,0,0,0,0,0,0,3,117,36,38,11,27,10,2,0,0,0,0,0,0,51,0,121,29,0,0,0,0,0,0,0,0,0,0,0,0,0,12,16,0,0,0,0,3,0,9,0,7,0,3,2,0,0,0,0,0,0,0,0,0,0,0,0,0,0,0,0,0,0,0,0,0,20,10,0,0,0,10,0,31,0,83,0,0,7,0,0,0,12,0,0,0,0,0,4,0,0,0,0,0,0,8,0,0,41,0,4,0,0,0,0,0,10,0,0,0,0,0,0,0
317,"Trier (Land)","TRI",0,0,0,0,0,0,0,0,0,0,0,0,0,1,1,0,0,0,0,0,0,0,0,0,0,0,0,0,0,0,0,0,0,0,0,0,0,0,187,120,0,0,0,0,0,0,48,7,5,16,2,0,2,1242,0,0,0,0,0,0,0,0,0,0,0,30,0,0,0,0,0,0,1,32,4,0,0,0,0,0,8,0,0,0,0,0,0,0,0,0,0,0,0,0,0,0,0,0,0,0,0,0,0,0,0,7,66,0,0,0,0,0,0,0,0,0,0,0,0,0,0
318,"Berncastel","TRI",0,0,0,0,0,0,0,0,0,34,5,1,0,5,0,0,0,0,0,0,0,0,0,0,0,0,0,0,0,0,0,0,0,0,0,0,4,6,196,108,0,0,0,0,0,0,70,6,8,18,1,0,3,139,0,0,0,0,0,0,0,0,0,0,0,0,0,0,0,0,0,0,10,24,4,0,0,26,0,0,0,0,153,0,0,0,0,0,0,0,0,0,0,0,0,0,0,0,0,0,0,0,0,4,0,23,205,0,0,0,0,0,0,0,0,0,0,0,0,0,0
319,"Saarburg","TRI",0,0,0,0,0,0,0,0,0,0,0,0,0,4,0,0,0,0,0,0,0,3,0,0,0,0,0,0,0,0,0,0,0,0,0,0,0,0,72,62,0,0,0,0,0,0,28,1,8,2,0,0,2,0,0,0,0,0,0,0,0,0,0,0,0,0,0,0,0,0,0,0,0,25,6,0,0,0,0,0,32,0,0,0,0,0,0,0,0,0,0,0,0,0,0,0,0,0,0,0,0,0,0,0,0,3,0,0,0,0,0,0,0,0,0,0,0,0,0,0,0
320,"Merzig","TRI",14,0,0,0,0,0,0,2,0,136,12,4,5,18,5,0,0,0,0,0,0,0,0,0,0,0,0,0,0,0,0,0,0,0,0,0,1,4,89,74,0,0,0,0,0,0,24,5,5,9,2,0,14,0,0,0,0,0,0,0,0,0,0,0,0,0,0,0,0,0,352,0,0,23,33,0,0,0,0,0,32,0,35,0,0,0,0,0,0,0,0,0,0,0,0,0,0,0,0,0,0,0,0,0,0,21,14,0,0,0,0,0,0,0,0,0,0,0,0,0,0
321,"Saarlouis","TRI",5,0,0,0,0,0,0,5,3,251,37,5,3,0,0,0,0,0,0,0,0,0,0,0,0,0,0,0,0,0,0,0,8,0,0,0,5,0,68,59,0,0,0,0,0,0,17,0,4,0,0,0,37,388,0,0,0,0,11,0,0,0,0,0,0,38,37,52,0,280,0,0,0,10,8,0,0,205,3,0,43,0,15,0,0,0,0,0,0,0,0,0,0,0,14,0,0,0,0,0,0,0,0,4,0,14,25,0,0,0,0,0,0,0,0,0,0,0,0,0,0
322,"Saarbrücken","TRI",10,0,120,0,0,6,2,8,2,147,20,11,2,2,0,0,0,0,0,0,0,0,0,3,0,0,0,0,0,0,0,0,0,0,0,6,0,0,50,44,0,0,0,0,0,0,13,2,2,0,0,0,3,228,0,0,0,0,20,51,0,0,0,0,0,0,447,18,0,67,57,31,0,41,111,0,0,0,0,0,0,0,52,0,0,0,0,0,0,0,35,0,0,0,0,0,0,0,0,0,0,0,3,0,0,38,15,0,0,0,0,0,0,0,0,0,0,0,0,0,0
323,"Ottweiler","TRI",0,0,0,0,0,0,0,0,0,29,11,0,8,1,0,0,0,0,0,0,0,0,0,0,0,0,0,0,0,0,0,0,0,0,0,0,0,6,51,40,0,0,0,0,0,0,16,2,1,8,0,0,7,113,0,0,0,0,121,0,0,0,0,0,0,0,31,0,0,0,0,0,0,32,46,0,0,4,0,0,0,2,0,0,0,0,0,0,0,0,0,0,0,0,0,0,0,0,0,0,0,0,0,0,0,29,16,0,0,0,0,0,0,0,0,0,0,0,0,0,0
324,"St. Wendel","TRI",8,0,0,0,0,0,0,0,0,37,8,12,1,7,1,0,0,0,0,0,0,5,0,0,0,0,0,0,0,0,0,0,0,0,0,0,0,0,110,56,0,0,0,0,1,0,46,2,6,3,0,0,8,0,0,0,0,0,0,0,0,0,0,0,0,0,0,0,0,0,0,0,0,51,18,0,0,0,0,0,0,0,2,0,0,0,0,0,0,0,0,0,0,0,0,0,0,0,0,0,0,0,0,0,0,18,9,0,0,0,0,0,0,0,0,0,0,0,0,0,0
325,"Erkelens","AAC",0,0,0,0,0,83,60,574,207,118,18,21,4,9,3,14,3,0,0,2,0,0,0,15,0,0,0,0,0,0,0,0,0,0,0,0,0,7,29,26,4,4,5,5,1,0,22,0,1,0,0,0,0,0,0,0,0,18,0,0,0,0,0,0,0,0,0,0,0,0,0,0,0,0,29,0,0,0,0,0,0,0,0,0,0,0,0,0,0,0,0,0,0,0,0,20,0,0,0,0,0,0,0,2,0,87,14,6,2,0,18,0,0,0,0,0,0,0,0,0,0
326,"Heinsberg","AAC",0,0,0,0,0,73,4,224,31,108,14,126,123,0,0,12,3,0,0,0,0,0,205,37,4,0,0,0,0,0,0,0,23,0,0,0,6,0,25,22,8,4,5,3,0,0,20,0,1,0,0,0,0,0,0,0,0,0,0,0,0,0,0,0,0,0,0,0,0,0,0,0,0,0,36,0,0,56,0,0,4,0,0,0,0,0,0,0,0,0,0,0,0,0,0,0,0,0,0,0,0,0,0,0,0,87,10,1,0,0,0,0,0,0,0,0,0,0,0,0,0
327,"Geilenkirchen","AAC",0,0,0,0,0,5,2,512,0,39,11,20,40,0,0,2,0,0,0,0,0,0,60,1042,0,0,0,0,0,0,0,0,0,0,0,0,16,6,24,18,1,1,0,0,0,0,89,0,2,0,0,0,3,0,0,0,0,0,0,0,0,0,0,0,0,0,0,0,0,0,0,0,0,0,19,0,0,79,0,0,3,0,0,0,0,2,0,0,0,0,0,0,0,0,0,0,0,0,0,0,0,0,3,0,0,38,9,4,0,0,0,0,0,0,0,0,0,0,0,0,0
328,"Jülich","AAC",0,0,0,0,0,1,1,14,1,95,16,5,0,1,0,0,0,0,0,0,0,13,0,0,0,0,0,0,0,0,0,0,0,0,0,0,0,0,23,38,7,10,2,1,0,0,24,0,2,0,1,0,0,0,0,0,0,0,0,0,0,0,0,0,0,0,0,0,0,0,0,0,0,0,4,0,0,34,0,0,0,0,0,0,0,0,0,0,0,0,0,0,0,0,0,0,0,0,0,0,0,2,0,7,0,55,24,0,0,0,0,0,0,0,0,0,0,0,0,0,0
329,"Düren","AAC",184,0,0,0,0,0,0,23,0,161,5,265,23,3,1,0,0,0,0,0,0,1032,0,9,0,0,0,0,0,0,0,0,2,0,0,0,59,34,46,46,0,0,2,0,0,0,36,22,4,0,0,0,22,395,56,0,450,0,4,0,0,3,12,59,0,250,0,0,0,0,29,0,0,28,75,0,0,537,2,0,10,0,0,0,0,3,0,0,0,0,0,0,0,0,0,0,0,626,0,0,0,0,3,4,0,84,8,5,0,0,8,0,0,0,0,0,0,0,0,0,122
330,"Stadt Aachen","AAC",1154,0,0,0,0,0,0,0,0,2,3,154,3491,6,18,0,0,5,12,0,0,11559,0,0,0,0,0,0,4,29,22,0,0,0,0,0,162,0,8,12,0,0,0,0,0,6,0,0,0,0,0,0,129,0,0,210,1071,223,78,0,0,0,0,0,0,444,0,0,0,0,5,29,0,0,121,0,0,0,36,0,52,7,415,28,0,0,0,0,0,0,13,0,0,0,4,8,0,68,0,114,0,9,15,10,0,60,32,15,6,0,8,29,0,0,0,0,0,0,0,0,44
331,"Landkreis Aachen","AAC",612,229,0,0,0,0,0,2,1,21,1,96,1046,0,0,10,17,1,0,67,0,2180,0,0,0,0,0,0,0,0,0,0,0,0,0,0,38,0,35,52,1,2,0,0,1,0,10,27,10,0,0,0,185,54,77,15,251,135,675,0,0,46,47,411,0,228,260,6,0,0,0,0,0,109,114,0,0,6,0,0,24,0,0,0,0,0,0,0,0,0,0,0,0,0,0,0,39,173,0,0,0,0,4,0,0,59,19,1,3,0,3,0,0,0,0,0,0,0,0,0,0
332,"Eupen","AAC",806,20,0,0,0,0,0,2,0,0,0,0,1683,0,0,0,0,0,0,0,0,1815,0,0,0,0,0,0,0,0,0,0,0,0,0,0,26,0,17,5,0,0,0,0,0,0,0,30,6,0,0,0,1,0,0,3,0,0,0,0,0,0,0,32,0,65,0,0,0,0,2,0,2,17,3,0,1,0,0,0,24,0,0,0,0,0,0,0,0,0,0,0,0,0,0,0,0,18,0,3,3,0,3,1,0,15,2,0,0,0,0,0,0,0,0,0,0,0,0,0,0
333,"Montjoie","AAC",426,0,0,0,0,0,0,0,0,29,0,702,75,0,0,0,0,0,0,8,0,1304,0,0,0,0,0,0,0,0,0,0,0,0,0,0,28,0,18,3,0,0,0,0,0,0,3,4,0,0,0,0,0,46,0,0,0,0,0,0,0,0,0,0,0,0,0,0,0,0,0,0,0,0,2,0,0,0,0,0,0,0,0,0,0,0,0,0,0,0,0,0,0,0,0,0,0,2,0,0,0,0,2,1,0,14,2,1,0,0,0,0,0,0,0,0,0,0,0,0,0
334,"Schleiden","AAC",0,7,0,0,0,0,0,4,0,45,5,9,1,0,0,0,0,0,0,0,0,0,0,0,0,0,0,0,0,0,0,0,0,0,0,0,10,6,74,20,0,0,0,0,0,0,8,0,4,2,0,0,0,231,49,0,0,0,127,20,0,0,0,85,0,16,0,0,0,0,0,0,4,16,3,0,0,0,0,0,4,0,3,0,0,2,0,0,0,0,0,0,0,11,0,0,0,0,0,0,0,0,0,0,0,30,7,0,0,0,0,0,0,0,0,0,0,0,0,0,0
335,"Malmedy","AAC",0,0,0,0,0,0,0,5,5,5,0,2,2,0,0,0,0,0,0,0,0,7,0,0,0,0,0,0,0,0,0,36,0,0,0,0,10,5,42,12,0,0,0,0,0,0,9,1,30,12,0,0,0,0,0,0,0,0,0,0,0,0,0,0,0,0,0,0,0,0,0,0,1,0,0,0,0,104,0,0,262,10,0,0,0,0,0,0,0,0,0,0,0,0,0,0,0,0,0,0,0,0,2,1,0,15,3,0,0,0,0,0,0,0,0,0,0,0,0,0,0
