kreiskey1849,county,rb,occ1849_typefoundry_inst,occ1849_typefoundry_workers,occ1849_printoffice_book_inst,occ1849_printoffice_book_press,occ1849_printoffice_book_workers,occ1849_printoffice_copper_inst,occ1849_printoffice_copper_work,occ1849_lithographic_inst,occ1849_lithographic_workers,occ1849_bookshop_propr,occ1849_bookshop_assi,occ1849_antiquarian_inst,occ1849_lendinglibrary_inst,occ1849_money_propr,occ1849_money_assi,occ1849_wholesaler_propr,occ1849_wholesaler_assi,occ1849_store_wine_propr,occ1849_store_wine_assi,occ1849_store_grain_propr,occ1849_store_grain_assi,occ1849_store_wood_propr,occ1849_store_wood_assi,occ1849_store_wool_propr,occ1849_store_wool_assi,occ1849_wholesale_brokers,occ1849_retail_brokers,occ1849_spicetrader_propr,occ1849_spicetrader_assi,occ1849_mercer_propr,occ1849_mercer_assitants,occ1849_metaltrader_propr,occ1849_metaltrader_assi,occ1849_gallantrytrader_propr,occ1849_gallantrytrader_assist,occ1849_other_trader_propretor,occ1849_other_trader_assi,occ1849_horsedealer,occ1849_chandler,occ1849_victualstrader,occ1849_travel_chandler,occ1849_mar_crew,occ1849_river_crew,occ1849_carriage_propr,occ1849_carriage_assi,occ1849_inn_educated_inns,occ1849_inn_carriage_inns,occ1849_inn_food_innkeepers,occ1849_inn_drink_innkeepers,occ1849_inn_musicians,occ1849_civil_state_senior,occ1849_civil_state_others,occ1849_civil_justice_senior,occ1849_civil_justice_others,occ1849_municipal_senior,occ1849_municipal_others,occ1849_annuitants,occ1849_manualworkers_m,occ1849_manualworkers_f,occ1849_servant_m_conv,occ1849_servant_f_conv
1,"Memel","KON",0,0,2,3,9,0,0,1,1,2,1,0,2,8,4,31,36,4,6,16,19,22,35,0,0,6,9,61,111,13,46,5,16,3,0,27,8,1,2,109,3,987,101,17,31,7,47,9,95,23,0,71,14,21,0,37,415,3046,2449,116,884
2,"Fischhausen","KON",0,0,1,1,1,0,0,0,0,0,0,0,0,0,0,10,20,0,0,0,0,2,4,0,0,0,0,42,43,6,7,0,0,0,0,15,0,0,0,42,1,27,68,2,4,9,74,4,80,12,1,87,5,13,0,65,40,1765,533,143,407
3,"Königsberg Stadt","KON",1,3,8,21,110,0,0,5,34,12,17,2,8,4,4,57,157,10,11,56,91,23,22,4,3,15,121,142,374,89,113,20,60,44,62,273,136,42,108,460,76,431,272,119,146,16,38,40,221,30,61,432,83,122,13,189,1466,4136,2771,440,4403
4,"Königsberg Land","KON",0,0,0,0,0,0,0,0,0,0,0,0,0,0,0,0,0,0,0,0,0,0,0,0,0,0,0,3,4,1,0,0,0,0,0,0,0,1,0,27,0,0,6,8,6,7,73,1,74,7,0,2,0,0,1,2,8,2441,1211,141,288
5,"Labiau","KON",0,0,0,0,0,0,0,0,0,0,0,0,0,0,0,0,0,0,0,1,0,1,0,0,0,0,0,36,47,2,3,0,0,0,0,6,0,3,2,56,4,0,141,7,4,6,54,0,51,4,1,16,8,17,0,4,4,2654,2408,47,73
6,"Welau","KON",0,0,1,1,3,0,0,0,0,0,0,0,1,0,0,1,2,0,0,10,10,4,1,0,0,0,1,41,80,6,11,0,0,3,5,1,1,0,8,31,7,0,157,0,0,5,41,4,89,4,1,71,15,21,15,87,50,2723,2934,96,251
7,"Gerdauen","KON",0,0,0,0,0,0,0,0,0,0,0,0,0,0,0,1,0,0,0,0,0,0,0,0,0,0,0,20,22,9,6,0,0,0,0,0,0,2,18,17,5,0,0,0,0,6,48,0,33,5,1,9,3,8,0,14,37,2423,2302,71,166
8,"Rastenburg","KON",0,0,1,1,2,0,0,0,0,2,0,0,1,0,0,1,2,1,0,0,0,0,0,0,0,0,0,24,43,9,7,0,0,3,6,4,2,0,1,4,0,0,0,0,0,7,30,1,59,2,1,10,5,9,19,102,57,2326,2621,96,417
9,"Friedland","KON",0,0,0,0,0,0,0,0,0,0,0,0,2,0,0,0,0,0,0,0,0,1,1,0,0,0,0,42,62,10,9,1,0,2,0,2,0,1,10,38,2,0,0,0,0,9,39,4,83,6,1,15,12,15,0,28,74,2123,2225,122,297
10,"Preuss. Eilau","KON",0,0,0,0,0,0,0,0,0,0,0,0,1,0,0,0,0,0,0,0,0,0,0,0,0,0,0,34,41,6,3,1,1,1,1,0,0,0,8,60,16,0,0,0,0,9,64,4,67,8,0,12,3,5,0,8,14,2470,2233,119,293
11,"Heiligenbeil","KON",0,0,0,0,0,0,0,0,0,0,0,0,1,0,0,0,0,0,0,0,0,0,0,0,0,0,0,23,21,4,4,0,0,1,2,1,1,2,26,59,5,0,48,4,6,7,56,2,68,5,1,18,4,8,0,13,28,2150,2212,113,251
12,"Braunsberg","KON",0,0,1,2,3,0,0,1,1,2,2,0,2,0,0,4,6,2,1,0,0,11,0,0,0,0,0,46,71,24,15,3,4,2,3,13,7,1,3,30,28,36,68,0,0,10,53,9,85,4,3,35,10,19,1,31,119,3100,2815,41,121
13,"Heilsberg","KON",0,0,1,1,2,0,0,0,0,0,0,0,2,0,0,0,0,0,0,0,0,0,0,0,0,0,0,36,30,15,12,1,0,1,1,9,6,1,3,60,6,0,0,1,0,5,71,0,59,0,3,25,12,15,0,7,22,3151,3577,48,253
14,"Rössel","KON",0,0,1,1,2,0,0,0,0,0,0,0,0,0,0,0,0,0,0,2,3,0,0,0,0,0,0,30,59,16,19,0,0,1,0,4,0,2,3,23,18,0,0,0,0,11,40,1,79,0,0,116,15,23,0,21,41,2461,2725,43,133
15,"Allenstein","KON",0,0,1,1,1,0,0,0,0,1,0,0,2,0,0,0,0,0,0,0,0,0,0,0,0,0,0,25,18,6,4,0,0,1,0,5,4,5,2,49,29,0,0,0,0,1,51,1,55,9,1,62,9,21,1,34,26,2413,2923,20,213
16,"Ortelsburg","KON",0,0,1,1,1,0,0,0,0,0,0,0,1,0,0,3,0,0,0,0,0,0,0,0,0,0,1,25,34,7,3,0,0,0,0,0,0,0,7,21,7,0,0,0,0,11,60,1,85,0,5,38,10,16,0,14,131,2673,2854,28,179
17,"Neidenburg","KON",0,0,1,1,1,0,0,0,0,0,0,0,1,0,0,0,0,0,0,5,0,1,0,0,0,0,0,30,16,7,10,4,2,1,0,3,0,3,5,16,5,0,0,0,0,4,62,8,74,0,2,50,8,12,0,8,58,1677,1681,30,287
18,"Osterode","KON",0,0,2,2,4,0,0,0,0,0,0,0,2,0,0,0,0,0,0,0,0,0,0,0,0,0,0,39,21,10,6,0,0,0,0,2,3,5,2,17,4,0,0,0,0,10,59,1,62,17,0,32,9,17,0,14,76,3354,3398,79,247
19,"Morungen","KON",0,0,2,3,4,0,0,0,0,0,0,0,0,0,0,0,0,0,0,0,0,0,0,0,0,0,0,28,16,13,14,1,1,2,2,1,0,15,5,44,5,0,0,1,1,7,71,0,76,4,1,24,12,20,0,12,147,3251,3290,139,420
20,"Pr. Holland","KON",0,0,1,1,1,0,0,0,0,0,0,0,0,0,0,0,0,0,0,0,0,0,0,0,0,0,0,37,22,9,10,0,0,0,0,0,0,11,8,18,12,0,30,2,0,7,80,3,38,7,1,12,5,9,0,8,54,3048,3133,133,292
21,"Heidekrug","GUM",0,0,0,0,0,0,0,0,0,0,0,0,0,0,0,6,7,2,0,6,6,3,3,0,0,0,0,0,0,0,0,0,0,0,0,0,0,0,60,173,1,0,253,0,0,9,58,1,33,0,1,75,7,22,0,0,8,2707,3305,39,230
22,"Niederung","GUM",0,0,0,0,0,0,0,0,0,0,0,0,1,0,0,0,0,0,0,0,0,4,0,0,0,0,0,17,17,4,2,0,0,0,0,14,0,0,21,118,7,0,106,4,0,5,51,0,52,0,1,43,11,33,0,5,131,3310,3197,56,121
23,"Tilsit","GUM",2,6,19,0,0,1,2,1,2,1,1,0,3,0,0,27,45,2,4,21,30,8,4,0,0,3,0,42,95,31,65,16,37,9,19,12,8,1,8,120,12,0,342,26,43,5,92,4,34,18,3,90,17,45,0,55,325,3122,4069,154,1132
24,"Ragnit","GUM",0,0,0,0,0,0,0,0,0,0,0,0,0,0,0,2,2,0,0,7,5,1,1,0,0,0,0,29,35,2,4,0,0,0,0,0,0,0,0,6,12,0,102,2,3,11,55,0,78,0,2,81,9,16,0,2,21,1660,645,72,255
25,"Pillkallen","GUM",0,0,0,0,0,0,0,0,0,0,0,0,0,0,0,0,0,0,0,0,0,0,0,0,0,0,0,27,20,21,27,0,0,0,0,0,0,0,0,30,6,0,0,5,5,6,66,1,17,3,2,114,7,55,0,9,57,2275,3076,58,330
26,"Stallupönen","GUM",0,0,0,0,0,0,0,0,0,0,0,0,1,0,0,0,0,0,0,0,0,0,0,0,0,0,0,23,26,9,11,0,0,3,3,0,0,0,5,69,12,0,0,4,10,3,65,1,31,20,1,68,10,24,0,8,35,1349,658,46,366
27,"Gumbinnen","GUM",0,0,2,5,20,0,0,0,0,2,2,0,1,0,0,0,0,1,1,10,9,1,0,0,0,0,0,18,30,9,18,2,6,1,1,1,0,0,0,82,3,0,0,7,10,3,72,3,37,45,27,104,12,29,2,12,126,2036,2384,99,650
28,"Insterburg","GUM",0,0,1,3,5,0,0,1,1,1,1,0,3,0,0,0,0,1,2,28,20,2,1,0,0,0,0,42,59,6,21,3,10,4,8,10,8,4,6,94,15,0,347,6,6,7,67,3,90,6,1,109,41,74,1,19,202,2848,2103,159,580
29,"Darkehmen","GUM",0,0,0,0,0,0,0,0,0,0,0,0,0,0,0,0,0,0,0,0,0,0,0,0,0,0,0,6,16,2,4,0,0,0,0,0,0,0,0,68,13,0,0,0,0,4,93,0,11,12,1,12,4,10,1,3,14,1456,1244,112,325
30,"Angerburg","GUM",0,0,0,0,0,0,0,0,0,0,0,0,1,0,0,0,0,2,0,1,0,1,0,0,0,0,0,15,18,4,6,6,0,0,0,1,0,0,1,74,1,0,0,0,0,3,57,0,58,1,3,27,8,22,0,8,7,3042,2929,32,166
31,"Goldapp","GUM",0,0,0,0,0,0,0,0,0,0,0,1,0,0,0,0,0,0,0,1,1,0,0,0,0,0,0,15,33,6,9,0,0,1,1,0,0,1,5,80,25,0,0,0,0,5,59,1,44,19,1,47,6,12,0,6,11,1943,2393,37,90
32,"Oletzko","GUM",0,0,0,0,0,0,0,0,0,0,0,0,0,0,0,0,0,0,0,0,0,0,0,0,0,0,0,16,31,8,15,0,0,0,0,0,0,1,0,66,2,0,0,1,2,3,27,0,92,0,1,23,6,10,0,0,16,1318,1148,40,92
33,"Lyck","GUM",0,0,1,1,5,0,0,1,1,0,0,0,1,0,0,0,0,0,0,0,0,0,0,0,0,0,0,14,29,8,14,5,0,0,0,0,0,0,11,33,11,0,0,0,0,7,41,2,61,0,1,42,12,24,0,17,25,2572,3546,103,274
34,"Lötzen","GUM",0,0,1,1,1,0,0,0,0,0,0,0,0,0,0,0,0,0,0,0,0,0,0,0,0,0,0,21,23,5,5,0,0,1,1,2,0,0,2,1,1,0,0,0,0,5,30,0,60,36,1,8,7,9,0,4,13,2424,2802,39,85
35,"Sensburg","GUM",0,0,1,1,3,0,0,0,0,0,0,0,0,0,0,0,0,0,0,0,0,0,0,0,0,0,0,11,23,6,3,0,0,1,0,2,0,10,2,56,13,0,20,0,0,4,88,1,4,6,3,43,9,22,0,8,48,3439,4124,121,78
36,"Johannisburg","GUM",0,0,1,1,2,0,0,0,0,0,0,0,1,0,0,5,3,0,0,0,0,0,0,0,0,0,0,26,32,8,18,0,0,1,1,1,0,36,28,62,3,0,2,0,0,2,48,3,64,1,0,57,8,15,0,14,386,3336,3194,53,198
37,"Elbing","DAN",0,0,5,8,34,0,0,4,9,3,6,0,2,8,4,4,16,3,8,30,29,6,2,0,0,8,2,50,95,44,58,7,13,5,2,25,11,6,40,296,44,140,342,104,115,14,50,5,154,45,4,93,12,52,5,70,446,4466,270,271,1672
38,"Marienburg","DAN",0,0,2,2,3,0,0,0,0,2,1,0,3,1,0,0,0,0,0,14,4,23,6,0,0,0,4,40,57,25,41,3,5,1,0,9,5,2,4,117,124,0,105,21,14,13,75,3,141,25,1,41,13,30,1,15,225,5512,3150,72,666
39,"Danzig Stadt","DAN",0,0,3,16,47,0,0,6,20,9,26,2,6,6,21,83,209,14,38,100,276,32,59,1,3,16,37,150,249,84,216,15,52,7,21,77,114,22,6,202,28,1287,300,89,156,20,15,12,262,41,35,289,33,53,7,56,270,5780,2893,436,3163
40,"Danzig Land","DAN",0,0,0,0,0,0,0,0,0,0,0,0,0,0,0,1,0,0,0,2,0,2,0,0,0,0,1,0,0,2,0,0,0,0,0,2,0,4,4,238,14,3,38,11,6,15,144,1,138,3,0,17,0,0,0,62,42,5198,4252,126,212
41,"Stargard","DAN",0,0,2,2,5,0,0,0,0,3,1,0,3,0,0,0,0,0,0,2,4,10,3,1,1,0,3,27,48,28,23,2,3,3,3,5,0,24,16,38,1,0,2,13,12,10,142,6,39,15,1,42,14,27,0,8,140,3319,2813,96,536
42,"Behrend","DAN",0,0,0,0,0,0,0,0,0,0,0,0,1,0,0,0,0,0,0,0,0,2,0,0,0,0,0,20,3,3,0,0,0,2,0,1,0,6,16,68,5,0,0,0,0,5,54,0,23,9,4,10,4,9,2,60,84,2139,559,68,65
43,"Karthaus","DAN",0,0,0,0,0,0,0,0,0,0,0,0,0,0,0,0,0,0,0,0,0,0,0,0,0,0,0,5,3,5,2,2,1,1,1,1,1,6,2,35,3,0,0,0,0,8,99,0,20,0,1,23,6,34,0,1,12,2165,551,84,91
44,"Neustadt","DAN",0,0,1,1,1,0,0,0,0,0,0,0,2,0,0,1,0,2,0,1,0,5,0,0,0,0,0,26,19,16,6,1,0,2,0,1,0,2,0,119,24,38,0,0,0,10,64,0,107,12,1,36,10,18,0,17,42,3206,1594,72,196
45,"Stuhm","MAR",0,0,1,1,1,0,0,0,0,0,0,0,1,0,0,0,0,0,0,0,0,1,0,0,0,0,0,20,18,8,7,0,0,0,0,3,0,8,10,101,3,0,22,5,2,6,83,0,61,26,1,14,5,14,0,73,12,2552,1667,78,290
46,"Marienwerder","MAR",0,0,2,7,13,0,0,1,1,2,4,0,4,1,1,0,0,0,0,5,5,5,1,0,0,0,3,31,40,20,12,2,2,5,7,10,3,10,14,136,17,0,166,8,7,22,123,1,102,26,23,147,40,81,0,15,134,5238,4589,217,919
47,"Rosenberg","MAR",0,0,1,1,1,0,0,0,0,1,0,0,1,0,0,0,0,0,0,0,0,0,0,0,0,0,1,37,12,18,4,0,0,0,0,9,0,3,1,38,11,0,0,3,1,11,88,0,52,21,1,18,8,19,0,31,41,3316,1419,134,316
48,"Löbau","MAR",0,0,1,1,1,0,0,0,0,1,0,0,0,0,0,0,0,0,0,8,1,2,2,0,0,0,0,21,15,20,12,5,1,1,0,10,4,39,14,85,4,0,0,0,0,8,47,1,94,5,1,3,8,39,0,13,11,1052,1123,19,94
49,"Strassburg","MAR",0,0,1,3,5,0,0,0,0,0,0,0,0,0,0,0,0,0,0,1,0,0,0,0,0,0,0,38,14,35,2,1,0,5,2,7,0,23,32,94,22,0,0,0,0,12,63,0,131,3,1,49,8,36,0,22,11,3174,2673,98,186
50,"Thorn","MAR",0,0,3,3,10,0,0,2,2,1,4,0,2,2,5,0,0,7,13,12,15,2,0,0,0,0,11,28,59,30,21,6,8,9,10,12,6,17,5,59,3,0,458,14,17,7,114,6,99,5,2,86,12,34,2,52,182,3511,1956,186,912
51,"Culm","MAR",0,0,3,4,8,0,0,0,0,3,1,0,2,0,0,1,0,1,2,6,2,2,0,4,2,0,1,25,23,8,1,2,0,7,3,19,7,2,4,102,2,0,40,0,0,10,44,2,98,8,1,30,12,32,0,15,29,3100,2843,284,471
52,"Graudenz","MAR",0,0,2,3,7,0,0,1,1,2,3,0,2,0,0,0,0,2,1,15,8,2,0,3,0,0,2,42,54,15,17,2,8,5,0,12,10,4,15,31,7,0,91,6,3,10,75,5,92,16,1,73,16,22,1,101,210,2584,1846,182,698
53,"Schwetz","MAR",0,0,0,0,0,0,0,0,0,0,0,0,1,0,0,0,0,0,0,1,0,4,0,0,0,0,1,32,16,20,7,0,0,5,0,3,0,3,13,82,12,0,152,7,10,12,103,3,81,38,1,55,14,20,0,7,21,4136,3151,115,343
54,"Konitz","MAR",0,0,1,1,1,0,0,0,0,1,0,0,2,0,0,2,0,0,0,1,0,0,0,0,0,0,1,45,19,20,0,0,0,1,0,4,0,3,31,54,14,0,0,4,6,8,73,4,103,14,4,15,12,18,0,14,17,4287,4138,108,367
55,"Schlochau","MAR",0,0,0,0,0,0,0,0,0,0,0,0,0,0,0,0,0,0,0,2,0,2,0,0,0,0,0,24,1,28,0,1,0,3,0,0,0,73,23,95,13,0,0,5,2,12,70,0,102,22,1,38,9,22,0,13,46,3216,2284,69,144
56,"Flatow","MAR",0,0,0,0,0,1,2,0,0,0,0,0,0,0,0,0,0,0,0,0,0,0,0,0,0,0,0,21,4,5,0,1,0,0,0,10,0,27,87,93,22,0,0,3,1,12,71,0,89,26,1,24,10,23,0,83,59,2809,2040,60,264
57,"Deutsch-Crone","MAR",0,0,1,1,3,0,0,0,0,1,0,0,1,1,2,7,3,0,0,11,2,0,0,1,0,0,2,63,5,25,1,7,0,4,0,35,1,27,17,40,24,0,0,5,6,19,117,0,86,50,2,56,13,17,0,143,72,4956,4626,120,196
58,"Wreschen","POS",0,0,0,0,0,0,0,1,2,0,0,0,1,0,0,0,0,0,0,14,0,3,0,0,0,0,0,15,11,8,3,3,0,2,0,0,0,8,115,27,7,0,0,5,10,8,20,3,115,0,1,43,8,19,0,14,25,2667,2657,193,246
59,"Pleschen","POS",0,0,0,0,0,0,0,0,0,1,1,0,2,0,0,4,2,6,0,4,0,4,0,0,0,0,0,39,6,14,0,5,0,4,1,23,0,23,116,61,16,0,6,1,2,12,136,4,93,3,0,39,12,22,0,20,114,3282,2411,223,261
60,"Schroda","POS",0,0,0,0,0,0,0,0,0,0,0,0,0,0,0,4,6,1,1,9,2,4,1,6,6,0,0,27,8,17,7,3,1,1,0,35,23,8,15,75,9,0,0,6,3,12,121,5,68,2,2,38,8,28,1,7,11,2659,2476,329,395
61,"Schrimm","POS",0,0,0,0,0,0,0,0,0,1,1,0,1,0,0,2,3,3,1,3,0,0,0,0,0,0,0,23,8,23,7,2,0,1,0,40,1,13,198,105,11,0,102,3,3,15,84,6,131,5,1,12,7,22,0,22,33,2761,1916,156,224
62,"Kosten","POS",0,0,1,1,1,0,0,0,0,2,2,0,0,0,0,0,0,3,0,12,1,2,0,2,1,0,0,31,23,11,6,6,0,4,5,4,5,13,78,157,11,0,0,0,0,12,104,15,102,0,2,21,10,29,0,41,70,3885,3997,270,337
63,"Buk","POS",0,0,0,0,0,0,0,0,0,1,0,0,1,1,0,1,1,7,3,17,0,1,0,6,0,0,3,46,10,51,3,12,0,11,1,75,20,102,66,92,49,0,0,11,9,14,82,7,98,26,1,13,13,24,0,26,20,2624,2045,142,172
64,"Posen","POS",0,0,6,27,138,0,0,4,14,10,14,4,0,9,6,28,9,13,20,66,7,33,15,5,0,16,43,91,69,89,44,16,21,14,7,132,95,79,97,316,13,0,335,62,59,22,102,47,259,46,57,331,88,112,6,55,1173,3310,1662,690,3006
65,"Obornik","POS",0,0,0,0,0,0,0,1,2,1,1,0,0,4,0,3,0,3,3,5,0,2,0,7,0,0,0,35,5,54,0,3,0,0,0,7,0,8,33,67,5,0,8,5,2,10,59,3,101,3,1,34,7,22,0,15,18,1573,1603,138,185
66,"Samter","POS",0,0,1,1,2,0,0,0,0,0,0,0,1,0,0,2,0,5,4,26,6,10,0,7,1,0,1,31,7,26,4,2,0,5,0,4,2,30,119,77,14,0,58,25,9,14,112,9,97,25,1,26,13,26,0,46,17,3159,2763,218,247
67,"Birnbaum","POS",0,0,2,3,5,0,0,0,0,1,1,0,1,4,3,15,11,0,0,3,2,2,0,2,0,1,4,21,19,19,19,3,6,0,0,8,5,111,131,59,72,0,99,6,6,20,65,2,100,22,2,45,11,26,0,15,21,2294,1967,93,361
68,"Meseritz","POS",0,0,1,1,2,0,0,0,0,0,0,0,2,0,0,0,0,5,3,8,0,23,0,7,0,2,5,28,3,44,2,0,0,6,4,23,3,41,69,88,37,0,12,0,0,11,68,2,77,64,1,42,12,31,0,20,71,2467,2733,104,327
69,"Schildberg","POS",0,0,0,0,0,0,0,0,0,3,0,0,0,0,0,0,0,6,2,20,6,0,0,9,6,0,0,33,0,13,0,4,2,6,6,24,3,40,208,132,52,0,0,19,6,26,46,3,169,4,1,56,12,33,0,80,8,4492,2895,73,326
70,"Bomst","POS",0,0,1,2,3,0,0,0,0,1,1,0,1,0,0,11,28,19,2,12,0,11,0,4,1,1,0,72,5,68,4,6,0,6,1,6,1,79,56,73,57,0,0,11,9,21,66,5,125,56,0,18,9,29,0,166,29,3179,2203,68,146
71,"Fraustadt","POS",0,0,2,4,13,0,0,2,3,3,6,0,2,0,0,8,11,4,5,27,10,6,1,9,8,0,1,21,27,16,9,4,2,5,7,20,12,31,305,189,64,0,0,27,19,37,73,9,171,67,1,49,14,29,0,32,135,1705,1834,258,592
72,"Kröben","POS",0,0,1,2,5,0,0,1,1,1,1,0,2,1,1,3,1,1,2,2,2,0,0,0,0,0,0,40,17,17,4,4,2,3,2,16,4,106,194,237,186,0,0,29,30,14,115,7,173,16,1,57,10,34,11,85,40,4063,3648,393,521
73,"Krotoschin","POS",0,0,1,2,6,0,0,0,0,3,0,0,2,2,0,5,2,7,3,22,1,4,2,8,2,0,8,31,19,52,5,12,2,6,3,16,13,58,153,260,40,0,0,12,23,19,64,4,181,17,1,32,14,33,2,32,58,2785,2186,179,403
74,"Adelnau","POS",0,0,1,1,2,0,0,0,0,2,0,0,0,1,0,1,0,2,2,4,0,2,1,0,0,0,0,19,5,19,10,4,1,2,3,6,5,15,112,114,13,0,0,8,10,7,44,2,145,0,1,37,12,22,0,18,18,5068,4928,171,536
75,"Tscharnikow","BRO",0,0,0,0,0,0,0,1,1,0,0,0,1,0,0,2,4,0,0,12,4,4,5,2,0,0,2,38,13,37,7,2,0,5,0,14,0,14,78,137,26,0,79,8,0,12,80,2,62,25,1,17,11,31,0,13,18,3892,3893,93,185
76,"Chodezien","BRO",0,0,2,2,4,0,0,0,0,1,1,1,1,0,0,0,0,5,0,5,0,4,0,10,3,0,1,42,2,32,0,8,2,2,2,11,0,11,110,117,15,0,9,1,1,15,95,4,79,12,1,23,8,29,0,46,22,3200,1779,55,294
77,"Wirsitz","BRO",0,0,1,1,2,0,0,0,0,3,1,0,2,0,0,0,0,7,7,21,5,7,2,11,0,0,7,40,9,34,6,2,1,6,2,47,1,5,12,89,5,0,16,1,3,15,71,9,109,22,1,19,8,26,0,16,12,1617,964,146,219
78,"Bromberg","BRO",0,0,2,4,6,1,0,3,4,3,3,0,3,2,0,6,4,4,3,18,10,22,2,1,1,0,8,34,46,38,15,6,6,6,12,17,8,18,61,203,63,0,320,22,23,12,92,19,158,34,32,297,57,89,2,44,279,4126,2241,257,1147
79,"Schubin","BRO",0,0,0,0,0,0,0,0,0,0,0,0,0,0,0,0,0,0,0,1,0,1,1,4,0,0,0,23,3,14,1,2,0,2,3,4,0,11,39,211,17,0,0,3,4,22,71,3,122,10,2,29,13,29,0,20,28,2082,1343,99,297
80,"Inowrazlaw","BRO",0,0,1,1,3,0,0,1,1,1,0,0,1,0,0,0,0,0,0,7,3,3,0,3,2,0,1,39,22,23,19,7,3,6,6,27,11,14,18,139,3,0,0,6,6,15,108,8,158,10,1,49,13,41,0,16,10,3341,2121,326,608
81,"Mogilno","BRO",0,0,0,0,0,0,0,0,0,1,2,0,1,0,0,0,0,4,5,4,0,0,0,7,0,0,0,29,10,13,3,0,0,2,2,4,0,5,37,61,3,0,0,1,3,13,51,2,110,4,1,13,8,28,0,15,36,1833,1588,123,99
82,"Gnesen","BRO",0,0,1,1,2,0,0,0,0,2,0,0,2,0,0,0,0,3,0,2,0,1,1,0,0,0,0,82,0,50,0,8,0,8,0,91,0,4,78,58,10,0,0,5,3,18,65,50,150,0,2,29,15,43,1,13,28,2515,1109,244,345
83,"Wongrowiz","BRO",0,0,0,0,0,0,0,0,0,0,0,0,1,0,0,0,0,1,0,1,0,2,0,0,0,0,0,24,5,11,1,1,0,1,0,55,0,13,15,46,2,0,0,0,0,14,73,3,156,4,1,20,13,29,0,24,17,1064,941,236,258
84,"Haupt- und Residenzstadt Berlin","POT",8,110,53,198,934,17,64,41,265,121,141,17,43,107,213,230,357,88,100,34,36,136,106,38,64,67,93,562,991,426,674,83,114,88,30,690,338,239,80,1615,103,0,1436,355,1387,46,71,171,1402,267,534,2698,396,553,50,347,6248,9053,7779,4474,17772
85,"Prenzlau","POT",0,0,2,3,5,0,0,0,0,3,2,0,2,3,3,0,0,3,3,10,1,3,0,3,0,0,0,54,57,28,15,4,9,2,0,10,11,24,7,120,89,0,0,75,34,12,103,6,30,37,0,64,11,27,4,41,420,1781,1703,198,417
86,"Templin","POT",0,0,2,2,6,0,0,0,0,2,0,0,0,0,0,0,0,0,0,4,2,5,0,0,0,0,2,52,22,18,5,1,1,0,0,4,0,7,16,86,23,0,881,14,2,8,85,0,23,36,8,87,10,16,0,29,59,2663,2586,61,205
87,"Angermünde","POT",0,0,3,3,5,0,0,1,2,1,1,0,5,0,0,0,0,2,0,5,0,5,2,0,0,0,11,61,51,45,18,1,1,9,8,42,9,20,39,179,101,0,116,103,95,14,115,2,70,81,0,85,16,48,1,46,220,4261,3158,135,246
88,"Ober-Barnim","POT",0,0,3,3,8,0,0,0,0,6,2,0,7,0,0,0,0,0,0,4,0,11,2,0,0,0,0,89,84,56,13,10,4,4,0,27,0,40,33,93,37,0,90,63,29,23,116,6,101,40,1,81,21,50,7,64,244,3405,2817,158,518
89,"Nieder-Barnim","POT",0,0,0,0,0,0,0,0,0,0,0,0,1,0,0,0,0,1,0,1,0,3,0,0,0,0,0,46,37,44,3,0,0,2,0,8,0,18,48,372,110,0,946,32,11,7,183,3,90,61,2,121,9,18,0,19,124,5383,2929,127,212
90,"Beeskow-Storkow","POT",0,0,1,1,2,0,0,0,0,1,0,0,2,0,0,0,0,0,0,1,0,3,0,0,0,0,1,30,30,15,7,0,0,2,0,7,2,13,20,48,83,0,722,3,3,7,29,3,96,104,7,54,10,23,0,13,54,1981,1973,55,170
91,"Teltow","POT",1,37,2,0,0,0,0,0,0,0,0,0,3,0,0,0,0,2,0,1,0,12,1,0,0,0,0,101,43,42,7,5,0,0,0,56,0,24,7,400,142,0,140,91,31,24,140,7,140,19,9,153,10,27,1,48,403,3614,1976,284,607
92,"Jüterbock-Luckenwalde","POT",0,0,2,3,7,0,0,1,1,1,1,0,8,2,2,0,0,0,0,0,0,2,0,0,0,0,7,91,50,13,5,1,1,1,0,0,0,8,7,81,59,0,0,12,7,12,79,4,125,34,2,29,13,19,0,17,54,2158,1934,48,165
93,"Zauch-Belzig","POT",0,0,1,1,2,0,0,0,0,0,0,0,4,0,0,0,0,0,0,10,0,22,0,0,0,0,4,107,35,26,8,0,0,1,0,12,1,19,26,94,149,0,229,26,5,16,164,0,67,91,2,44,8,12,0,49,71,4009,2874,90,174
94,"Potsdam","POT",0,0,5,10,33,0,0,6,31,5,12,2,4,9,10,0,0,9,4,5,0,10,5,1,0,0,4,76,163,29,32,13,19,13,4,64,26,19,21,94,29,0,16,46,129,7,20,22,122,25,63,219,26,46,3,31,550,907,907,256,494
95,"Ost-Havelland","POT",0,0,2,3,2,0,0,1,1,1,0,0,8,0,0,1,0,1,1,6,0,10,2,0,0,0,0,95,70,49,27,2,0,3,1,0,0,46,30,169,53,0,194,38,14,16,115,9,57,26,6,134,15,25,2,105,239,3164,2997,138,393
96,"West-Havelland","POT",0,0,3,6,15,0,0,2,2,3,3,0,6,3,1,22,16,0,0,9,6,24,6,2,2,0,0,131,125,49,19,7,3,18,10,17,2,28,17,107,83,0,559,31,25,17,136,27,113,40,2,102,26,42,4,58,222,3317,3529,206,631
97,"Ruppin","POT",0,0,1,2,4,0,0,2,23,2,4,0,4,1,1,0,0,0,0,1,0,10,1,3,0,0,0,75,72,58,19,2,1,7,0,14,0,123,11,283,371,0,167,25,15,14,165,15,75,182,1,90,16,23,2,36,269,3940,1238,109,387
98,"Ost-Priegnitz","POT",0,0,3,3,7,0,0,2,5,2,1,0,5,0,0,5,1,0,0,4,0,20,0,0,0,0,0,113,66,21,9,2,1,2,0,8,2,76,15,53,68,0,0,6,2,8,177,3,47,72,2,118,15,37,17,97,221,2301,708,192,529
99,"West-Priegnitz","POT",0,0,2,2,5,0,0,1,1,1,1,0,4,0,0,6,7,2,5,13,1,64,14,4,1,0,2,66,85,25,19,1,3,4,0,10,10,31,9,202,12,0,323,5,7,20,194,6,78,88,8,152,19,32,0,57,200,5489,4426,119,454
100,"Königsberg","FRA",0,0,3,4,7,0,0,0,0,2,3,0,2,2,0,4,1,1,0,20,0,17,4,0,0,0,4,128,81,55,18,3,6,10,5,18,1,61,27,143,74,0,380,41,35,26,166,11,87,73,2,86,24,51,1,85,236,5656,5093,174,417
101,"Soldin","FRA",0,0,2,2,5,0,0,0,0,2,0,0,2,0,0,0,0,3,4,2,2,7,0,0,0,0,3,45,26,26,11,0,0,10,4,3,0,33,9,82,31,0,0,3,6,14,90,3,41,19,2,34,13,29,0,27,183,2932,2210,228,389
102,"Arnswalde","FRA",0,0,1,1,2,0,0,0,0,0,0,0,1,0,0,0,0,0,0,3,2,2,1,0,0,0,3,33,15,19,4,4,0,0,0,12,0,36,9,62,36,0,5,6,13,14,82,1,27,17,0,30,6,16,2,32,76,2222,2309,121,134
103,"Friedeberg","FRA",0,0,2,2,2,0,0,0,0,3,1,0,1,0,0,0,0,0,0,1,0,19,0,0,0,0,4,66,30,29,7,0,0,1,0,26,4,37,24,121,18,0,95,11,29,20,76,5,106,32,1,43,11,27,15,102,105,3095,2759,113,251
104,"Landsberg","FRA",0,0,2,3,13,0,0,2,2,2,5,0,0,0,0,8,20,0,0,14,6,9,2,0,0,0,4,93,22,31,16,4,3,16,5,22,0,66,17,314,38,0,481,19,40,5,174,8,73,62,2,78,22,54,3,71,132,3947,3421,109,106
105,"Lebus","FRA",0,0,2,2,3,0,0,0,0,3,1,0,2,0,0,6,1,1,0,39,1,13,0,0,0,0,23,110,45,54,10,1,0,4,4,23,0,37,24,125,34,0,251,20,17,16,157,2,104,75,1,61,10,28,15,141,435,4862,4501,171,327
106,"Frankfurt","FRA",0,0,2,7,16,1,8,4,14,6,10,1,5,4,0,5,18,14,32,2,3,13,14,0,0,0,7,54,78,28,12,14,20,20,12,8,10,20,8,83,27,0,108,25,38,10,40,22,98,80,88,214,56,148,18,85,1660,2280,2145,370,2150
107,"Sternberg","FRA",0,0,1,2,2,0,0,0,0,0,0,0,4,1,1,0,0,0,0,1,0,13,0,2,1,0,3,85,44,32,5,5,0,7,0,9,0,91,80,214,78,0,128,8,15,22,197,0,106,69,1,96,18,54,1,41,133,4619,4601,147,263
108,"Züllichau","FRA",0,0,2,2,3,0,0,0,0,3,1,0,1,1,1,0,0,0,0,5,1,11,0,0,0,0,5,52,42,15,11,0,0,4,4,1,0,36,22,100,29,0,156,5,19,15,74,1,128,29,1,18,12,21,3,40,119,1926,1367,67,121
109,"Guben","FRA",0,0,1,2,5,0,0,1,8,2,2,0,1,0,0,0,0,3,1,3,0,7,0,0,0,0,2,42,30,17,11,3,0,2,1,0,0,3,13,50,111,0,312,22,16,11,54,5,167,52,1,34,8,19,8,124,87,2036,1469,69,110
110,"Crossen","FRA",0,0,3,3,9,1,0,0,0,2,1,0,3,1,0,3,0,2,6,0,0,4,0,5,1,0,1,56,39,11,6,2,3,1,1,8,1,6,37,236,57,0,504,24,23,18,109,7,142,59,2,67,18,18,4,61,140,2357,2922,72,455
111,"Lübben","FRA",0,0,1,1,4,0,0,0,0,1,1,0,1,0,0,0,0,0,0,1,0,1,0,0,0,0,2,35,15,13,2,1,1,0,0,0,0,8,26,65,36,0,11,2,13,12,39,4,103,46,4,57,17,27,5,69,96,1270,1572,40,63
112,"Luckau","FRA",0,0,2,2,5,0,0,2,2,1,1,0,2,0,0,2,1,0,0,0,0,2,0,0,0,0,0,64,30,7,5,3,3,0,0,2,1,12,20,116,34,0,0,19,19,14,31,4,212,46,5,46,15,21,1,32,64,2138,2301,95,178
113,"Kalau","FRA",0,0,3,3,4,0,0,0,0,0,0,0,2,0,0,1,1,1,0,1,0,0,0,3,0,0,0,61,39,8,6,0,0,0,0,3,0,8,15,110,37,0,2,14,12,12,35,3,208,13,2,24,13,28,0,19,40,1622,1636,119,132
114,"Cottbus","FRA",0,0,2,2,5,0,0,2,8,2,2,0,0,0,0,14,21,2,4,0,0,1,0,0,0,0,2,45,47,20,19,2,0,4,3,19,7,24,23,131,36,0,4,23,26,8,24,0,184,25,3,51,15,33,1,38,152,1487,1407,73,447
115,"Sorau","FRA",0,0,2,3,8,0,0,1,2,2,4,0,3,0,0,9,9,1,0,0,0,1,0,0,0,0,1,57,62,43,4,8,0,4,3,1,0,34,37,149,43,0,0,20,28,16,17,1,284,29,2,48,19,47,1,80,230,3391,3065,126,449
116,"Spremberg","FRA",0,0,2,3,3,0,0,0,0,0,0,0,0,0,0,0,0,0,0,0,0,0,0,0,0,0,0,19,8,3,1,0,0,0,0,0,0,7,5,59,8,0,0,6,13,4,12,1,63,13,1,10,9,20,0,125,18,381,366,18,85
117,"Demmin","STE",0,0,2,3,4,0,0,1,0,5,0,0,4,0,0,2,2,3,3,11,7,8,0,1,0,0,0,38,33,27,16,2,1,2,0,7,0,7,11,84,45,79,95,24,26,7,82,0,30,37,1,90,11,20,1,56,71,3286,2990,220,641
118,"Anclam","STE",0,0,2,2,5,0,0,0,0,1,3,0,0,0,0,12,20,3,2,12,12,2,2,2,5,0,0,23,42,22,44,1,1,2,6,3,4,2,45,85,58,67,42,21,52,2,62,2,24,37,2,65,9,13,3,25,155,1541,1372,106,189
119,"Usedom-Wollin","STE",0,0,1,1,2,0,0,0,0,2,1,0,3,0,0,11,38,0,0,5,0,1,0,0,0,0,0,41,35,19,24,1,0,1,1,0,0,0,13,85,32,252,255,25,31,17,52,1,32,8,1,138,7,19,1,21,54,1584,1441,53,169
120,"Uckermünde","STE",0,0,2,2,5,0,0,0,0,2,1,0,3,0,0,10,8,0,0,69,2,83,6,0,0,0,1,39,32,33,15,6,4,0,0,2,2,23,30,216,238,515,413,26,7,12,77,1,39,36,0,83,9,19,0,41,145,3024,2712,44,441
121,"Randow","STE",1,5,8,15,87,1,6,7,43,8,13,3,7,3,8,185,375,31,69,32,83,29,45,1,6,42,23,129,186,62,67,15,40,8,10,102,94,20,153,790,116,1792,586,104,146,38,135,26,240,76,39,313,91,111,8,218,884,6670,2575,448,3090
122,"Greiffenhagen","STE",0,0,1,1,1,0,0,0,0,0,0,0,2,0,0,1,0,0,0,5,4,3,0,0,0,0,0,43,25,21,12,6,1,0,0,4,0,28,4,179,31,0,40,7,3,12,80,0,32,55,0,48,9,16,0,24,118,3335,2670,72,147
123,"Pyritz","STE",0,0,1,1,1,0,0,0,0,0,0,0,2,0,0,1,1,0,0,7,0,0,0,0,0,0,0,44,10,12,12,2,2,0,0,3,4,4,10,81,35,0,0,3,3,6,80,0,18,18,0,10,5,8,0,8,15,2698,3104,165,293
124,"Saazig","STE",0,0,2,5,10,0,0,1,1,2,3,0,0,3,2,5,5,0,0,2,0,1,1,0,0,0,4,56,57,42,19,3,6,1,0,5,2,76,40,88,74,0,0,15,15,13,116,8,98,37,8,69,20,35,2,56,386,2988,3126,131,701
125,"Naugardt","STE",0,0,1,1,2,0,0,0,0,1,1,0,1,0,0,2,8,0,0,2,1,32,0,0,0,0,1,45,19,25,8,7,0,6,2,10,0,12,3,88,20,0,90,1,0,11,99,1,41,33,2,91,11,20,1,38,147,1971,1500,67,221
126,"Cammin","STE",0,0,1,1,3,0,0,0,0,1,0,0,1,2,0,0,0,0,0,5,1,0,0,0,0,0,0,24,12,18,6,5,1,0,0,19,0,37,4,116,7,106,74,1,4,8,50,1,16,12,1,28,9,19,0,38,126,1374,1243,100,160
127,"Greiffenberg","STE",0,0,1,1,3,0,0,0,0,1,0,0,4,0,0,0,0,0,0,0,0,4,2,0,0,0,1,24,25,17,10,6,6,0,0,0,0,22,19,54,13,10,0,1,1,4,30,1,29,7,1,28,11,15,1,33,195,1694,1571,81,361
128,"Regenwalde","STE",0,0,1,1,1,0,0,0,0,0,0,0,1,0,0,0,0,0,0,3,0,7,0,0,0,0,0,37,27,16,3,2,2,2,3,12,0,9,5,25,18,0,0,1,4,8,80,1,22,25,2,15,6,18,0,15,27,1497,1476,184,225
129,"Schiefelbein","KOS",0,0,0,0,0,0,0,0,0,0,0,0,1,0,0,0,0,0,0,0,0,0,0,0,0,0,0,8,5,4,4,2,1,0,0,0,0,3,6,28,15,0,0,2,0,2,26,1,14,21,0,8,1,2,0,6,7,249,274,60,37
130,"Dramburg","KOS",0,0,2,2,2,0,0,0,0,0,0,0,1,0,0,1,2,0,0,0,0,0,0,0,0,0,0,24,24,10,17,0,0,1,0,3,3,4,19,32,18,0,0,2,0,10,55,0,26,17,1,16,9,20,0,22,5,1019,1078,69,143
131,"Neustettin","KOS",0,0,1,1,1,0,0,1,1,1,1,0,3,1,0,0,0,0,0,1,1,3,0,0,0,0,0,36,5,19,8,2,0,0,0,36,0,35,2,93,25,0,0,6,5,16,97,0,42,31,2,36,19,33,0,55,71,2659,2349,117,216
132,"Belgard","KOS",0,0,1,1,2,0,0,0,0,2,0,0,1,0,0,1,1,5,0,2,0,9,0,0,0,0,0,20,16,15,4,2,0,4,4,2,0,0,7,57,17,0,0,5,7,14,56,1,28,26,1,20,2,23,0,7,89,709,217,126,159
133,"Fürstenthum","KOS",0,0,4,14,18,0,0,4,8,5,7,0,5,0,0,1,1,1,0,11,1,9,0,0,0,1,2,69,70,47,32,14,14,11,3,10,1,3,30,114,35,298,0,43,27,13,131,3,75,46,19,121,41,83,6,99,217,3787,2636,346,919
134,"Schlawe","KOS",0,0,1,1,5,0,0,0,0,0,0,0,1,0,1,0,0,0,0,7,0,7,0,0,0,0,4,42,33,28,4,2,0,1,1,0,0,7,19,95,25,205,0,12,3,10,68,0,78,24,21,14,14,34,2,43,168,3742,3606,172,378
135,"Rummelsburg","KOS",0,0,0,0,0,0,0,0,0,0,0,0,0,0,0,0,0,0,0,0,0,4,1,0,0,0,0,9,8,8,3,0,0,0,0,0,0,0,12,18,2,0,0,0,0,2,21,0,34,2,1,16,3,5,0,5,24,1699,1362,92,126
136,"Stolpe","KOS",0,0,1,1,4,0,0,2,2,1,2,0,1,4,3,4,1,0,0,4,2,4,0,0,0,0,2,21,45,18,9,1,3,1,1,3,0,41,44,72,28,176,0,4,4,6,59,3,151,47,6,91,18,29,37,233,185,5324,5151,146,915
137,"Lauenburg","KOS",0,0,2,2,5,0,0,0,0,0,0,0,2,0,0,1,0,0,0,1,0,0,0,0,0,0,0,17,19,12,4,0,0,1,1,2,1,0,10,35,9,0,0,6,1,3,26,0,53,18,1,12,8,10,0,11,60,2418,2322,134,197
138,"Bütow","KOS",0,0,0,0,0,0,0,0,0,0,0,0,2,0,0,0,0,0,0,0,0,1,1,0,0,0,0,9,15,10,5,1,1,0,0,0,0,14,0,21,7,0,0,4,4,4,14,0,42,6,3,25,8,18,0,8,70,661,503,34,130
139,"Rügen","STR",0,0,1,1,1,0,0,0,0,0,0,0,3,0,0,0,0,0,0,1,0,4,0,0,0,0,0,37,34,3,8,0,0,2,0,0,0,1,81,17,23,239,85,44,18,14,73,0,17,15,7,12,14,10,0,3,93,1892,684,225,556
140,"Franzburg","STR",0,0,2,2,17,0,0,3,6,4,3,1,5,1,1,15,18,10,11,17,14,22,5,1,0,4,5,80,78,45,59,10,21,3,6,21,13,5,20,98,36,1702,0,57,60,23,68,11,108,32,13,44,27,23,12,49,101,3502,2198,252,1285
141,"Greifswald","STR",0,0,3,5,15,0,0,2,2,4,6,1,7,1,0,8,8,5,7,9,4,8,3,0,0,1,0,68,66,43,52,3,3,2,0,12,8,5,4,89,55,874,152,39,100,14,47,3,62,20,4,61,22,34,11,63,430,2423,2184,242,1177
142,"Grimmen","STR",0,0,1,1,1,0,0,0,0,0,0,0,2,0,0,0,0,0,0,1,0,1,0,0,0,0,0,36,37,4,5,0,0,0,0,0,0,3,0,65,54,12,10,9,5,6,41,0,40,5,0,30,4,9,1,19,143,3700,4057,132,400
143,"Namslau","BRE",0,0,1,1,1,0,0,0,0,0,0,0,1,0,0,0,0,0,0,7,0,3,0,0,0,0,0,25,24,5,2,1,0,2,0,2,0,3,49,43,11,0,0,3,1,3,79,1,64,0,0,8,6,27,0,10,35,1920,1927,70,72
144,"Wartenberg","BRE",0,0,1,1,2,0,0,1,1,0,0,0,1,0,0,3,1,1,0,13,0,29,0,0,0,0,0,38,12,11,2,0,0,0,0,2,0,13,61,89,33,0,0,7,3,7,66,1,107,18,0,12,11,20,2,35,29,3383,2877,128,191
145,"Oels","BRE",0,0,1,3,5,0,0,1,3,2,2,0,4,0,0,5,10,1,0,17,3,62,2,5,4,0,2,27,19,12,9,3,0,1,1,0,1,8,148,159,46,0,0,13,11,10,103,2,165,11,2,48,11,49,3,16,80,2629,2594,215,556
146,"Trebnitz","BRE",0,0,1,1,3,0,0,0,0,0,0,0,0,0,0,0,0,0,0,12,0,46,0,0,0,0,9,100,4,13,3,3,0,1,0,7,0,75,58,62,46,0,0,5,3,7,71,3,152,63,2,19,15,23,0,16,58,2768,3150,223,379
147,"Militsch","BRE",0,0,1,2,4,0,0,0,0,1,0,0,6,0,0,0,0,1,1,3,2,22,1,0,0,0,10,43,2,15,8,6,3,3,0,3,1,74,64,77,24,0,0,4,4,10,145,1,55,0,1,17,11,20,0,10,93,2945,2888,183,351
148,"Gurau","BRE",0,0,1,1,4,0,0,1,1,1,1,0,2,0,0,0,0,0,0,21,0,9,0,0,0,0,2,22,13,10,1,2,2,1,0,12,0,12,24,176,42,0,104,9,1,10,139,0,18,34,1,13,10,26,1,20,110,1607,1920,117,239
149,"Steinau","BRE",0,0,1,1,1,0,0,0,0,0,0,0,0,0,0,1,1,5,0,11,3,12,6,0,0,0,1,46,8,11,0,2,0,1,0,1,0,5,39,98,34,0,210,11,5,9,49,0,62,10,0,10,4,13,1,18,216,1210,1041,97,243
150,"Wolau","BRE",0,0,1,1,2,0,0,0,0,0,0,0,1,0,0,0,0,4,0,5,0,19,0,1,0,0,2,72,9,13,4,3,0,1,0,49,0,21,41,62,48,0,209,7,3,15,109,0,121,12,2,18,9,16,1,16,54,2756,2533,168,367
151,"Neumarkt","BRE",0,0,2,2,4,0,0,0,0,0,0,0,2,0,0,3,5,1,2,26,1,16,1,0,0,0,0,56,26,12,3,3,2,1,0,3,0,23,104,111,55,0,220,6,5,4,120,0,73,30,1,34,13,37,0,31,59,3170,2885,181,364
152,"Breslau","BRE",1,27,11,28,239,3,6,22,30,24,48,7,6,39,106,245,392,29,60,58,25,88,47,24,13,84,144,242,517,172,200,15,21,42,54,186,156,128,192,622,103,0,466,159,406,33,180,33,412,147,74,542,185,253,19,325,1587,7914,6203,1302,7019
153,"Olau","BRE",0,0,1,2,5,1,0,0,0,0,0,0,0,0,0,1,4,0,0,39,0,45,5,0,0,0,3,46,11,17,0,1,0,0,0,2,0,11,75,189,44,0,355,5,8,8,113,1,63,0,29,12,35,0,0,13,214,2769,2702,114,235
154,"Brieg","BRE",0,0,2,2,4,0,0,0,0,4,2,0,5,1,1,1,0,4,3,17,0,45,10,0,0,0,2,40,45,20,10,9,2,0,0,24,17,5,65,149,30,0,64,31,18,12,75,4,110,33,6,103,13,36,1,18,125,2112,2013,134,126
155,"Strehlen","BRE",0,0,1,1,2,0,0,0,0,0,0,0,1,0,0,1,1,0,0,10,0,14,0,0,0,1,0,20,2,24,3,3,0,1,0,16,0,8,79,102,39,0,0,18,5,8,94,0,37,4,1,23,12,33,1,16,27,1251,1156,119,285
156,"Nimtsch","BRE",0,0,2,2,2,0,0,0,0,0,0,0,0,0,0,0,0,0,0,11,0,0,0,0,0,0,0,31,15,14,2,2,4,2,2,6,0,10,75,120,11,0,0,12,2,14,84,0,59,7,0,50,6,21,1,35,111,1818,2087,162,390
157,"Münsterberg","BRE",0,0,1,2,2,0,0,0,0,1,0,0,2,0,0,1,0,1,0,7,0,10,0,0,0,0,0,45,11,16,4,4,1,1,0,0,0,5,12,95,37,0,0,24,1,5,38,11,78,5,1,2,9,12,0,10,32,2163,1957,60,253
158,"Frankenstein","BRE",0,0,1,2,3,0,0,2,2,1,1,0,1,1,1,0,0,3,0,24,0,10,0,0,0,0,3,45,2,24,0,4,0,2,0,1,0,19,86,189,19,0,0,18,10,18,108,2,142,10,4,30,13,40,1,14,168,1990,1284,82,395
159,"Reichenbach","BRE",0,0,3,3,11,0,0,0,0,2,0,0,0,0,0,39,69,1,1,2,0,0,0,1,1,0,0,30,36,22,12,0,0,1,0,5,1,12,236,212,362,0,0,15,15,9,82,0,80,20,1,26,11,30,0,52,179,2013,1186,159,284
160,"Schweidnitz","BRE",0,0,4,6,12,0,0,1,1,5,4,1,5,0,0,2,20,3,2,35,1,34,3,2,0,0,1,123,85,22,17,8,6,5,0,13,18,56,86,234,44,0,0,46,33,22,107,13,172,72,1,73,19,59,3,104,248,3497,3185,157,1023
161,"Striegau","BRE",0,0,1,2,1,0,0,1,1,2,1,0,2,0,0,0,0,2,0,0,0,0,0,0,0,0,0,27,8,4,6,1,0,1,0,2,0,18,49,187,34,0,0,17,11,9,65,0,44,7,1,14,11,20,1,7,40,1554,1091,96,288
162,"Waldenburg","BRE",0,0,3,4,8,0,0,0,0,2,1,0,3,1,2,22,19,10,2,10,0,74,0,5,0,0,1,187,60,53,16,6,4,1,0,15,0,34,28,277,18,0,0,115,41,27,81,2,125,4,4,56,13,41,2,25,158,2942,1488,114,587
163,"Glatz","BRE",0,0,3,6,11,0,0,2,3,2,0,0,4,1,1,0,0,2,0,16,0,28,0,0,0,0,0,81,36,51,4,12,4,3,4,27,7,23,144,317,27,0,0,43,29,18,114,11,229,7,2,70,28,56,0,44,86,4395,3653,112,241
164,"Habelschwerdt","BRE",0,0,1,1,3,0,0,1,2,0,0,0,3,0,0,1,0,2,0,14,0,9,0,0,0,0,0,38,14,14,4,3,1,2,0,1,1,17,197,236,109,0,0,18,10,21,75,0,83,10,2,77,10,35,6,46,26,2752,2293,23,50
165,"Creutzburg","OPP",0,0,0,0,0,0,0,0,0,1,0,0,0,2,0,6,1,1,0,9,0,1,0,0,0,0,0,24,21,9,7,1,0,0,0,1,1,4,21,64,8,0,0,2,1,7,38,4,88,5,2,40,11,25,0,31,45,1775,1686,135,247
166,"Rosenberg","OPP",0,0,1,3,6,0,0,1,0,2,2,0,2,0,0,0,0,6,1,22,0,4,0,0,0,0,1,23,4,6,1,3,0,1,0,0,0,10,27,72,32,0,0,0,0,10,61,4,68,0,1,29,10,26,0,5,41,2762,2015,110,153
167,"Oppeln","OPP",0,0,2,5,11,0,0,1,2,4,5,0,3,2,0,0,0,4,1,16,0,24,2,0,0,0,0,60,36,19,11,6,7,0,0,22,0,50,68,130,23,0,273,14,10,19,67,7,115,18,32,155,21,53,2,81,92,7657,6095,102,216
168,"Gross-Strehlitz","OPP",0,0,1,1,3,0,0,2,2,1,1,0,1,0,0,0,0,5,4,5,1,1,0,1,0,0,0,24,8,7,5,2,1,2,1,0,0,11,74,82,11,0,32,2,4,11,33,4,102,12,1,112,13,24,1,12,19,3669,3349,87,133
169,"Lublinitz","OPP",0,0,1,1,2,0,0,0,0,1,0,0,2,0,0,1,1,7,0,18,0,0,0,0,0,0,0,33,46,8,8,2,0,0,0,4,1,9,39,65,0,0,0,1,1,11,86,3,46,14,1,6,8,31,0,8,18,2969,2419,69,99
170,"Tost","OPP",0,0,2,2,5,0,0,2,5,4,5,0,5,1,0,3,6,3,5,20,0,0,0,0,0,2,5,57,37,31,18,5,2,5,1,19,10,33,51,104,5,0,3,7,6,16,48,11,148,13,1,33,17,47,1,17,42,4352,2603,117,148
171,"Beuthen","OPP",0,0,3,3,7,0,0,1,1,3,1,0,0,1,1,3,2,1,0,0,0,0,0,0,0,0,0,109,112,66,61,11,11,2,0,0,0,14,170,162,5,0,53,16,24,14,60,6,201,12,7,61,21,71,1,20,41,11131,4901,180,348
172,"Pless","OPP",0,0,2,3,6,0,0,0,0,1,1,0,1,0,0,0,0,6,0,20,2,0,0,0,0,0,0,38,21,8,4,0,0,0,0,24,0,15,28,50,3,0,0,1,1,14,40,4,137,26,1,65,14,46,0,63,24,3202,641,128,207
173,"Riebnick","OPP",0,0,1,1,2,0,0,0,0,0,0,0,2,0,0,0,0,10,3,30,0,8,0,1,1,0,0,44,25,20,8,7,2,2,1,0,0,5,38,82,62,0,0,1,1,10,54,4,120,14,1,9,11,30,0,18,30,4997,3477,96,148
174,"Ratibor","OPP",0,0,3,3,10,0,0,3,7,2,5,0,2,3,1,5,0,2,4,44,0,5,0,0,0,0,0,38,50,19,28,6,4,6,7,11,4,97,122,69,46,0,10,10,25,10,67,1,151,53,1,75,69,110,1,169,181,7980,5756,145,806
175,"Cosel","OPP",0,0,1,1,3,0,0,1,0,1,0,0,2,0,0,0,0,2,1,37,0,3,0,0,0,0,1,34,24,5,2,0,0,1,1,1,0,25,45,89,55,0,93,6,4,7,36,4,101,23,1,28,13,33,2,59,80,4449,3717,168,115
176,"Leobschütz","OPP",0,0,2,3,6,0,0,4,3,3,0,0,3,0,0,5,0,0,0,59,1,6,0,2,0,0,0,77,17,17,8,6,2,3,1,35,7,17,58,104,61,0,0,10,6,7,59,1,154,40,1,24,14,48,45,140,485,3997,3485,62,149
177,"Neustadt","OPP",0,0,1,1,4,0,0,1,1,2,2,0,3,0,0,0,0,4,1,73,0,19,0,0,0,0,0,34,30,23,10,4,0,1,0,9,8,139,140,160,21,0,0,9,9,6,107,6,106,34,1,29,17,42,0,34,67,4253,3937,70,301
178,"Falkenberg","OPP",0,0,1,1,2,0,0,0,0,0,0,0,0,1,1,0,0,3,0,0,0,0,0,0,0,0,0,19,9,11,0,3,0,0,0,0,0,16,75,134,18,0,38,1,0,9,81,1,33,6,1,9,8,30,0,7,14,1958,1585,128,75
179,"Neisse","OPP",0,0,4,7,24,0,0,2,2,3,6,0,7,4,7,5,9,2,1,7,4,13,0,1,0,0,7,75,81,52,29,5,7,8,7,33,2,60,106,326,60,0,0,52,37,17,83,10,165,37,1,75,24,68,1,37,103,3755,3367,146,1009
180,"Grotkau","OPP",0,0,1,1,3,0,0,0,0,0,0,0,2,0,0,0,0,2,0,2,0,1,0,0,0,0,0,30,10,16,3,0,0,2,0,7,0,11,2,232,12,0,0,7,3,10,104,0,35,7,1,6,10,20,1,6,6,5881,4108,247,392
181,"Grünberg","LIE",0,0,2,3,10,0,0,1,1,2,2,0,2,2,1,9,6,8,8,33,33,10,0,12,7,0,2,63,22,15,3,3,1,1,0,3,0,11,89,104,24,0,60,6,7,19,72,2,75,23,0,24,14,37,2,36,33,3906,1056,130,240
182,"Freistadt","LIE",0,0,2,2,4,0,0,1,10,2,2,0,4,0,0,1,2,4,0,52,0,91,0,0,0,0,0,52,45,45,23,5,1,4,1,42,0,33,53,210,25,0,580,19,6,20,102,3,107,72,2,31,11,42,0,22,62,3449,3155,156,398
183,"Sagan","LIE",0,0,1,2,4,0,0,2,5,3,2,0,2,1,2,3,6,3,0,2,0,1,0,3,2,0,0,41,25,22,5,2,2,6,0,115,0,28,113,78,94,0,0,31,16,15,39,5,171,75,3,52,16,25,1,28,56,2169,1454,81,130
184,"Sprottau","LIE",0,0,1,1,2,0,0,1,2,0,0,0,1,0,0,0,0,0,0,0,0,0,0,1,0,0,0,22,14,18,0,0,0,0,0,12,0,14,32,157,64,0,0,4,2,10,73,1,52,23,0,4,9,16,1,10,21,1442,988,134,245
185,"Glogau","LIE",0,0,2,4,20,1,3,3,19,4,11,1,3,4,8,4,8,6,10,12,3,6,0,0,0,0,6,154,66,46,31,5,6,12,12,20,19,37,53,194,40,0,121,24,44,18,150,15,152,36,2,80,62,75,2,86,363,3769,3463,235,1072
186,"Lüben","LIE",0,0,1,1,3,0,0,0,0,1,0,0,0,0,0,2,0,0,0,9,1,47,0,2,0,0,0,15,10,12,2,1,0,0,0,15,0,46,93,76,18,0,0,8,7,3,34,1,112,8,1,22,8,21,0,9,19,1637,1406,132,231
187,"Bunzlau","LIE",0,0,2,4,8,0,0,1,2,2,1,0,2,0,0,1,1,0,0,42,0,45,0,0,0,0,0,26,35,17,15,3,2,3,1,24,8,40,136,211,130,0,0,32,23,13,103,9,110,19,1,11,17,32,1,21,86,4147,2562,122,300
188,"Hainau-Goldberg","LIE",0,0,3,5,8,0,0,2,2,2,2,0,5,1,0,3,0,4,0,43,0,8,0,2,0,0,4,104,61,26,20,7,6,3,2,7,0,59,126,125,82,0,0,30,16,10,88,10,142,9,1,16,10,30,2,36,37,3480,2241,123,201
189,"Liegnitz","LIE",0,0,3,8,21,0,0,5,8,3,4,1,5,2,5,2,7,8,5,22,5,27,0,0,0,0,11,68,64,61,28,6,8,12,8,46,24,55,114,284,100,0,0,46,42,15,112,6,134,53,25,137,14,51,2,30,160,3829,3035,193,1197
190,"Jauer","LIE",0,0,1,1,4,0,0,1,1,1,1,0,2,1,0,0,0,5,1,25,0,6,2,0,0,0,0,30,25,16,5,2,1,4,1,31,0,28,87,90,41,0,0,21,10,5,92,0,38,2,3,54,14,39,1,58,93,1886,1238,56,321
191,"Schönau","LIE",0,0,0,0,0,0,0,0,0,1,0,0,0,0,0,0,0,0,0,18,0,20,0,0,0,0,0,8,5,2,0,0,0,0,0,2,2,25,51,178,45,0,0,4,0,15,54,0,61,4,0,20,3,7,22,56,29,1967,759,83,99
192,"Bolkenhain","LIE",0,0,0,0,0,0,0,0,0,0,0,0,1,0,0,0,0,0,0,9,0,23,0,0,0,0,0,17,7,2,9,1,0,1,0,2,0,59,85,114,21,0,0,6,0,3,74,0,65,1,0,26,4,13,0,54,38,1596,907,58,140
193,"Landshut","LIE",0,0,1,1,3,0,0,1,1,1,0,0,2,1,1,12,0,7,1,8,0,24,0,0,0,0,1,38,25,15,5,4,0,2,4,2,0,69,36,219,138,0,0,12,12,9,73,2,69,11,0,73,10,27,0,29,88,2002,950,44,363
194,"Hirschberg","LIE",0,0,5,9,23,0,0,3,4,3,3,0,6,1,4,20,10,4,6,15,1,43,0,0,0,0,0,98,65,28,12,9,0,7,3,18,4,20,37,232,31,0,0,27,20,27,73,0,139,35,2,69,15,36,2,71,108,3395,821,163,602
195,"Löwenberg","LIE",0,0,3,4,6,0,0,0,0,1,1,0,4,1,0,12,5,0,0,32,0,15,0,0,0,0,0,37,28,45,7,7,4,4,0,26,0,41,72,425,124,0,0,15,8,18,146,5,122,15,0,17,5,12,0,87,74,3519,1691,88,355
196,"Lauban","LIE",0,0,3,4,8,0,0,1,3,1,1,0,1,0,0,22,23,3,2,13,0,9,0,0,0,0,0,50,20,54,5,10,2,3,0,38,6,22,50,281,58,0,0,24,6,19,67,4,192,27,1,39,15,32,5,31,64,2426,1190,150,257
197,"Görlitz","LIE",0,0,5,8,35,0,0,3,5,5,10,0,3,4,12,11,16,3,3,29,0,8,0,4,0,0,5,69,56,28,8,3,4,6,2,1,0,83,74,114,32,0,0,38,70,22,97,8,112,5,1,118,16,39,23,148,108,3632,2598,143,712
198,"Rothenburg","LIE",0,0,1,1,4,0,0,0,0,0,0,0,2,0,0,0,0,0,0,0,0,0,0,0,0,0,0,21,13,7,2,4,3,0,0,1,0,34,53,72,42,0,0,9,2,9,86,3,95,16,1,22,8,22,0,9,98,3000,2776,163,175
199,"Hoyerswerda","LIE",0,0,1,1,2,0,0,0,0,1,1,0,2,0,0,0,0,1,0,35,0,14,0,0,0,0,0,24,3,9,1,3,1,0,0,24,0,80,48,59,9,0,0,6,5,10,45,0,105,7,1,13,5,17,0,6,9,1007,794,43,79
200,"Osterburg","MAG",0,0,1,1,1,0,0,0,0,0,0,0,3,0,0,2,2,1,0,12,3,11,0,3,0,0,3,23,40,18,19,0,0,0,0,2,0,43,14,157,65,0,47,6,5,12,187,0,40,34,1,71,10,25,0,27,68,2007,1909,90,180
201,"Salzwedel","MAG",0,0,2,2,2,0,0,2,2,2,1,0,2,0,0,5,1,1,0,47,0,10,0,3,0,0,0,118,31,26,31,1,0,2,0,3,0,0,2,8,68,0,12,9,10,9,44,1,191,64,2,38,12,33,1,18,100,1735,906,52,166
202,"Gardelegen","MAG",0,0,0,0,0,0,0,0,0,1,0,0,1,0,0,1,1,1,3,6,0,2,0,0,0,0,0,128,26,25,18,6,3,3,1,0,0,90,13,93,70,0,0,6,6,11,162,0,38,74,1,26,12,23,0,12,46,2277,2614,65,158
203,"Stendal","MAG",0,0,2,2,7,0,0,1,2,3,2,0,2,1,0,3,3,0,0,10,0,17,0,0,0,0,0,72,50,27,42,2,4,5,6,2,4,18,15,53,145,0,606,10,5,9,183,0,44,58,12,93,17,24,0,35,158,1658,1440,91,320
204,"Jerichow II","MAG",0,0,0,0,0,0,0,0,0,0,0,0,2,0,0,3,6,0,0,5,0,23,0,0,0,0,0,146,29,18,5,1,0,0,0,16,3,39,3,30,48,0,559,1,0,14,143,0,53,30,1,50,9,19,0,20,59,3627,981,128,145
205,"Jerichow I","MAG",0,0,1,2,4,0,0,0,0,2,1,1,4,0,0,3,1,0,0,10,0,45,0,7,0,0,12,79,51,31,9,1,1,5,0,67,7,20,14,314,262,0,35,21,16,22,147,2,75,148,2,62,15,33,2,124,195,3665,3455,78,381
206,"Calbe","MAG",0,0,4,4,8,0,0,0,0,2,1,0,4,0,0,7,16,1,0,14,5,23,15,4,8,0,20,118,110,35,36,4,2,2,2,9,10,30,16,217,99,0,574,19,26,17,101,1,79,84,5,107,19,31,0,49,184,3610,3329,68,457
207,"Magdeburg","MAG",1,16,9,33,169,0,0,9,37,13,34,3,6,7,16,119,479,20,64,10,16,37,46,5,5,9,19,125,212,72,84,14,35,12,9,41,5,36,7,420,49,0,1239,86,128,14,39,24,198,70,47,423,76,97,6,144,512,3860,2938,355,2875
208,"Wanzleben","MAG",0,0,1,1,1,0,0,1,0,0,0,0,1,0,0,0,0,0,0,3,0,13,1,0,0,0,0,115,20,35,32,5,3,0,0,5,0,32,33,160,151,0,13,5,6,16,117,4,42,38,1,53,9,20,0,5,53,4307,4379,102,212
209,"Wollmirstädt","MAG",0,0,0,0,0,0,0,0,0,0,0,1,0,0,0,0,0,0,0,4,0,22,0,2,0,0,5,115,20,16,4,3,0,0,0,0,0,29,3,81,148,0,49,9,6,7,93,1,20,36,1,51,7,14,1,17,182,3393,3030,89,143
210,"Neuhaldensleben","MAG",0,0,1,2,4,0,0,1,3,1,2,0,1,0,0,0,0,1,0,41,0,21,0,2,0,0,3,26,3,22,14,1,0,0,0,7,4,33,107,141,198,0,0,4,5,5,92,0,58,69,1,9,6,14,1,23,87,2603,2173,101,275
211,"Oschersleben","MAG",0,0,1,1,1,0,0,0,0,1,0,0,1,0,0,1,6,0,0,8,5,4,0,0,0,0,35,53,31,14,9,1,1,2,2,7,0,25,5,105,14,0,0,3,3,10,79,4,37,8,1,24,7,13,0,53,44,2137,2355,76,95
212,"Aschersleben","MAG",0,0,3,9,31,0,0,2,7,6,6,0,4,0,0,8,11,1,2,23,0,11,2,2,0,0,30,104,68,30,24,3,4,2,2,44,6,32,19,150,65,0,0,49,41,23,82,4,55,19,2,56,15,34,5,72,495,3425,2597,135,625
213,"Halberstadt","MAG",0,0,4,9,18,0,0,2,6,4,8,2,3,3,5,12,25,3,1,25,0,12,0,6,1,2,34,91,66,35,40,8,10,4,5,49,51,38,15,118,24,0,0,28,45,15,112,3,71,44,9,106,86,85,11,137,295,3405,2628,156,294
214,"Grafschaft Wernigerode","MAG",0,0,1,1,3,0,0,1,2,1,0,0,0,0,0,1,5,1,2,3,0,4,1,0,0,0,5,50,18,5,10,0,0,0,0,0,0,4,5,24,31,0,0,54,73,9,36,0,10,13,1,4,11,14,0,18,125,1369,721,42,130
215,"Liebenwerda","MER",0,0,1,1,2,0,0,0,0,1,0,0,3,0,0,0,0,0,0,2,0,6,1,1,0,0,4,54,13,17,5,6,0,1,0,1,0,5,21,92,2,0,15,13,11,33,53,7,126,40,1,39,6,26,0,36,28,1967,1903,44,62
216,"Torgau","MER",0,0,3,3,8,0,0,0,0,2,3,0,2,0,0,0,0,0,0,4,0,28,0,0,0,0,0,96,44,16,4,1,1,3,0,4,3,6,8,91,26,0,93,6,6,18,40,6,138,46,2,56,13,42,1,42,517,3084,3580,66,238
217,"Schweinitz","MER",0,0,1,1,1,0,0,0,0,1,1,0,0,0,0,0,0,1,0,7,1,1,0,0,0,0,0,62,9,9,7,2,1,0,0,2,0,14,3,64,31,0,0,1,1,15,20,4,159,88,1,24,8,20,0,19,37,1657,1722,58,74
218,"Wittenberg","MER",0,0,2,3,3,0,0,1,3,3,3,1,6,1,1,0,0,1,0,2,1,6,0,0,0,1,4,83,54,14,8,1,1,0,0,6,0,6,32,97,9,0,113,8,6,29,48,59,87,72,1,56,21,28,1,60,157,3114,3158,50,146
219,"Bitterfeld","MER",0,0,4,6,13,0,0,0,0,0,0,0,2,0,0,0,0,0,0,0,0,4,0,0,0,0,11,66,19,12,2,5,0,2,0,19,0,4,90,132,156,0,0,4,4,22,21,3,129,91,4,20,11,14,0,19,60,3335,3628,97,239
220,"Delitsch","MER",0,0,3,7,14,0,0,0,0,4,2,0,3,0,0,6,40,0,0,12,0,30,0,0,0,0,13,68,70,61,11,2,4,5,0,2,0,11,33,217,47,0,0,47,60,14,45,2,171,74,2,41,22,39,0,27,192,2691,2740,101,379
221,"Saal-Kreis","MER",0,0,0,0,0,0,0,0,0,1,0,0,2,0,0,0,0,0,0,9,1,13,0,0,0,1,29,60,23,26,5,5,0,3,0,4,0,6,19,174,16,0,210,11,10,13,64,0,135,95,9,12,6,5,0,7,49,3269,2932,113,120
222,"Halle","MER",1,3,7,25,119,0,0,3,12,16,24,2,4,2,8,11,22,4,4,10,3,12,0,1,1,0,41,77,173,57,33,14,5,5,17,40,1,80,40,288,99,0,40,61,37,8,26,19,36,117,7,166,16,41,5,42,779,1197,650,79,1528
223,"Seekreis Mannsfeld","MER",0,0,3,6,14,0,0,2,3,2,3,0,5,0,0,0,0,0,0,10,4,3,0,0,0,0,8,68,33,28,14,5,1,3,0,43,1,8,4,203,48,0,440,21,11,19,60,1,76,45,6,50,19,26,0,25,205,2940,3094,91,493
224,"Gebirgskreis Mannsfeld","MER",0,0,1,2,3,0,0,0,0,0,0,0,1,0,0,1,0,1,0,7,1,19,0,2,2,0,8,58,17,14,5,2,0,0,0,3,0,8,4,124,10,0,0,9,4,6,51,1,100,56,1,9,4,8,0,11,70,2471,1717,85,116
225,"Sangerhausen","MER",0,0,3,3,6,0,0,0,0,1,1,0,1,0,0,0,0,0,0,3,1,22,0,1,0,0,7,125,19,20,11,5,3,0,0,3,0,62,28,90,76,0,22,36,15,11,51,3,89,165,4,39,17,38,0,45,297,3940,3564,97,206
226,"Eckartsberga","MER",0,0,1,1,3,0,0,0,0,0,0,0,1,0,0,0,0,1,0,14,0,5,0,0,0,0,4,35,6,20,0,6,0,2,0,7,2,1,57,50,10,0,4,3,5,7,62,2,54,40,1,14,9,20,0,31,61,2896,2458,70,85
227,"Querfurt","MER",0,0,2,2,7,0,0,0,0,2,0,0,3,0,0,0,0,1,1,50,0,16,0,0,0,0,0,96,20,22,3,6,1,1,0,18,0,6,26,139,9,0,123,20,8,10,47,4,113,33,7,57,16,19,0,24,90,3118,2965,94,175
228,"Merseburg","MER",0,0,4,7,12,0,0,3,18,2,5,0,7,2,2,2,16,0,0,20,0,14,0,0,0,0,5,144,55,29,8,15,0,7,3,16,6,22,37,197,53,0,42,29,36,19,93,7,162,62,35,204,21,37,0,59,58,2919,1935,104,240
229,"Weissenfels","MER",0,0,3,3,5,0,0,0,0,2,0,0,4,0,0,0,0,11,13,7,2,16,11,4,3,0,7,99,20,28,2,16,0,10,2,21,7,10,25,167,42,0,15,20,10,11,50,4,143,97,2,64,15,29,1,53,71,2441,2187,61,123
230,"Naumburg","MER",0,0,6,9,15,0,0,3,8,4,3,0,5,1,1,8,17,5,0,4,0,8,0,3,0,1,3,47,55,16,8,4,1,2,2,7,0,11,4,72,28,0,3,53,17,15,18,8,84,63,2,45,45,62,6,36,61,1038,741,22,147
231,"Zeitz","MER",0,0,2,2,6,0,0,2,4,0,0,0,4,1,2,0,0,0,0,0,0,1,0,0,0,0,0,83,50,16,10,0,0,2,0,0,0,4,10,159,8,0,0,34,20,4,19,0,119,38,2,78,17,35,2,20,185,1594,1403,53,185
232,"Nordhausen","ERF",0,0,3,5,25,0,0,2,6,3,4,1,3,3,6,8,20,1,3,3,0,10,0,0,0,0,6,39,68,28,31,4,5,5,3,22,4,21,34,191,427,0,0,46,31,15,37,5,124,70,3,67,24,49,3,54,227,1860,1559,71,654
233,"Worbis","ERF",0,0,2,2,5,0,0,0,0,0,0,0,1,0,0,8,4,0,0,3,1,2,0,22,8,0,1,14,1,15,1,0,0,0,0,4,1,85,3,95,77,0,0,10,10,5,55,2,52,202,2,43,13,35,1,32,111,2434,1683,33,55
234,"Heiligenstadt","ERF",0,0,2,3,5,0,0,0,0,2,1,0,1,1,0,29,7,0,0,3,0,3,0,3,2,0,2,25,10,12,9,5,3,0,0,7,0,4,8,134,172,0,0,10,9,11,20,5,149,62,8,58,15,29,6,20,32,2505,2290,29,131
235,"Mühlhausen","ERF",0,0,2,3,7,0,0,2,1,2,2,0,2,2,5,12,6,2,0,0,0,13,0,2,0,0,0,41,46,15,14,3,1,3,0,17,7,25,22,120,185,0,0,29,34,6,101,0,46,15,2,46,21,33,3,81,437,2138,779,47,371
236,"Langensalza","ERF",0,0,2,3,6,0,0,1,2,4,4,0,3,0,0,6,10,1,0,4,0,7,0,0,0,0,0,24,7,12,0,0,0,0,0,20,0,6,7,88,3,0,0,18,11,4,56,1,30,9,0,33,7,17,0,32,36,1779,1402,46,52
237,"Weissensee","ERF",0,0,1,2,5,0,0,2,2,1,2,0,1,0,0,0,0,0,0,22,0,3,0,1,1,0,4,22,19,6,3,1,1,0,0,4,3,5,22,83,15,0,0,12,6,2,37,1,26,90,1,13,6,10,0,35,41,1422,1136,37,83
238,"Erfurt","ERF",2,1,11,25,43,0,0,5,39,10,11,1,5,2,4,57,52,11,9,10,0,11,3,2,0,2,6,68,129,37,32,10,13,11,2,103,41,37,95,152,40,0,0,39,46,11,49,12,65,71,29,205,31,45,35,218,732,2855,1916,101,725
239,"Ziegenrück","ERF",0,0,0,0,0,0,0,0,0,0,0,0,0,0,0,0,0,0,0,0,0,0,1,0,0,0,0,12,0,2,0,0,0,0,0,1,0,0,35,10,2,0,0,3,2,1,18,0,25,1,0,11,3,6,0,5,3,419,369,15,28
240,"Schleusingen","ERF",0,0,3,4,7,0,0,2,2,2,1,0,3,1,3,2,1,15,5,4,0,11,0,2,0,0,0,19,18,33,9,9,3,1,1,1,0,18,3,84,5,0,0,68,38,6,50,2,60,13,8,65,19,32,0,22,60,2112,913,20,105
241,"Tecklenburg","MUN",0,0,1,1,2,0,0,0,0,0,0,0,0,0,0,4,10,0,0,1,1,0,0,0,0,0,0,22,4,39,20,2,2,2,0,37,3,21,24,130,46,0,0,8,4,19,56,1,142,2,3,44,16,24,0,27,39,990,713,8,15
242,"Warendorf","MUN",0,0,1,2,3,0,0,0,0,0,0,0,0,0,0,2,2,1,0,6,0,3,0,0,0,0,0,39,6,21,5,4,0,1,0,5,0,19,49,75,25,0,0,3,3,14,33,0,62,0,1,33,10,11,0,32,74,2252,732,33,41
243,"Beckum","MUN",0,0,1,1,1,0,0,0,0,0,0,0,0,0,0,1,3,0,0,7,0,6,1,0,0,0,0,37,1,53,6,6,0,3,0,18,0,10,10,65,38,0,0,0,0,19,56,0,65,8,1,26,10,22,0,30,20,2211,1347,30,73
244,"Lüdinghausen","MUN",0,0,1,1,2,0,0,0,0,0,0,0,0,0,0,1,6,0,0,15,6,9,6,2,1,0,0,69,3,37,15,7,1,1,0,2,0,10,11,100,51,0,4,6,4,27,24,0,115,15,1,15,12,16,0,29,24,2679,1852,47,94
245,"Landkreis Münster","MUN",0,0,0,0,0,0,0,0,0,0,0,0,0,0,0,2,5,1,1,0,0,3,0,0,0,0,0,18,11,21,14,1,0,0,0,6,0,8,20,53,23,0,1,2,0,12,37,0,175,1,2,34,1,2,5,37,39,2158,1545,22,50
246,"Stadt Münster","MUN",1,2,5,18,78,0,0,6,27,7,17,1,2,9,16,12,13,8,2,6,0,0,0,0,0,0,0,67,41,47,56,4,4,6,2,62,25,12,24,191,25,0,0,12,7,5,1,10,19,4,25,151,37,48,0,26,163,981,1019,96,134
247,"Steinfurt","MUN",0,0,1,1,2,0,0,1,2,1,0,0,0,1,0,27,22,1,0,11,1,1,0,0,0,0,2,43,13,30,18,3,0,5,0,17,7,12,43,107,120,0,0,3,3,22,59,0,139,21,1,34,14,24,0,35,65,1561,841,35,115
248,"Coesfeld","MUN",0,0,2,4,6,0,0,1,3,2,1,1,1,1,0,8,7,0,0,16,2,0,0,2,2,0,1,86,45,46,41,8,7,2,1,20,0,13,8,35,82,0,0,18,15,19,55,3,111,8,1,23,20,19,0,40,52,2557,1753,71,99
249,"Ahaus","MUN",0,0,0,0,0,0,0,0,0,0,0,0,0,1,1,12,3,1,2,7,4,2,2,0,0,0,3,8,7,35,13,9,1,1,0,23,9,11,29,225,46,0,26,8,5,25,37,0,100,0,0,56,13,21,0,37,49,1302,384,18,62
250,"Borken","MUN",0,0,1,1,2,0,0,2,2,0,0,0,0,2,1,20,5,1,0,4,1,6,0,0,0,0,2,37,26,57,51,5,3,5,1,13,10,33,14,203,97,0,0,12,10,21,42,0,127,24,0,42,9,18,0,63,81,2024,467,39,60
251,"Recklinghausen","MUN",0,0,2,3,4,0,0,1,1,3,0,0,0,0,0,6,6,1,0,30,6,23,3,0,0,0,0,35,6,32,7,12,1,3,0,5,3,13,46,76,94,0,20,14,11,21,80,3,137,57,0,13,23,23,0,25,87,2137,418,54,105
252,"Minden","MIN",0,0,3,7,18,0,0,3,9,6,6,0,2,1,4,8,14,6,9,9,3,3,2,0,0,0,18,14,13,31,37,6,10,2,6,35,32,19,39,334,103,0,59,17,31,12,43,30,119,37,19,196,23,38,0,63,531,5222,2816,44,190
253,"Lübbecke","MIN",0,0,1,1,1,0,0,0,0,1,0,0,2,0,0,1,1,0,0,7,0,0,0,0,0,0,0,25,19,24,21,7,5,1,0,2,1,13,17,135,49,0,0,3,6,6,24,0,65,21,1,36,17,42,0,39,58,2669,1855,46,100
254,"Herfort","MIN",0,0,2,2,4,0,0,4,4,1,1,0,1,0,0,7,17,0,0,5,1,3,1,0,0,0,13,86,52,29,36,1,0,2,2,10,2,17,17,143,138,0,30,12,13,8,50,5,50,21,1,80,23,48,0,50,95,5003,2939,16,75
255,"Halle","MIN",0,0,1,1,1,0,0,1,6,0,0,0,0,0,0,4,5,0,0,3,0,4,1,0,0,0,5,16,20,22,19,1,1,2,3,6,0,28,12,78,25,0,0,8,5,9,5,0,66,9,1,28,8,14,0,14,29,3451,2313,22,58
256,"Bielefeld","MIN",0,0,2,5,28,0,0,2,3,2,5,0,2,3,4,71,95,2,4,5,9,2,0,0,0,1,8,28,28,18,41,4,6,3,6,2,4,18,31,223,73,0,0,9,10,7,23,2,105,12,3,11,16,23,0,28,56,2923,2206,34,136
257,"Wiedenbrück","MIN",0,0,2,3,7,0,0,1,3,2,0,0,0,0,0,13,13,1,0,6,1,4,0,0,0,0,1,8,7,30,16,5,3,4,2,5,2,8,34,167,108,0,0,17,16,24,47,0,60,0,1,12,12,29,0,41,42,2219,896,29,69
258,"Paderborn","MIN",0,0,3,7,23,0,0,2,5,5,8,0,3,2,2,0,0,2,4,7,2,1,0,0,0,0,5,25,12,25,12,6,7,2,2,22,9,3,18,118,22,0,0,10,7,13,46,3,117,2,1,53,26,68,0,23,343,3107,303,86,283
259,"Büren","MIN",0,0,1,1,3,0,0,0,0,0,0,0,0,0,0,0,0,0,0,16,6,0,0,0,0,0,0,14,2,16,9,5,0,1,0,3,2,8,7,206,22,0,0,7,0,7,15,7,135,12,1,17,8,18,0,115,14,3448,1115,53,102
260,"Warburg","MIN",0,0,1,1,2,0,0,0,0,0,0,0,0,0,0,0,0,0,0,7,0,0,0,0,0,0,1,21,21,29,17,1,0,0,0,1,0,7,1,135,41,0,0,5,6,9,53,0,66,0,0,49,14,26,0,76,13,3892,2776,52,151
261,"Höxter","MIN",0,0,2,2,4,0,0,0,0,1,0,0,1,0,0,0,0,1,0,10,1,3,1,0,0,0,0,37,19,41,24,7,2,2,2,6,4,12,19,209,158,0,92,29,26,16,50,1,135,31,2,57,18,49,0,121,136,4178,1513,120,181
262,"Arnsberg","ARN",0,0,4,8,34,0,0,0,0,2,6,0,1,0,0,5,15,1,0,3,0,0,0,0,0,0,0,40,8,32,19,6,0,3,0,3,0,6,48,119,51,0,0,22,13,32,36,4,156,0,18,115,26,66,0,95,76,1790,683,87,217
263,"Meschede","ARN",0,0,1,1,3,0,0,0,0,0,0,0,1,0,0,0,0,0,0,3,0,0,0,0,0,0,1,14,7,22,22,1,0,1,0,4,0,1,0,47,288,0,0,16,16,7,32,0,122,22,1,21,8,15,0,25,5,2333,889,29,51
264,"Brillon","ARN",0,0,1,2,7,0,0,1,2,1,1,0,0,0,0,3,4,0,0,2,0,0,0,0,0,0,0,12,8,33,34,9,1,4,0,14,0,2,3,200,951,0,0,12,16,17,50,0,141,11,2,25,15,33,0,116,33,2057,765,20,43
265,"Lippstadt","ARN",0,0,2,3,3,0,0,3,5,1,2,0,2,1,0,10,12,1,2,28,11,0,0,2,1,0,5,31,33,21,28,7,9,2,1,24,6,15,5,150,19,0,0,19,19,14,38,5,111,0,1,15,15,19,0,22,93,1567,685,36,82
266,"Soest","ARN",0,0,3,5,8,0,0,1,1,2,1,0,2,0,0,1,0,2,2,36,0,5,0,0,0,0,0,27,20,26,34,7,4,4,1,19,0,14,32,180,79,0,0,12,8,17,26,31,113,12,9,50,14,15,1,48,188,2936,1317,44,88
267,"Hamm","ARN",0,0,4,8,15,0,0,2,3,3,1,0,2,1,0,0,0,0,0,17,1,4,3,1,0,0,2,90,28,24,14,8,13,9,20,42,18,28,22,138,68,0,0,11,15,14,48,8,184,1,4,32,29,56,0,25,124,2632,1588,41,113
268,"Dortmund","ARN",0,0,2,3,6,0,0,3,4,3,4,0,3,0,0,13,16,6,4,12,7,27,4,2,2,0,3,67,30,54,37,15,12,4,3,94,12,50,44,79,59,0,0,63,27,26,76,0,252,28,9,79,15,28,1,38,379,3185,827,66,208
269,"Bochum","ARN",0,0,5,5,12,0,0,1,1,6,0,0,4,0,0,5,3,3,2,3,0,19,0,0,0,0,1,119,55,40,29,26,15,12,8,13,5,26,80,147,67,0,50,37,43,24,112,3,307,21,8,63,25,39,0,45,109,3221,352,55,81
270,"Hagen","ARN",0,0,3,4,9,0,0,3,5,5,3,0,4,2,8,141,204,1,5,10,0,17,2,1,0,0,2,214,26,48,26,7,2,11,3,43,0,29,65,222,71,0,1,272,75,22,124,7,521,38,2,40,24,48,0,36,70,3980,1028,72,371
271,"Iserlohn","ARN",0,0,3,3,8,0,0,6,18,1,1,0,3,1,4,96,199,4,2,5,0,20,0,1,0,0,2,104,20,24,32,18,3,4,4,6,4,45,53,127,54,0,0,28,37,17,31,5,209,30,3,36,18,38,3,13,157,1209,301,35,57
272,"Altena","ARN",0,0,2,3,6,0,0,5,8,0,0,0,1,0,0,38,62,2,0,0,0,8,0,0,0,0,0,119,8,35,12,24,13,8,5,42,0,9,33,107,62,0,0,72,58,25,150,0,166,15,1,11,11,33,0,43,35,1449,665,42,46
273,"Olpe","ARN",0,0,3,3,5,0,0,0,0,2,2,0,1,1,1,3,5,1,1,2,2,0,0,1,1,0,0,41,5,18,0,9,4,0,0,21,2,2,49,19,26,0,0,65,88,21,62,2,119,0,3,37,12,23,0,31,7,1565,366,5,36
274,"Siegen","ARN",0,0,1,2,8,0,0,4,9,2,2,0,2,5,3,71,22,2,0,31,7,18,5,0,0,0,0,115,30,12,17,6,15,3,5,10,9,1,72,120,78,0,0,112,64,29,116,0,222,9,2,82,4,46,0,61,136,1329,845,10,36
275,"Wittgenstein","ARN",0,0,0,0,0,0,0,0,0,0,0,0,1,0,0,2,2,0,0,0,0,0,0,0,0,0,0,28,8,7,12,0,0,0,0,1,0,45,23,47,74,0,0,21,9,8,19,0,79,2,1,15,6,18,0,18,59,1335,1186,21,31
276,"Wipperfurt","KOL",0,0,1,1,4,0,0,0,0,0,0,0,0,0,0,7,16,0,0,1,0,6,0,0,0,0,0,15,8,18,12,5,3,0,0,31,0,1,20,252,62,0,0,73,59,9,30,0,147,0,1,5,4,5,0,21,16,1655,430,9,10
277,"Gummersbach","KOL",0,0,1,1,3,0,0,0,0,1,0,0,0,0,0,4,8,1,2,2,0,4,3,0,0,0,0,149,81,48,31,9,5,1,0,30,16,32,0,95,67,0,0,101,55,16,27,1,212,26,3,11,3,6,0,23,9,1507,798,6,24
278,"Waldbroel","KOL",0,0,0,0,0,0,0,0,0,0,0,0,0,0,0,0,0,0,0,2,0,1,0,0,0,0,0,42,3,15,6,2,0,0,0,16,0,1,10,44,20,0,0,9,9,5,2,3,74,9,1,4,2,3,0,28,8,819,216,0,17
279,"Sieg","KOL",0,0,1,1,2,0,0,0,0,0,0,0,0,0,0,0,0,8,10,33,17,22,12,0,0,0,6,207,82,36,34,7,6,1,1,80,55,15,111,83,38,0,63,26,23,25,101,20,297,16,1,25,11,11,0,84,141,5002,3213,50,194
280,"Mühlheim","KOL",0,0,3,3,6,0,0,0,0,0,0,0,1,0,0,19,29,4,5,14,12,5,7,0,0,0,4,12,19,14,12,1,1,0,0,11,17,26,108,142,7,0,50,28,18,13,114,0,193,1,1,23,4,8,0,26,51,2887,1523,38,47
281,"Stadt Cöln","KOL",2,12,20,46,175,2,2,17,34,22,38,11,4,21,84,258,546,57,78,19,22,30,28,5,14,10,115,361,175,155,142,27,28,26,22,305,197,93,73,546,41,22,218,161,320,39,110,39,352,52,77,401,166,111,14,72,1505,2859,2168,454,2752
282,"Landkreis Cöln","KOL",0,0,1,1,1,0,0,0,0,1,0,0,2,2,4,8,17,0,0,20,0,19,12,0,0,0,7,24,8,9,0,4,1,0,0,7,6,32,28,251,19,0,1,19,25,12,55,8,300,28,3,77,2,0,0,37,124,2907,624,70,166
283,"Bergheim","KOL",0,0,1,1,2,0,0,0,0,0,0,0,0,0,0,0,0,3,4,44,48,4,4,0,0,0,3,197,205,29,30,10,10,0,0,2,2,11,2,8,7,0,0,3,1,17,42,0,231,11,0,4,0,6,0,68,27,2619,1447,57,66
284,"Euskirchen","KOL",0,0,2,2,4,0,0,0,0,2,0,0,1,0,0,8,9,1,0,1,0,1,0,0,0,0,0,8,8,21,20,6,6,0,0,2,2,29,239,33,31,0,0,17,8,10,53,6,177,18,1,10,6,5,0,70,32,1588,590,35,121
285,"Rheinbach","KOL",0,0,0,0,0,0,0,0,0,2,0,0,0,0,0,0,0,1,0,14,10,4,0,0,0,0,0,124,8,12,13,2,2,1,1,4,0,9,0,8,27,0,0,22,11,3,13,3,203,18,0,7,3,3,0,12,35,1418,502,10,36
286,"Bonn","KOL",0,0,7,14,30,3,8,4,14,11,16,2,3,2,10,2,8,18,25,30,10,13,7,0,0,0,1,84,53,39,81,6,9,8,15,27,32,44,109,205,24,0,33,53,63,23,47,7,391,103,8,72,7,8,6,74,371,2370,1644,138,736
287,"Cleve","DUS",0,0,2,3,8,0,0,2,5,4,3,0,1,3,7,13,14,4,3,11,2,0,0,0,0,0,7,90,17,54,9,11,0,5,1,28,4,38,49,210,106,0,58,56,56,17,59,7,215,29,0,122,33,11,0,81,405,4144,1972,99,380
288,"Rees","DUS",0,0,6,15,38,0,0,5,24,5,12,0,4,3,4,30,38,10,10,5,1,11,8,1,0,3,9,116,24,39,20,3,1,16,16,61,8,24,126,298,81,0,162,74,70,42,40,26,302,46,1,173,18,23,0,53,265,2535,771,105,657
289,"Duisburg","DUS",0,0,7,11,39,0,0,5,9,5,8,0,4,2,3,156,311,7,8,14,2,20,11,4,5,1,7,340,277,102,129,31,29,16,15,152,131,146,56,348,141,0,1804,104,78,29,86,9,577,22,10,156,36,38,0,70,411,4737,1349,123,307
290,"Geldern","DUS",0,0,4,4,14,0,0,0,0,3,3,0,5,3,6,34,36,7,1,34,25,3,2,2,2,0,13,121,14,86,27,20,7,9,3,21,2,27,221,436,188,0,76,42,42,47,86,111,529,12,1,65,14,13,0,89,203,5714,2740,99,312
291,"Kempen","DUS",0,0,2,2,5,0,0,4,6,2,0,0,0,1,1,55,33,4,0,17,4,0,0,0,0,0,19,325,8,94,6,20,0,10,1,28,0,105,43,171,129,0,0,31,14,29,87,5,372,12,1,72,6,7,0,58,72,2732,1849,7,243
292,"Crefeld","DUS",0,0,3,9,22,0,0,6,10,5,5,1,2,3,28,38,47,8,9,8,3,11,14,0,0,0,27,192,71,53,24,5,1,6,9,8,6,45,95,350,52,0,75,53,56,15,35,4,270,36,2,59,7,10,0,50,624,2223,1141,68,1219
293,"Düsseldorf","DUS",0,0,5,13,62,1,10,10,17,16,21,2,2,12,36,25,53,21,27,32,17,36,11,0,0,14,34,516,290,135,113,29,18,11,15,159,123,120,98,161,141,0,270,52,69,31,83,31,509,71,27,252,58,20,0,179,995,5310,1569,269,308
294,"Elberfeld","DUS",0,0,7,29,70,0,0,12,24,13,21,3,4,7,57,249,635,10,8,11,11,10,6,0,0,14,23,120,121,87,115,25,26,12,1,98,10,51,157,1009,82,0,0,209,201,26,77,16,637,2,0,119,15,41,0,95,299,4016,2670,181,364
295,"Lennep","DUS",0,0,1,1,5,1,1,4,5,1,1,0,2,1,0,169,309,10,5,0,0,3,0,10,9,0,1,147,52,50,42,15,14,5,6,18,2,41,139,255,47,0,0,154,85,21,92,2,519,19,1,16,7,7,0,30,197,1780,838,59,85
296,"Solingen","DUS",0,0,4,4,11,0,0,3,4,3,1,0,1,1,1,110,133,7,2,2,0,16,1,0,0,0,1,132,13,54,20,32,13,10,6,66,5,31,96,439,72,0,7,53,64,30,47,14,420,37,2,9,4,5,0,61,250,3201,1045,26,161
297,"Neuss","DUS",0,0,2,4,12,0,0,3,4,3,2,1,2,1,2,42,37,4,3,20,6,6,2,1,1,5,29,96,3,37,9,5,3,5,1,34,4,34,25,181,18,0,20,37,43,12,82,6,228,48,3,26,6,7,8,66,91,2802,932,23,62
298,"Grevenbroich","DUS",0,0,1,1,2,0,0,0,0,0,0,0,0,2,2,20,28,1,1,30,12,1,0,0,0,0,1,273,12,34,6,6,2,4,0,4,0,23,12,77,18,0,0,16,10,14,38,0,239,6,1,5,5,5,0,46,57,1276,470,45,102
299,"Gladbach","DUS",0,0,2,5,9,0,0,3,10,3,3,0,1,2,6,42,38,2,0,14,1,8,3,2,1,11,2,17,22,37,26,3,2,1,4,9,6,36,40,497,39,0,0,27,22,18,36,3,379,27,1,12,9,10,0,42,58,1514,824,29,102
300,"Simmern","KOB",0,0,2,2,6,0,0,0,0,2,1,0,2,0,0,0,0,2,2,18,0,0,0,0,0,0,13,57,39,17,28,7,2,2,0,5,0,48,79,67,50,0,0,25,23,13,0,0,206,41,1,33,9,10,0,45,49,1338,889,8,74
301,"Coblenz","KOB",0,0,9,15,43,0,0,10,25,2,1,2,1,6,13,9,22,27,25,8,8,15,3,1,0,3,7,103,38,43,23,9,4,17,1,83,20,60,146,159,53,0,265,92,58,22,110,16,327,83,22,211,109,31,1,45,927,3266,2234,130,1369
302,"St. Goar","KOB",0,0,1,2,1,0,0,0,0,1,0,0,1,0,0,0,0,3,3,5,0,6,3,0,0,0,1,90,7,6,2,8,4,0,0,14,2,12,63,41,47,0,141,29,21,24,39,10,164,50,2,25,5,7,0,50,59,1677,989,10,38
303,"Kreuznach","KOB",0,0,3,6,15,0,0,2,4,5,1,0,3,2,0,1,0,27,23,12,2,3,1,0,0,2,27,77,25,24,28,10,8,6,0,24,0,71,96,68,108,0,0,78,37,28,55,7,307,71,1,45,4,16,0,167,358,2593,1432,44,435
304,"Zell","KOB",0,0,1,1,2,0,0,0,0,0,1,0,0,0,0,0,0,19,5,0,0,3,0,0,0,0,0,50,13,9,12,2,2,0,0,0,0,0,100,0,13,0,37,11,3,16,38,9,104,31,1,9,1,3,0,10,14,896,402,0,8
305,"Kochheim","KOB",0,0,2,2,4,0,0,0,0,0,0,0,1,0,0,4,2,11,3,2,0,2,0,0,0,0,0,50,6,1,1,0,0,2,0,7,3,33,121,0,23,0,65,22,8,23,11,0,183,33,1,15,6,7,0,41,38,1845,995,11,114
306,"Mayen","KOB",0,0,2,2,5,0,0,0,0,1,0,0,2,2,0,5,4,3,2,12,7,4,2,0,0,0,7,96,6,6,4,6,5,2,0,64,11,14,94,9,25,0,42,24,20,14,36,16,251,109,1,22,7,13,0,14,163,2067,1338,24,45
307,"Adenau","KOB",0,0,0,0,0,0,0,0,0,0,0,0,0,0,0,0,0,0,0,0,0,7,0,0,0,0,0,3,0,0,0,0,0,0,0,1,0,12,88,24,65,0,0,6,2,6,15,7,111,19,0,12,1,4,0,20,92,789,345,1,15
308,"Ahrweiler","KOB",0,0,1,1,2,0,0,0,0,2,0,0,0,0,0,0,0,16,15,20,2,2,0,0,0,0,3,43,0,14,1,4,2,1,0,1,1,7,80,37,28,0,25,16,8,14,36,0,177,35,1,21,3,7,0,37,92,1594,522,4,40
309,"Neuwied","KOB",0,0,3,6,5,0,0,3,2,5,2,0,3,2,0,12,19,11,12,6,4,9,7,0,0,0,2,101,55,43,49,11,7,8,6,24,15,29,162,65,65,0,126,38,25,25,53,12,287,93,1,18,14,59,0,33,267,4713,2158,74,157
310,"Altenkirchen","KOB",0,0,2,2,6,0,0,0,0,0,0,0,0,2,2,1,4,0,0,0,0,2,0,0,0,0,0,9,11,3,3,1,1,0,0,1,0,10,8,109,55,0,0,8,7,17,32,0,161,3,2,45,12,37,0,26,21,1810,628,2,30
311,"Wetzlar","KOB",0,0,2,2,3,0,0,1,3,1,2,0,3,0,0,3,3,1,2,0,0,6,2,0,0,0,0,71,13,18,6,4,5,0,0,0,0,32,117,36,35,0,0,17,9,7,35,2,201,30,4,39,14,18,0,26,142,1694,1271,28,174
312,"Daun","TRI",0,0,0,0,0,0,0,0,0,0,0,0,0,0,0,0,0,0,0,1,0,0,0,0,0,0,0,136,0,4,0,2,0,0,0,0,0,2,17,0,4,0,0,3,3,11,1,7,173,3,3,12,4,10,0,53,8,411,176,3,29
313,"Prüm","TRI",0,0,1,2,5,0,0,1,2,1,1,0,0,0,0,1,1,6,0,6,0,2,0,2,0,0,2,27,0,10,0,7,0,1,0,7,0,0,69,9,14,0,0,6,2,13,52,1,115,1,1,23,6,7,0,88,130,2092,1287,9,35
314,"Bitburg","TRI",0,0,0,0,0,0,0,0,0,0,0,0,0,0,0,0,0,0,0,7,0,2,0,0,0,0,0,46,3,16,7,12,4,4,1,17,1,1,124,67,61,0,31,30,1,23,21,1,188,14,2,29,10,11,0,105,12,2641,1293,7,50
315,"Wittlich","TRI",0,0,1,1,2,0,0,0,0,0,0,0,0,0,0,0,0,2,0,5,0,4,1,1,0,0,0,6,3,7,4,6,0,1,0,6,0,18,178,3,56,0,6,3,2,6,6,0,177,14,0,11,4,4,0,76,28,1618,820,2,54
316,"Trier (Stadt)","TRI",1,3,6,15,55,1,2,2,3,7,15,3,2,4,19,5,9,11,3,10,1,8,12,0,0,0,10,113,34,33,49,11,7,9,5,55,0,66,40,82,10,0,175,40,27,8,55,8,145,28,12,106,19,18,0,36,351,708,423,102,194
317,"Trier (Land)","TRI",0,0,0,0,0,0,0,0,0,1,1,0,0,0,0,3,1,1,0,0,0,8,0,0,0,0,0,51,0,1,0,5,0,0,0,1,0,28,80,71,9,0,94,3,0,23,21,20,207,24,1,26,1,7,0,99,57,2046,1212,33,48
318,"Berncastel","TRI",0,0,2,2,7,0,0,0,0,0,0,0,0,0,0,3,3,5,5,2,0,4,3,0,0,0,0,120,35,15,14,10,4,0,0,19,13,13,64,26,26,0,92,11,7,31,28,2,158,28,1,47,7,11,0,218,28,2884,1173,5,70
319,"Saarburg","TRI",0,0,0,0,0,0,0,0,0,0,0,0,0,0,0,0,0,0,0,3,0,1,0,0,0,0,0,20,0,6,0,0,0,0,0,1,0,15,133,0,16,0,180,7,1,3,3,0,167,0,1,27,2,6,0,21,30,1771,1314,6,62
320,"Merzig","TRI",0,0,1,2,3,0,0,0,0,0,0,0,0,0,0,0,0,0,0,10,0,5,0,0,0,0,1,91,6,11,4,4,0,1,0,5,0,5,109,0,15,0,132,8,2,10,31,0,124,5,1,16,3,6,0,86,411,3196,2157,11,30
321,"Saarlouis","TRI",0,0,1,4,20,0,0,1,3,3,3,0,0,2,2,0,0,6,0,9,0,6,0,0,0,0,0,7,2,6,6,4,4,1,0,2,1,55,199,78,32,0,143,13,2,12,41,29,232,25,1,46,6,8,0,61,427,2537,998,47,192
322,"Saarbrücken","TRI",0,0,3,7,11,0,0,1,2,3,2,0,2,2,7,21,19,1,0,0,0,0,0,0,0,0,6,10,14,7,6,5,3,0,0,5,2,12,138,39,7,0,52,40,15,6,98,7,169,9,19,79,28,16,0,53,201,2281,931,43,191
323,"Ottweiler","TRI",0,0,0,0,0,0,0,0,0,0,0,0,1,0,0,0,0,0,0,0,0,1,0,0,0,0,2,4,4,19,3,4,0,0,0,3,0,31,176,0,6,0,0,4,1,3,41,0,97,0,0,31,2,5,0,49,13,1521,354,7,15
324,"St. Wendel","TRI",0,0,1,1,2,0,0,1,1,0,0,0,0,0,0,2,2,0,0,16,7,0,0,0,0,0,14,42,7,7,2,10,5,0,0,0,0,12,71,50,21,0,0,17,3,21,32,1,141,51,1,38,7,8,0,146,33,1128,940,3,20
325,"Erkelens","AAC",0,0,1,1,1,0,0,0,0,1,0,0,1,0,0,10,10,0,0,19,0,5,1,0,0,0,0,283,11,19,2,5,0,0,0,5,0,10,1,27,29,0,0,9,2,8,32,0,313,25,1,19,4,4,0,20,18,1152,739,17,38
326,"Heinsberg","AAC",0,0,1,1,3,0,0,0,0,1,0,0,0,2,0,0,0,2,2,29,1,1,0,0,0,0,0,88,81,12,2,8,3,2,4,0,0,17,30,91,22,0,0,13,15,7,27,0,220,3,2,88,3,3,0,69,43,2039,1248,13,30
327,"Geilenkirchen","AAC",0,0,1,1,2,0,0,0,0,0,0,0,0,0,0,0,0,0,0,23,2,6,2,0,0,0,0,151,0,22,2,0,0,0,0,1,0,7,12,22,111,0,0,6,4,3,30,1,237,1,2,44,1,4,0,38,36,809,324,23,82
328,"Jülich","AAC",0,0,2,2,3,0,0,0,0,0,0,0,0,0,0,13,0,0,0,33,3,5,0,0,0,0,0,93,3,10,0,3,0,2,0,69,0,12,35,84,22,0,0,11,5,6,64,28,285,19,0,25,7,9,0,106,64,3827,1501,27,125
329,"Düren","AAC",0,0,2,3,5,0,0,4,2,7,0,0,1,0,0,16,31,2,1,14,0,10,2,0,0,0,1,122,0,13,1,3,0,7,0,10,0,24,6,183,30,0,0,66,36,6,75,2,334,25,2,24,0,14,0,74,78,3274,952,69,172
330,"Stadt Aachen","AAC",0,0,6,19,34,0,0,6,18,11,29,3,3,11,20,65,123,13,15,15,8,8,9,16,28,3,6,228,203,98,131,19,31,18,29,45,49,63,26,172,21,0,0,38,100,23,18,25,235,36,14,204,55,76,0,72,304,1802,1269,132,217
331,"Landkreis Aachen","AAC",0,0,5,5,9,0,0,0,0,0,0,0,1,0,0,21,33,0,0,4,1,17,3,1,0,0,0,92,56,8,0,1,0,0,0,1,1,13,29,367,72,0,0,63,20,19,63,1,606,25,1,63,7,5,0,56,200,5916,2352,40,93
332,"Eupen","AAC",0,0,2,2,3,0,0,1,1,1,2,0,1,1,1,7,2,0,0,2,2,26,6,3,2,0,2,98,12,8,12,2,2,6,6,2,2,2,26,30,12,0,0,35,32,5,17,3,151,7,0,44,3,3,0,37,76,324,147,57,115
333,"Montjoie","AAC",0,0,1,1,1,0,0,0,0,0,0,0,1,0,0,0,0,2,0,0,0,9,0,0,0,0,0,0,0,6,2,0,0,0,0,111,0,0,0,3,26,0,0,7,3,3,32,0,103,4,2,28,2,2,0,26,42,1082,296,1,9
334,"Schleiden","AAC",0,0,2,2,4,0,0,0,0,0,0,0,1,0,0,3,0,1,1,4,0,3,0,1,0,0,0,57,20,8,9,6,5,1,0,8,0,1,85,45,21,0,0,27,17,10,91,0,177,16,0,20,1,5,0,10,33,3056,1045,10,49
335,"Malmedy","AAC",0,0,1,1,2,0,0,0,0,1,2,0,0,0,0,4,0,4,4,7,0,6,0,0,0,0,0,124,6,60,7,11,1,7,0,9,0,10,60,23,93,0,0,56,58,9,37,0,227,17,2,67,6,7,3,62,19,3125,2192,13,58
