kreiskey1882,county,rb,occ1882_se_utb_pr,occ1882_emp_utb_pr,occ1882_unemp_pr,occ1882_ukn_pr,occ1882_dom_pr,occ1882_wif_pr,occ1882_sum_pr,occ1882_se_utb_cat,occ1882_emp_utb_cat,occ1882_unemp_cat,occ1882_ukn_cat,occ1882_dom_cat,occ1882_wif_cat,occ1882_sum_cat,occ1882_se_utb_jew,occ1882_emp_utb_jew,occ1882_unemp_jew,occ1882_ukn_jew,occ1882_dom_jew,occ1882_wif_jew,occ1882_sum_jew,occ1882_se_utb_tot,occ1882_emp_utb_tot,occ1882_unemp_tot,occ1882_ukn_tot,occ1882_dom_tot,occ1882_wif_tot,occ1882_sum_tot
1,"MEMEL","KON",0,25,2125,38,1846,29835,55160,0,1,77,0,56,1106,2268,0,0,42,1,46,856,1394,0,26,2269,39,1960,31975,59181
2,"FISCHHAUSEN","KON",0,3,1061,0,2004,29256,50555,0,0,9,0,13,108,366,0,0,2,0,2,111,173,0,3,1075,0,2026,29558,51230
3,"KONIGSBERG","KON",6,623,7565,708,7333,63746,129990,0,21,257,25,313,2120,5222,0,2,354,0,77,3261,5508,6,646,8198,736,7752,69310,141102
4,"KONIGSBERG","KON",0,21,1330,86,1892,30840,54032,0,0,8,1,10,102,552,0,0,3,0,5,60,118,0,21,1343,90,1914,31056,54797
5,"LABIAU","KON",0,8,1062,37,1811,31194,52472,0,0,4,0,1,46,94,0,0,5,0,3,181,269,0,8,1075,37,1816,31503,52962
6,"WEHLAU","KON",0,19,2648,11,1748,27458,48953,0,0,193,0,2,94,360,0,0,26,0,2,88,160,0,19,2867,11,1753,27643,49478
7,"GERDAUEN","KON",0,2,809,3,1117,21280,36784,0,0,1,0,3,54,110,0,0,2,0,2,86,145,0,2,815,3,1122,21458,37094
8,"RASTENBURG","KON",0,11,1207,4,1523,23794,41942,0,0,75,1,76,1082,2086,0,0,12,0,2,106,181,0,11,1296,5,1602,25010,44249
9,"FRIEDLAND","KON",2,30,1240,60,1773,25277,45855,0,0,4,0,32,161,318,0,0,4,1,0,63,106,2,32,1248,61,1811,25532,46335
10,"PREUSSISCH EYLAU","KON",0,6,1471,2,2074,30851,54333,0,0,17,0,44,621,1033,0,0,1,0,1,119,168,0,6,1506,2,2130,31856,55947
11,"HEILIGENBEIL","KON",0,7,1118,45,1548,25531,44992,0,0,12,0,56,311,684,0,0,3,0,1,84,134,0,8,1144,45,1609,26167,46177
12,"BRAUNSBERG","KON",0,5,288,4,199,2896,5718,0,13,1407,21,2069,27496,47824,0,0,8,0,2,308,453,0,18,1706,25,2271,30702,54005
13,"HEILSBERG","KON",0,0,102,2,86,1675,2946,0,5,1133,37,2147,30115,52096,0,0,8,0,2,245,387,0,5,1243,39,2235,32035,55429
14,"ROSSEL","KON",0,0,141,0,184,2939,5144,0,0,968,0,1486,25691,43930,0,0,7,0,1,260,402,0,0,1116,0,1671,28891,49482
15,"ALLENSTEIN","KON",0,7,769,9,153,2808,5329,0,13,1056,34,1811,33866,57452,0,0,17,0,1,285,457,0,20,1842,43,1965,36972,63253
16,"ORTELSBURG","KON",0,0,760,170,2023,36904,59133,0,0,41,9,189,3813,6052,0,0,8,1,6,359,511,0,0,820,182,2230,41608,66515
17,"NEIDENBURG","KON",0,1,730,3,1439,29061,47666,0,0,72,0,219,4983,8425,0,0,17,0,11,455,653,0,1,819,3,1669,34512,56760
18,"OSTERODE","KON",1,27,1179,1,1893,38006,61181,0,2,95,0,157,2973,5183,0,0,7,0,2,405,581,1,29,1283,1,2054,41502,67140
19,"MOHRUNGEN","KON",1,9,1328,29,1644,32689,54147,0,0,28,3,72,644,1313,0,0,8,0,1,192,314,1,9,1368,32,1720,33589,55887
20,"PREUSSISCH HOLLAND","KON",0,7,899,15,1649,24777,43088,0,2,13,3,86,881,1657,0,0,5,0,0,152,240,0,9,917,18,1735,25856,45043
21,"HEYDEKRUG","GUM",0,2,920,18,1349,23460,39777,0,0,40,2,64,850,1574,0,0,9,0,6,281,401,0,2,971,20,1426,24780,42029
22,"NIEDERUNG","GUM",0,13,1034,5,1918,32721,55685,0,0,7,0,11,142,312,0,0,4,0,6,271,389,0,13,1051,5,1943,33449,56907
23,"TILSIT","GUM",1,50,2374,88,2735,35689,65012,0,1,54,2,56,847,1598,0,4,35,2,31,758,1100,1,55,2477,93,2827,37563,68130
24,"RAGNIT","GUM",2,2,1242,37,1858,30345,52658,0,0,10,0,15,251,510,0,0,5,0,3,445,602,2,2,1269,37,1882,31156,53961
25,"PILLKALLEN","GUM",0,7,904,0,1533,25143,44987,0,0,12,0,9,234,713,0,0,8,0,4,126,205,0,7,924,0,1546,25511,45916
26,"STALLUPONEN","GUM",0,9,1020,21,1470,25862,45003,0,0,13,1,23,216,539,0,0,6,0,11,360,563,0,9,1041,22,1507,26466,46153
27,"GUMBINNEN","GUM",0,20,1509,0,1796,25903,46732,0,0,5,0,6,40,101,0,0,4,0,2,102,172,0,20,1524,0,1816,26255,47400
28,"INSTERBURG","GUM",0,54,3327,27,2467,38476,69355,0,1,10,0,7,168,324,0,1,44,1,6,245,428,0,56,3386,28,2483,39005,70291
29,"DARKEHMEN","GUM",0,6,858,16,1233,20628,35770,0,0,0,0,0,23,54,0,0,1,0,0,110,153,0,6,859,16,1233,20796,36026
30,"ANGERBURG","GUM",0,2,854,15,1244,22209,37941,0,0,1,0,1,17,49,0,0,1,0,1,31,68,0,2,862,18,1250,22291,38137
31,"GOLDAP","GUM",0,17,836,46,1441,26592,43548,0,0,5,0,4,128,215,0,0,1,0,1,88,140,0,17,850,46,1455,27146,44391
32,"OLETZKO","GUM",0,1,389,0,1441,23331,39723,0,0,2,0,10,242,424,0,0,4,0,2,136,204,0,1,396,0,1455,23728,40387
33,"LYCK","GUM",0,0,623,66,1793,28194,49345,0,0,14,2,26,578,1102,0,0,12,3,11,352,506,0,0,651,71,1835,29276,51204
34,"LOTZEN","GUM",0,4,1137,13,1475,23366,40389,0,0,4,0,5,255,394,0,0,6,0,1,193,289,0,4,1151,13,1482,23877,41170
35,"SENSBURG","GUM",7,8,744,2,1600,26465,43864,1,1,41,0,80,2366,3599,0,0,5,0,1,185,264,8,9,791,2,1681,29129,47893
36,"JOHANNISBURG","GUM",1,9,616,69,1839,27302,45727,0,0,2,0,1,113,207,0,0,1,0,1,155,243,1,9,619,69,1841,27575,46186
37,"ELBING","DAN",0,526,1715,45,1247,15639,28499,0,135,271,15,399,3586,6683,0,0,36,1,3,319,524,0,667,2124,62,1664,19950,36428
38,"ELBING","DAN",0,27,489,22,1217,16890,28548,0,7,93,4,287,3930,7142,0,0,0,0,0,19,26,0,34,627,26,1527,21817,37295
39,"MARIENBURG","DAN",0,15,1224,5,2001,18463,33943,0,20,546,6,1849,11642,24419,0,0,24,0,4,346,522,0,35,1925,12,3917,33707,64000
40,"DANZIG","DAN",1,215,3993,127,3116,34368,70952,0,74,832,63,1954,18242,32758,0,0,206,7,6,1647,2802,1,289,5099,198,5093,54618,107164
41,"DANZIG","DAN",4,37,1231,11,1871,29239,47989,1,62,761,15,1248,18409,31434,0,0,4,0,0,116,171,5,99,2003,26,3123,47947,79888
42,"PREUSSISCH STARGARD","DAN",1,31,483,9,659,10875,19018,1,86,1184,40,1589,31755,52763,0,1,44,3,9,758,1214,2,119,1717,52,2258,43457,73121
43,"BERENT","DAN",0,1,284,12,479,11433,18216,0,1,501,21,663,15708,25014,0,0,34,0,3,494,719,0,2,819,33,1146,27652,43976
44,"KARTHAUS","DAN",0,12,122,3,373,9596,15027,0,28,398,14,1028,25889,40923,0,0,2,0,2,247,343,0,40,526,17,1407,35771,56363
45,"NEUSTADT","DAN",0,15,466,8,581,9523,15400,0,15,840,25,1467,29457,46228,0,0,21,0,4,173,279,0,30,1337,33,2055,39224,62031
46,"STUHM","MAR",0,5,404,4,575,7733,13401,0,5,337,12,1009,13619,23562,0,0,18,1,0,260,421,0,10,776,17,1595,22095,38153
47,"MARIENWERDER","MAR",0,3,1882,17,1472,23555,39028,0,5,551,11,1162,12841,24126,0,0,27,0,2,449,690,0,8,2472,28,2641,37012,64153
48,"ROSENBERG","MAR",0,10,893,168,1483,26336,43813,0,1,68,13,190,1587,3569,0,0,29,0,4,611,904,0,11,993,181,1678,28581,48363
49,"LOBAU","MAR",0,4,303,1,410,5752,9362,0,3,678,3,1230,26243,41758,0,0,43,0,6,636,969,0,7,1024,4,1646,32638,52098
50,"STRASBURG","MAR",0,2,356,16,702,13322,20642,0,12,585,48,1449,27807,44783,0,0,59,1,22,1412,2045,0,14,1005,65,2175,42763,67773
51,"THORN","MAR",0,42,755,15,1436,21187,37793,0,18,571,22,1546,25130,44397,0,0,55,2,16,1456,2285,0,60,1385,39,3003,47899,84668
52,"KULM","MAR",0,3,576,29,1081,13855,23377,0,8,645,70,1011,18096,30770,0,0,42,0,10,848,1275,0,11,1282,102,2124,33134,55989
53,"GRAUDENZ","MAR",0,5,1315,37,1387,19396,34780,0,13,1559,37,826,13568,25173,0,0,56,1,9,884,1339,0,18,2939,76,2233,34024,61608
54,"SCHWETZ","MAR",0,8,744,14,1047,20675,33869,0,8,740,9,1037,23065,37660,0,0,59,0,16,956,1483,0,16,1550,23,2102,44777,73138
55,"TUCHEL","MAR",0,0,94,2,210,3845,6116,0,1,377,4,474,12928,19987,0,2,33,0,6,651,931,0,3,504,6,690,17434,27048
56,"KONITZ","MAR",1,4,339,11,323,6340,9975,0,1,639,10,952,22907,35581,0,0,38,2,4,795,1124,1,5,1016,23,1279,30042,46682
57,"SCHLOCHAU","MAR",0,6,567,2,835,22630,35127,0,0,259,2,568,17618,26459,0,0,35,0,11,1142,1654,0,6,862,4,1414,41399,63258
58,"FLATOW","MAR",0,3,495,0,966,24849,38478,0,3,307,2,633,15303,24167,0,0,73,0,11,1646,2337,0,6,875,2,1610,41798,64982
59,"DEUTSCH KRONE","MAR",0,8,696,27,1166,24411,39741,0,3,360,11,711,15159,24490,0,0,70,2,8,1161,1802,0,11,1127,41,1886,40779,66102
60,"PRENZLAU","POT",0,29,2058,15,2392,29878,55875,0,0,47,1,5,133,763,0,0,11,0,2,206,357,0,29,2116,16,2399,30229,57016
61,"TEMPLIN","POT",0,12,845,23,1453,26073,44330,0,0,3,0,18,86,263,0,0,3,0,0,100,151,0,12,858,23,1475,26457,45066
62,"ANGERMUNDE","POT",0,67,1291,31,2099,38276,65660,0,1,6,2,10,323,785,0,0,24,0,1,377,567,0,68,1322,33,2118,39035,67114
63,"OBERBARNIM","POT",0,177,3503,32,2875,42786,77355,0,6,176,2,33,443,1180,0,0,39,0,3,226,434,0,183,3720,34,2911,43484,79022
64,"NIEDERBARNIM","POT",4,677,4933,339,3748,72323,126676,0,29,218,38,116,2107,4327,0,1,108,1,9,394,708,4,707,5264,378,3875,74928,131868
65,"CHARLOTTENBURG","POT",5,347,1700,53,1576,16697,30121,0,41,59,7,170,1283,2619,0,1,67,2,1,232,424,5,390,1837,62,1753,18260,33257
66,"TELTOW","POT",0,1176,3953,47,3902,79481,140291,0,52,169,1,256,2985,6227,2,0,114,1,2,501,863,2,1232,4243,49,4162,83078,147569
67,"BEESKOW-STORKOW","POT",0,21,486,6,993,25527,42227,0,1,4,0,1,74,144,0,0,4,0,1,122,182,0,22,494,6,995,25724,42556
68,"JUTERBOG-LUCKENWALDE","POT",0,113,1049,68,1422,36249,62782,0,1,5,0,7,374,704,0,0,2,0,3,43,85,0,114,1056,68,1432,36728,63664
69,"ZAUCH-BELZIG","POT",0,98,827,58,1512,42200,72297,0,0,2,1,7,290,644,0,0,1,0,2,26,64,0,98,830,59,1521,42520,73011
70,"POTSDAM","POT",1,81,3766,35,2524,20235,44356,0,5,97,0,164,1291,3850,0,0,33,1,3,340,569,1,86,3902,36,2692,21914,48883
71,"OSTHAVELLAND","POT",0,251,1419,33,2668,47164,86572,0,23,39,3,131,1726,5210,0,0,9,0,3,192,311,0,274,1468,36,2802,49121,92153
72,"BRANDENBURG","POT",1,145,1634,75,1022,14080,30396,0,6,167,3,32,495,1394,0,0,15,1,1,159,251,1,152,1819,79,1055,14751,32082
73,"WESTHAVELLAND","POT",0,54,865,49,1784,28807,53382,0,1,3,0,23,211,897,0,0,2,1,2,54,93,0,55,870,50,1810,29100,54418
74,"RUPPIN","POT",2,114,2080,60,2836,42957,76778,0,0,6,0,30,265,591,0,0,8,0,2,126,221,2,114,2095,60,2871,43348,77596
75,"OSTPRIGNITZ","POT",0,41,2343,129,2471,36944,66718,0,0,24,1,16,124,307,0,0,8,0,1,61,106,0,41,2375,130,2488,37129,67131
76,"WESTPRIGNITZ","POT",0,165,2067,14,2742,39598,72041,0,7,4,0,18,328,718,0,0,15,0,0,119,212,0,172,2086,14,2760,40058,73002
77,"KONIGSBERG","FRA",1,213,2032,10,2711,55372,95505,0,7,8,0,19,332,926,0,0,31,0,1,406,644,1,220,2078,10,2736,56190,97213
78,"SOLDIN","FRA",0,5,986,46,1269,28584,48119,0,0,11,0,6,164,382,0,0,13,0,1,238,367,0,5,1013,46,1276,29063,48988
79,"ARNSWALDE","FRA",0,31,812,10,1199,25195,41890,0,0,6,0,11,131,295,0,0,10,0,2,398,592,0,32,829,10,1214,25781,42870
80,"FRIEDEBERG","FRA",1,38,1234,9,1512,33173,55687,0,0,11,0,38,411,773,0,0,46,0,1,433,691,1,38,1291,9,1551,34027,57163
81,"LANDSBERG","FRA",0,34,2419,34,1848,46756,76486,0,0,10,0,81,677,1231,0,0,39,0,3,486,885,0,34,2468,34,1935,47944,78645
82,"LEBUS","FRA",1,166,1881,49,2866,53766,95053,0,1,11,1,25,285,809,0,0,12,0,2,133,265,1,167,1905,50,2893,54192,96143
83,"FRANKFURT","FRA",3,347,2109,176,2012,25799,48860,0,17,73,9,117,1439,2823,0,0,112,0,3,540,965,3,364,2298,185,2134,27860,52788
84,"WESTSTERNBERG","FRA",0,26,801,19,1027,26263,44815,0,0,3,0,14,185,335,0,0,0,0,0,82,135,0,26,805,20,1041,26603,45388
85,"OSTSTERNBERG","FRA",0,36,2130,2,931,26544,45548,0,3,6,0,40,267,603,0,0,10,0,2,266,384,0,39,2151,2,977,27104,46595
86,"ZULLICHAU-SCHWIEBUS","FRA",2,250,880,11,1215,24410,42968,0,35,68,0,216,3597,6251,0,0,8,0,1,125,202,2,285,957,11,1432,28146,49448
87,"KROSSEN","FRA",1,68,893,29,1358,34927,60520,0,0,14,0,13,399,836,0,0,12,3,0,203,318,1,68,919,32,1371,35532,61680
88,"GUBEN","FRA",0,240,1349,60,1354,36934,64728,0,9,47,1,76,1602,2713,0,0,10,0,1,211,330,1,249,1409,61,1431,38776,67832
89,"LUBBEN","FRA",0,6,1008,16,754,19321,34046,0,0,65,0,4,327,514,0,0,4,0,0,93,131,0,6,1078,16,758,19741,34692
90,"LUCKAU","FRA",0,247,1505,3,1420,35986,62442,0,0,131,1,7,201,492,1,0,3,0,0,15,25,1,247,1640,4,1427,36206,62970
91,"KALAU","FRA",0,156,790,34,1184,29931,52504,0,5,4,0,8,382,704,0,0,2,0,0,8,16,0,161,796,34,1192,30322,53228
92,"KOTTBUS","FRA",0,1260,1660,139,1687,41991,74503,0,20,38,2,35,588,1156,0,0,10,0,2,243,357,0,1282,1708,141,1724,42837,76042
93,"SORAU","FRA",0,960,1824,21,2119,50771,91939,0,33,73,0,128,1984,3894,0,0,13,0,0,164,244,0,994,1910,21,2247,52983,96180
94,"SPREMBERG","FRA",2,196,321,8,518,13886,24122,0,3,5,0,6,355,601,0,0,0,0,1,14,31,2,199,326,8,525,14255,24754
95,"DEMMIN","STE",0,18,1006,36,1879,27050,46696,0,1,5,1,13,159,551,0,0,3,0,0,64,109,0,19,1014,37,1892,27311,47414
96,"ANKLAM","STE",1,18,963,60,1282,18220,31066,0,0,4,0,5,47,206,0,0,10,0,0,93,161,1,18,978,60,1287,18360,31435
97,"USEDOM-WOLLIN","STE",0,326,899,4,1578,29811,48681,0,4,1,0,3,92,377,0,0,4,0,2,110,194,0,330,904,4,1583,30013,49253
98,"UCKERMUNDE","STE",1,156,1669,45,1175,28603,46936,0,3,74,3,31,669,1276,0,0,20,0,2,172,293,1,159,1764,48,1208,29462,48536
99,"RANDOW","STE",0,1862,1979,113,2647,64777,107132,0,36,14,4,24,741,1553,0,0,13,0,2,429,608,0,1907,2012,118,2677,66048,109474
100,"STETTIN","STE",1,271,3579,242,4814,43973,84722,0,3,44,2,121,1233,3047,1,0,142,0,14,1513,2622,2,274,3792,247,4967,46948,90816
101,"GREIFENHAGEN","STE",0,49,879,96,1549,32843,54031,0,0,2,1,2,27,124,0,0,8,0,3,180,301,0,49,889,103,1555,33052,54469
102,"PYRITZ","STE",0,4,1019,17,1755,25415,44917,0,0,2,1,2,33,337,0,0,18,0,4,217,345,0,4,1039,18,1761,25665,45599
103,"SAATZIG","STE",0,33,2020,16,2263,38596,65525,0,1,37,1,35,325,1060,0,0,36,0,4,508,850,0,34,2093,17,2302,39429,67437
104,"NAUGARD","STE",0,18,2081,109,1688,34588,56035,0,0,8,0,12,201,432,0,0,10,0,3,264,418,0,18,2099,109,1703,35055,56888
105,"KAMMIN","STE",0,16,963,24,1641,26854,44734,0,0,2,0,2,35,106,0,0,4,0,3,121,195,0,16,969,25,1646,27027,45065
106,"GREIFENBERG","STE",2,8,1016,37,1414,20366,36639,0,0,6,1,3,28,122,0,0,17,0,1,277,406,2,8,1040,38,1423,20684,37203
107,"REGENWALDE","STE",0,10,647,18,1317,28973,46707,0,0,4,0,5,95,167,0,0,10,0,1,236,363,0,10,661,18,1324,29344,47293
108,"SCHIVELBEIN","KOS",0,0,369,12,679,11894,19237,0,0,2,0,3,12,45,0,0,13,0,3,246,371,0,0,384,12,686,12152,19654
109,"DRAMBURG","KOS",0,19,824,54,1040,22272,36070,0,0,6,3,2,131,324,0,0,16,0,0,271,423,0,19,849,57,1044,22737,36923
110,"NEUSTETTIN","KOS",0,11,1472,10,1880,48223,74374,0,0,61,0,7,216,428,0,0,50,0,0,730,1054,0,11,1588,10,1888,49275,76015
111,"BELGARD","KOS",0,10,877,69,1514,28388,46223,0,0,1,0,4,75,150,0,0,31,0,3,279,457,0,10,909,69,1521,28742,46830
112,"KOLBERG-KORLIN","KOS",0,22,1222,72,1836,29984,50147,0,1,15,0,15,260,891,0,0,23,0,11,288,478,0,23,1260,72,1862,30533,51519
113,"KOSLIN","KOS",0,80,1432,83,1875,26204,44157,0,4,12,1,26,148,510,0,0,19,0,2,284,431,0,84,1470,85,1909,26691,45189
114,"BUBLITZ","KOS",0,1,354,28,570,13642,21184,0,0,0,0,1,10,29,0,0,11,0,2,96,166,0,1,365,28,573,13748,21379
115,"SCHLAWE","KOS",0,26,1520,35,2213,45482,75571,0,0,5,0,2,185,347,1,0,16,0,1,406,612,1,26,1541,35,2216,46085,76547
116,"RUMMELSBURG","KOS",0,18,474,11,794,21642,33522,0,0,5,0,5,158,277,0,0,8,0,1,228,326,0,18,487,11,800,22044,34158
117,"STOLP","KOS",1,50,1933,29,3451,58281,96214,0,3,20,0,28,512,943,0,0,49,0,2,672,1146,1,53,2005,29,3482,59500,98370
118,"LAUENBURG","KOS",0,14,723,94,1247,24265,38735,0,1,28,9,102,1815,3060,0,0,11,0,0,359,485,0,15,766,103,1355,26617,42541
119,"BUTOW","KOS",1,0,473,96,590,12322,19345,0,1,79,28,135,2782,4391,0,0,13,1,2,288,431,1,1,567,125,727,15438,24235
120,"RUGEN","STR",0,10,1194,125,2038,25792,45847,0,0,3,0,4,48,118,0,0,1,0,0,5,13,0,10,1198,125,2043,25851,45988
121,"STRALSUND","STR",0,55,2137,65,1355,14308,27773,0,1,36,0,16,264,839,0,0,4,0,0,80,134,0,56,2178,65,1371,14666,28776
122,"FRANZBURG","STR",0,26,905,7,1703,24888,43512,0,0,1,0,12,54,135,0,0,0,0,0,18,31,0,26,907,7,1715,24976,43710
123,"GREIFSWALD","STR",0,47,2600,28,2320,32711,57670,0,0,152,0,11,258,811,0,0,18,0,2,98,189,0,47,2772,28,2333,33081,58694
124,"GRIMMEN","STR",0,2,683,20,1490,21103,36130,0,0,4,0,5,37,124,0,0,2,0,0,24,41,0,2,689,20,1495,21170,36302
125,"WRESCHEN","POS",0,0,59,0,106,1985,3237,1,8,392,10,1178,21653,35435,0,0,30,0,8,1115,1621,1,8,481,10,1292,24753,40293
126,"PLESCHEN","POS",0,5,163,2,270,4876,8119,0,3,571,18,1647,33230,52684,0,0,50,2,7,864,1370,0,8,785,22,1924,38982,62195
127,"SCHRODA","POS",0,1,188,10,257,4697,7794,1,4,751,37,1490,25320,42775,0,0,30,0,0,521,807,1,5,970,47,1747,30540,51384
128,"SCHRIMM","POS",0,2,180,9,261,5493,9466,0,4,795,20,1524,28969,47763,0,0,67,0,13,1141,1783,0,6,1042,29,1798,35603,59013
129,"KOSTEN","POS",1,3,348,4,240,5144,8605,0,10,905,42,1674,40049,64345,0,0,24,0,10,547,813,1,13,1277,46,1924,45741,73765
130,"BUK","POS",0,4,335,21,468,11058,18709,0,4,496,7,1102,24002,38959,0,0,66,0,15,1025,1576,0,8,897,28,1585,36085,59244
131,"POSEN","POS",1,47,824,21,1365,10494,22369,0,144,1592,60,2868,17945,36312,0,1,522,0,58,4558,7155,1,192,2938,81,4291,33000,65848
132,"POSEN","POS",0,9,339,7,314,7087,11600,1,94,785,9,1538,33415,54879,0,0,93,1,8,582,911,1,103,1217,17,1860,41084,67390
133,"OBORNIK","POS",0,5,410,0,428,9546,15944,0,3,443,7,909,17542,29503,0,0,57,1,13,1391,2101,0,8,910,8,1350,28479,47548
134,"SAMTER","POS",1,6,272,0,366,8063,13456,0,11,419,1,1112,22027,36611,0,1,75,0,19,1610,2462,1,18,766,1,1497,31700,52529
135,"BIRNBAUM","POS",0,15,405,2,563,15895,24767,0,5,307,1,565,13221,22256,0,0,59,0,5,618,1017,0,20,772,3,1133,29734,48047
136,"MESERITZ","POS",0,2,531,12,678,15245,25749,0,2,467,4,569,12362,20907,0,0,41,2,3,398,698,0,4,1039,18,1250,28015,47372
137,"BOMST","POS",0,0,545,13,510,15357,24652,0,1,380,39,774,17837,29722,0,0,35,1,3,526,865,0,1,960,53,1287,33720,55239
138,"FRAUSTADT","POS",0,14,817,8,798,12697,24020,1,11,679,14,1237,21736,38620,0,2,171,1,6,1373,2250,1,27,1677,23,2045,35855,64981
139,"KROBEN","POS",0,4,1077,10,770,12204,22496,0,13,1703,14,1509,33741,57521,0,0,203,2,8,1174,1937,0,17,2984,26,2287,47135,81983
140,"KROTOSCHIN","POS",0,4,458,19,660,10734,18166,0,8,829,72,1522,29928,49903,0,0,112,3,11,1578,2378,0,12,1400,94,2193,42246,70456
141,"ADELNAU","POS",0,2,206,3,345,6453,10834,0,4,589,19,1516,29641,48286,0,0,85,1,6,1415,2088,0,6,880,23,1867,37509,61210
142,"SCHILDBERG","POS",0,2,155,0,346,7074,11491,2,9,512,0,1317,28781,48646,0,0,162,1,23,2331,3438,2,11,829,1,1686,38186,63576
143,"CZARNIKAU","BRO",0,5,1006,2,943,26478,42589,0,1,301,1,745,13821,22858,0,0,103,0,17,1672,2608,0,6,1410,3,1705,41971,68055
144,"KOLMAR","BRO",0,12,623,44,849,20314,32505,0,2,238,23,643,12779,20030,0,0,114,5,13,1590,2379,0,14,978,72,1506,34731,54990
145,"WIRSITZ","BRO",1,2,418,2,949,18189,28926,0,4,292,0,883,16681,26916,0,0,76,0,18,1261,1923,1,6,786,2,1850,36131,57765
146,"BROMBERG","BRO",2,37,1276,11,1215,11806,23248,0,18,321,3,679,4760,9299,0,0,123,1,14,1328,1984,2,55,1723,15,1910,17961,34641
147,"BROMBERG","BRO",0,62,717,50,977,25056,39098,0,22,1134,36,894,18526,30247,0,0,57,0,6,826,1207,0,84,1908,86,1878,44439,70597
148,"SCHUBIN","BRO",0,1,357,2,545,12909,20373,0,9,618,2,1044,21022,34502,0,0,56,0,18,1287,1937,0,10,1031,4,1608,35232,56832
149,"INOWRAZLAW","BRO",1,11,386,3,851,15312,25125,0,15,663,4,1962,32993,57182,0,0,110,0,17,1539,2495,1,29,1162,7,2837,49916,84925
150,"MOGILNO","BRO",0,4,179,4,384,6405,10630,0,7,521,5,1190,20805,35148,0,0,27,0,6,743,1085,0,11,727,9,1580,27957,46871
151,"GNESEN","BRO",0,0,235,0,414,6660,11881,0,6,721,1,1955,29993,50291,0,0,78,0,19,1529,2299,0,6,1034,1,2388,38182,64473
152,"WONGROWITZ","BRO",0,0,220,3,297,5170,8735,0,2,668,5,1490,25762,44190,0,0,49,2,25,963,1470,0,2,937,10,1812,31895,54395
153,"NAMSLAU","BRE",0,5,492,8,575,11946,20952,0,6,306,4,448,8776,16304,0,0,21,1,1,262,426,0,11,819,13,1024,20984,37682
154,"WARTENBERG","BRE",0,8,772,2,725,18256,31204,0,2,453,3,472,10532,18501,0,0,9,0,8,288,443,0,10,1234,5,1205,29077,50149
155,"OLS","BRE",0,16,1388,8,1718,30733,56490,0,6,380,4,327,4983,9956,0,0,22,0,4,449,672,0,22,1790,12,2049,36165,67123
156,"TREBNITZ","BRE",0,9,1065,22,1080,21774,41049,0,4,337,12,304,5797,11267,0,0,2,0,1,79,130,0,13,1404,34,1386,27663,52474
157,"MILITSCH","BRE",0,17,819,86,982,24441,42287,0,6,264,19,309,5972,11145,0,0,6,3,1,218,335,0,23,1090,108,1292,30638,53783
158,"GUHRAU","BRE",0,15,1021,11,857,15357,29413,0,0,229,6,224,3487,7315,0,0,3,0,0,107,173,0,15,1253,17,1081,18961,36923
159,"STEINAU","BRE",0,26,492,10,575,10776,19680,0,5,103,1,187,2563,5079,0,0,6,0,2,87,154,0,31,602,11,764,13428,24918
160,"WOHLAU","BRE",0,12,995,30,995,18057,33758,0,4,447,14,377,7565,14446,0,0,15,0,0,84,173,0,16,1457,44,1372,25721,48405
161,"NEUMARKT","BRE",0,48,793,14,908,17068,31303,0,30,623,5,756,13793,25691,0,0,4,0,2,78,137,0,78,1424,19,1666,30984,57210
162,"BRESLAU","BRE",5,778,7928,226,9112,75866,154136,3,535,4768,181,6900,54357,106819,4,5,1421,17,109,10051,17252,12,1322,14153,425,16139,140655,278958
163,"BRESLAU","BRE",1,383,749,25,1092,26226,48255,0,232,470,7,728,16551,30799,0,0,13,0,1,98,156,1,615,1233,32,1821,42892,79241
164,"OHLAU","BRE",0,14,885,0,865,17642,32387,0,15,727,5,633,12475,24029,0,0,16,0,0,139,236,0,29,1628,5,1498,30266,56668
165,"BRIEG","BRE",0,73,2110,10,1558,26028,48695,0,36,966,2,499,3878,9970,0,0,34,0,0,373,572,0,109,3110,12,2057,30289,59256
166,"STREHLEN","BRE",0,102,795,41,775,15626,28882,0,6,149,8,258,3894,7492,0,0,12,0,0,101,162,0,108,956,49,1033,19633,36558
167,"NIMPTSCH","BRE",0,13,533,4,801,13520,24643,0,1,114,1,253,3769,7218,0,0,0,0,0,16,26,0,14,647,5,1054,17309,31892
168,"MUNSTERBERG","BRE",0,17,380,1,157,3382,6636,1,50,884,4,771,13698,26697,0,0,5,0,0,65,110,1,67,1270,5,928,17145,33444
169,"FRANKENSTEIN","BRE",0,18,302,8,243,5405,10135,0,39,1345,22,1127,20858,39941,0,0,7,0,1,92,147,0,57,1654,30,1371,26362,50233
170,"REICHENBACH","BRE",6,469,1013,23,1303,25482,48358,4,206,335,4,605,9283,19324,0,24,4,0,0,105,154,10,675,1354,27,1912,34931,67941
171,"SCHWEIDNITZ","BRE",4,467,2560,14,1973,30436,57855,2,238,1655,9,1140,17162,34054,0,0,15,0,1,275,443,6,707,4237,23,3119,47957,92525
172,"STRIEGAU","BRE",0,132,804,9,736,14162,25382,0,132,941,8,499,7760,15229,0,0,2,0,1,61,96,0,264,1750,18,1236,21999,40742
173,"WALDENBURG","BRE",3,586,2051,27,2080,47555,83189,0,202,424,7,899,16599,30102,0,0,9,0,4,280,429,3,794,2489,35,2986,64643,114077
174,"GLATZ","BRE",0,5,115,1,90,1803,3835,0,327,1544,41,1836,30855,59447,0,0,6,1,1,157,270,0,232,1665,43,1927,32930,63576
175,"NEURODE","BRE",3,5,28,1,31,854,1448,0,315,1125,27,968,27133,48519,0,0,0,0,0,11,14,3,320,1157,30,1005,28030,50053
176,"HABELSCHWERDT","BRE",0,5,87,2,28,715,1272,0,170,1542,38,1648,31625,60193,0,0,0,0,0,34,60,0,175,1629,40,1676,32388,61552
177,"GRUNBERG","LIE",1,234,950,32,1022,22490,41903,0,41,286,9,196,4742,8975,0,1,21,0,0,197,319,1,276,1259,41,1218,27443,51225
178,"FREISTADT","LIE",0,134,1115,37,1192,22850,43857,0,56,148,11,213,3273,6899,0,0,6,0,1,145,253,0,190,1272,48,1406,26297,51071
179,"SAGAN","LIE",1,383,1456,16,1040,25887,47676,0,118,286,11,251,4612,9139,0,0,12,0,1,123,207,1,501,1754,27,1292,30623,57025
180,"SPROTTAU","LIE",0,130,766,12,924,15588,30704,0,26,87,7,132,1929,4304,0,0,5,0,0,70,118,0,156,859,19,1056,17591,35142
181,"GLOGAU","LIE",0,42,1541,30,2214,26790,53587,0,22,594,17,780,9494,20934,0,0,81,0,3,617,1062,0,64,2218,47,2999,36924,75623
182,"LUBEN","LIE",0,53,797,5,760,16196,30097,0,5,65,0,87,1662,3520,0,0,3,0,0,51,82,0,58,865,5,847,17909,33699
183,"BUNZLAU","LIE",0,127,1950,19,1623,26549,50229,0,17,403,11,283,4415,8660,0,0,23,0,2,97,183,0,144,2376,30,1909,31075,59095
184,"GOLDBERG-HAINAU","LIE",0,68,1159,14,1523,23016,45701,0,2,70,1,118,1600,3356,0,0,5,0,0,77,141,0,70,1235,15,1644,24713,49238
185,"LIEGNITZ","LIE",1,136,1545,9,1600,15024,29786,0,35,213,3,400,3322,6958,1,0,25,0,1,604,969,2,171,1788,12,2002,18990,37794
186,"LIEGNITZ","LIE",0,62,1078,29,1386,21021,40150,0,3,68,2,143,2222,4447,0,0,0,0,0,3,7,0,65,1146,31,1529,23250,44618
187,"JAUER","LIE",0,52,979,2,926,14324,26871,0,35,333,0,414,2689,8204,0,1,6,0,1,36,84,0,88,1318,2,1341,17068,35195
188,"SCHONAU","LIE",0,98,414,14,708,11338,21949,2,15,76,5,83,1697,3365,0,0,0,0,0,14,19,2,113,490,19,791,13049,25333
189,"BOLKENHAIN","LIE",0,100,503,5,797,13724,26995,0,14,87,0,159,2754,5064,0,0,0,0,2,10,18,0,114,590,5,960,16519,32139
190,"LANDESHUT","LIE",0,264,483,16,534,11916,21915,0,260,391,5,572,12713,25950,0,0,12,0,1,143,220,0,526,888,21,1108,24909,48361
191,"HIRSCHBERG","LIE",1,1084,1689,70,2227,30172,57492,0,197,262,18,610,4888,10773,0,0,27,0,0,186,357,1,1281,1981,89,2837,35265,68669
192,"LOWENBERG","LIE",0,71,1004,31,1372,24867,47579,0,13,557,17,578,7975,16576,0,0,9,0,2,46,89,0,84,1576,48,1953,32932,64331
193,"LAUBAN","LIE",1,308,1044,30,1551,31201,59644,0,62,102,5,237,3328,6724,0,0,1,0,0,36,57,1,370,1150,35,1788,34584,66465
194,"GORLITZ","LIE",3,57,2982,15,2124,22530,44846,0,8,177,3,265,2711,5785,0,1,42,0,1,452,714,3,66,3206,18,2393,25775,51492
195,"GORLITZ","LIE",0,126,1274,65,1284,26312,49165,0,8,9,3,57,818,1564,0,0,0,0,1,7,11,0,134,1283,68,1342,27146,50755
196,"ROTHENBURG","LIE",1,68,744,22,1193,29525,50049,0,2,5,0,25,387,713,0,0,0,0,0,12,19,1,70,749,22,1218,29924,50781
197,"HOYERSWERDA","LIE",0,44,216,3,497,16990,28480,0,0,71,0,66,2279,4030,0,0,0,0,0,0,2,0,44,287,3,563,19269,32512
198,"KREUZBURG","OPP",0,12,845,31,834,17062,30653,0,16,385,15,396,6291,11885,0,0,30,0,1,479,776,0,28,1260,46,1231,23832,43314
199,"ROSENBERG","OPP",0,4,120,3,152,3597,5986,0,23,906,21,956,23144,39622,0,0,11,0,2,343,554,0,27,1037,24,1110,27085,46164
200,"OPPELN","OPP",2,8,545,10,349,7872,13271,1,87,2487,34,2263,54453,92990,0,0,51,0,9,775,1310,3,95,3084,44,2621,63100,107572
201,"GROSS STREHLITZ","OPP",0,6,56,11,87,1447,2332,0,51,1149,58,1352,34530,59013,0,0,38,0,6,759,1063,0,57,1243,69,1445,36736,62408
202,"LUBLINITZ","OPP",0,0,34,2,39,858,1439,0,15,591,12,942,23788,40532,0,0,17,1,8,580,895,0,15,642,15,989,25226,42866
203,"TOST-GLEIWITZ","OPP",0,18,198,5,116,2404,4362,0,353,1989,75,2402,50107,87000,0,0,91,0,9,1711,2628,0,371,2278,80,2527,54222,93990
204,"TARNOWITZ","OPP",0,12,84,1,69,1351,2180,1,55,1050,21,1006,24058,41312,0,0,28,0,4,755,1076,1,67,1162,22,1079,26167,44572
205,"BEUTHEN","OPP",0,25,201,2,210,5810,9392,0,303,2021,45,2631,61559,103098,0,1,115,0,25,2620,3851,0,329,2338,47,2866,69992,116347
206,"ZABRZE","OPP",0,4,31,1,45,1740,2637,0,39,546,76,970,30909,48493,0,0,12,0,10,659,942,0,43,589,77,1025,33308,52072
207,"KATTOWITZ","OPP",0,26,107,12,182,4045,6493,0,330,1761,96,2237,53526,86784,0,0,94,0,38,2599,3805,0,356,1962,108,2457,60173,97086
208,"PLESS","OPP",0,3,238,26,164,4842,8125,1,52,1558,41,2104,49942,84964,0,0,41,0,16,1011,1515,1,55,1837,67,2284,55797,94606
209,"RYBNIK","OPP",0,3,91,5,53,1548,2628,0,43,1405,97,1710,44769,74464,0,0,50,1,7,796,1214,0,46,1546,103,1770,47113,78307
210,"RATIBOR","OPP",1,6,206,2,124,2354,4128,0,230,3255,10,3056,67727,121526,0,0,109,0,5,1095,1743,1,236,3570,12,3185,71177,127401
211,"KOSEL","OPP",0,0,117,1,72,1374,2651,0,50,963,31,1453,36073,63200,0,1,8,3,4,168,282,0,51,1088,35,1529,37615,66133
212,"LEOBSCHUTZ","OPP",0,2,178,2,122,4005,6662,0,133,2642,14,1987,42852,78134,0,0,47,0,4,450,706,0,135,2867,16,2113,47307,85503
213,"NEUSTADT","OPP",0,13,237,9,185,4193,7448,0,30,2889,46,1940,47734,84093,0,0,24,0,5,299,507,0,43,3151,55,2130,52232,92059
214,"FALKENBERG","OPP",0,12,391,1,225,6537,11556,0,23,897,5,639,16045,28463,0,0,3,0,0,47,102,0,35,1291,6,864,22630,40122
215,"NEISSE","OPP",0,7,278,4,183,2623,6013,1,134,3505,172,2795,46837,92576,1,1,33,0,2,338,561,2,142,3816,176,2980,49803,99160
216,"GROTTKAU","OPP",0,1,74,1,75,1402,2584,0,109,1295,27,810,21653,40456,0,0,1,0,0,70,108,0,110,1371,28,885,23128,43154
217,"OSTERBURG","MAG",0,1,1376,51,1899,23426,44278,0,0,2,1,10,92,329,0,0,6,0,1,50,78,0,1,1386,52,1911,23598,44736
218,"SALZWEDEL","MAG",2,40,929,41,1975,27298,49998,0,0,3,0,4,93,270,0,0,5,0,1,70,118,2,40,937,41,1980,27463,50391
219,"GARDELEGEN","MAG",0,19,853,27,1593,29346,50379,0,0,2,0,3,83,205,0,0,3,0,0,24,40,0,19,858,27,1596,29453,50624
220,"STENDAL","MAG",0,125,1523,77,1674,29973,54664,0,3,10,1,17,291,689,0,1,6,0,1,63,102,0,129,1539,78,1692,30341,55474
221,"JERICHOW I","MAG",2,222,1537,42,1931,39348,68228,1,4,25,4,20,438,1039,0,0,1,0,0,16,32,3,231,1565,47,1952,39938,69532
222,"JERICHOW II","MAG",0,11,853,16,1770,31339,54658,0,1,5,0,19,115,459,0,0,4,0,0,36,64,0,12,863,16,1789,31512,55214
223,"KALBE","MAG",3,346,2420,84,1959,50801,86235,0,24,11,0,24,1087,2930,0,0,5,1,0,144,224,3,370,2439,86,1983,52065,89466
224,"WANZLEBEN","MAG",2,691,848,44,1366,38766,67014,0,163,44,6,94,4395,10444,0,0,2,0,0,38,78,2,854,895,50,1460,43205,77553
225,"MAGDEBURG","MAG",10,778,4512,37,5846,68121,130136,1,73,136,0,175,3453,7334,0,0,77,0,6,975,1650,12,857,4763,37,6037,73265,140351
226,"WOLMIRSTEDT","MAG",0,159,704,70,1338,29138,49789,0,16,15,3,15,494,1228,0,0,1,0,0,35,56,0,175,720,73,1353,29680,51094
227,"NEUHALDENSLEBEN","MAG",0,118,852,19,1487,30067,52787,0,21,29,3,45,1228,3453,0,0,2,0,0,44,75,0,139,883,22,1532,31346,56326
228,"OSCHERSLEBEN","MAG",2,132,790,39,1102,25417,45382,0,31,42,4,79,2709,6082,0,0,7,0,2,57,111,2,163,839,43,1183,28188,51585
229,"ASCHERSLEBEN","MAG",1,119,2262,80,1998,38283,68717,0,1,26,0,47,1026,2594,0,0,8,0,3,127,235,1,120,2299,80,2048,39476,71614
230,"HALBERSTADT","MAG",1,160,2252,110,2014,34685,62890,0,17,107,15,83,1843,3964,0,0,53,0,18,366,660,1,177,2423,126,2117,36979,67659
231,"WERNIGERODE","MAG",2,80,985,35,832,14393,24713,0,1,6,0,2,67,151,0,0,3,0,0,17,31,2,81,994,35,835,14481,24903
232,"LIEBENWERDA","MER",0,48,1180,8,890,27495,46644,0,0,4,0,9,122,277,0,0,0,0,0,8,11,0,48,1184,8,899,27625,46932
233,"TORGAU","MER",3,26,2844,43,1278,28952,54132,0,0,14,0,13,188,631,0,0,1,0,0,17,24,3,26,2859,43,1291,29165,54807
234,"SCHWEINITZ","MER",1,12,889,0,858,24823,41960,0,0,1,0,5,92,204,0,0,0,0,0,0,0,1,12,890,0,863,24916,42165
235,"WITTENBERG","MER",1,34,1483,40,1325,29695,52578,0,0,8,0,3,183,503,0,0,2,0,0,12,30,1,34,1498,40,1331,29953,53215
236,"BITTERFELD","MER",0,99,978,32,1194,30396,50985,0,1,1,0,4,207,635,0,0,2,0,0,7,12,0,100,981,32,1198,30625,51652
237,"SAALKREIS","MER",2,262,1595,46,1507,43015,72097,0,7,27,0,15,421,946,0,0,1,0,1,55,73,2,269,1624,46,1523,43513,73144
238,"HALLE","MER",19,430,4745,51,3119,37264,68330,2,21,456,1,47,1204,2726,0,0,37,0,0,372,643,21,451,5251,52,3166,38899,71808
239,"DELITZSCH","MER",0,32,1452,21,1650,33112,58444,0,2,11,0,12,251,502,0,0,0,0,0,29,53,0,34,1463,21,1662,33405,59026
240,"MANSFELDER GEBIRGSKR","MER",0,58,1014,37,1094,31701,52151,0,1,3,2,11,664,2003,0,0,2,0,0,31,58,0,59,1020,39,1105,32397,54215
241,"MANSFELDER SEEKREIS","MER",0,104,1765,48,1964,46358,77927,0,4,13,1,29,1556,3470,0,0,4,0,1,95,165,0,108,1788,49,1994,48039,81618
242,"SANGERHAUSEN","MER",0,116,1484,32,1491,41947,68917,0,0,9,0,13,223,657,0,0,2,0,0,35,66,0,116,1495,32,1505,42218,69662
243,"ECKARTSBERGA","MER",1,20,414,9,857,23853,39475,0,0,1,0,9,52,165,0,0,0,0,0,1,4,1,20,415,9,866,23907,39646
244,"QUERFURT","MER",0,110,766,17,1326,33015,56738,0,5,3,0,29,173,655,0,0,0,0,0,1,6,0,115,771,17,1355,33198,57421
245,"MERSEBURG","MER",6,227,1539,69,1855,40599,69453,0,7,23,0,26,355,1036,0,0,0,0,0,15,26,6,284,1564,69,1881,40983,70540
246,"WEISSENFELS","MER",1,777,1366,73,1730,46852,78147,0,6,8,1,19,528,1104,0,0,3,0,0,39,63,1,783,1378,75,1750,47433,79350
247,"NAUMBURG","MER",0,74,1496,10,1367,16988,30900,0,2,14,0,24,196,506,0,0,3,0,0,20,29,0,76,1516,10,1391,17220,31464
248,"ZEITZ","MER",2,208,1419,9,1207,26299,45502,0,1,188,0,5,161,645,0,0,0,0,0,33,51,2,209,1607,9,1212,26504,46212
249,"NORDHAUSEN","ERF",0,160,996,17,1260,13494,24032,1,5,52,1,40,720,1317,1,0,21,0,7,312,498,2,166,1095,18,1307,14735,26183
250,"NORDHAUSEN","ERF",0,118,504,49,691,26215,42156,0,1,8,1,17,501,824,0,0,8,0,7,129,228,0,119,521,50,715,26859,43229
251,"WORBIS","ERF",0,3,104,16,185,5724,9235,0,71,308,48,356,18935,30116,0,0,0,0,0,0,1,0,74,412,64,541,24660,39354
252,"HEILIGENSTADT","ERF",0,5,87,0,129,1935,3284,1,54,699,26,604,21003,34300,0,0,7,0,0,62,102,1,59,793,26,733,23001,37687
253,"MUHLHAUSEN","ERF",1,65,932,3,961,22934,40323,0,11,103,1,159,9718,16023,0,0,7,0,0,83,141,1,76,1042,4,1120,32737,56497
254,"LANGENSALZA","ERF",0,257,599,6,755,21488,36160,0,2,4,0,5,145,305,2,0,0,0,0,0,3,2,259,605,6,760,21646,36494
255,"WEISSENSEE","ERF",0,10,315,1,500,16076,26450,0,0,7,0,4,208,333,0,0,1,0,0,17,24,0,10,324,1,505,16313,26828
256,"ERFURT","ERF",0,14,2203,41,1983,23421,45014,0,3,336,4,179,4319,8393,0,0,34,4,5,376,592,0,17,2580,49,2171,28215,54169
257,"ERFURT","ERF",0,42,314,4,292,13533,22474,0,2,38,0,13,1560,2613,0,0,0,0,0,0,0,0,45,352,4,305,15093,25089
258,"ZIEGENRUCK","ERF",0,70,107,3,227,9171,15559,0,1,2,0,0,41,74,0,0,0,0,0,0,0,0,71,109,3,227,9212,15633
259,"SCHLEUSINGEN","ERF",0,215,476,139,661,25425,40901,0,4,4,9,7,324,939,0,0,13,0,2,103,174,0,219,493,148,670,25926,42117
260,"HADERSLEBEN","SCH",0,11,1412,170,3759,31591,58398,0,0,2,0,0,15,46,0,0,1,0,0,1,4,0,11,1478,175,3768,31776,58868
261,"APENRADE","SCH",0,14,849,34,1785,15199,29154,0,0,0,0,1,35,88,0,0,1,0,0,14,22,0,14,852,34,1786,15255,29281
262,"SONDERBURG","SCH",1,9,1437,29,1852,17534,33400,0,0,0,0,2,28,76,0,0,0,0,0,6,9,1,9,1440,29,1855,17579,33514
263,"FLENSBURG","SCH",0,170,2541,83,3356,39025,71488,0,3,7,1,5,128,262,0,0,0,0,1,26,56,0,173,2549,84,3363,39192,71826
264,"SCHLESWIG","SCH",3,32,3207,154,2635,34113,61250,0,1,9,0,12,212,405,0,0,18,0,3,140,231,3,34,3242,156,2664,34558,62052
265,"ECKERNFORDE","SCH",0,26,1081,67,2017,21190,37126,0,0,1,0,1,36,254,0,0,0,0,0,7,9,0,26,1083,67,2023,21250,37420
266,"EIDERSTEDT","SCH",0,1,492,29,1105,9797,16951,0,0,0,0,1,8,24,0,0,0,0,0,0,2,0,1,492,29,1106,9809,16983
267,"HUSUM","SCH",1,13,809,90,1790,20602,35283,0,0,2,4,17,196,353,0,0,0,0,0,0,1,1,13,812,95,1809,20819,35675
268,"TONDERN","SCH",0,6,1437,67,3471,30707,55973,0,0,7,0,0,0,19,0,0,0,0,0,7,12,0,6,1444,67,3471,30718,56013
269,"OLDENBURG","SCH",0,20,1192,53,2419,26119,45439,0,0,3,0,2,11,47,0,0,0,0,0,6,11,0,20,1195,53,2422,26136,45498
270,"PLON","SCH",0,8,1304,15,2627,32698,56483,0,0,6,0,6,254,494,0,0,1,0,0,18,26,0,8,1313,15,2633,33002,57053
271,"KIEL","SCH",2,75,2514,125,3998,47041,86439,0,0,29,5,29,636,1678,0,0,20,3,3,143,256,2,75,2563,133,4030,47833,88390
272,"RENDSBURG","SCH",1,159,2525,56,2322,28900,52767,1,49,52,0,5,125,420,0,0,16,0,0,57,105,2,208,2594,56,2329,29100,53322
273,"NORDERDITHMARSCHEN","SCH",0,20,856,30,1812,21345,35976,0,0,1,0,3,61,306,0,0,0,0,0,1,3,0,20,857,30,1815,21407,36285
274,"SUDERDITHMARSCHEN","SCH",0,13,1074,14,1891,23736,40669,0,0,0,0,5,17,89,0,0,0,0,0,3,6,0,13,1074,14,1897,23756,40765
275,"STEINBURG","SCH",2,235,3012,43,2976,33370,60956,0,3,78,0,4,119,327,0,0,5,0,0,31,55,2,238,3095,43,2980,33550,61384
276,"SEGEBERG","SCH",1,1,1010,19,1681,23277,39886,0,0,2,0,2,26,54,0,0,0,0,0,50,72,1,1,1012,19,1683,23356,40017
277,"STORMARN","SCH",2,125,1764,39,2963,40105,69281,0,1,13,0,21,274,571,0,0,27,0,1,297,462,2,126,1812,39,2989,40709,70388
278,"PINNEBERG","SCH",1,104,2271,44,3167,38428,68805,0,3,13,0,6,140,279,0,0,17,1,4,98,166,1,107,2308,45,3183,38715,69341
279,"ALTONA","SCH",3,101,2629,202,3762,56290,104749,0,5,54,11,60,1555,3044,0,1,147,1,23,1122,1993,3,109,2846,214,3854,59185,110183
280,"LAUENBURG","SCH",0,44,1305,161,2478,26736,49493,0,1,1,1,5,60,361,0,0,2,0,0,5,14,0,45,1308,162,2483,26801,49869
281,"DIEPHOLZ","HAN",0,11,358,29,1759,27655,47151,0,1,20,0,126,2143,3733,0,0,0,0,2,217,320,0,12,379,29,1889,30056,51277
282,"HOYA","HAN",0,8,325,81,1762,26021,44464,0,0,0,0,5,60,153,0,0,5,3,1,107,161,0,8,330,84,1769,26193,44789
283,"NIENBURG","HAN",3,46,491,49,1844,30934,51053,0,1,6,1,14,211,390,0,0,16,0,4,235,369,3,47,513,50,1862,31383,51816
284,"HANNOVER","HAN",11,29,5884,39,6954,56490,110152,0,5,282,4,486,5069,10338,0,1,284,4,66,2066,3501,11,36,6475,47,7520,63812,124321
285,"HANNOVER","HAN",4,788,1659,210,2003,49213,84108,0,76,38,12,62,2331,4319,2,0,13,1,5,250,407,6,864,1712,223,2070,51814,88872
286,"WENNIGSEN","HAN",0,68,842,68,1525,27958,48274,0,0,8,0,8,203,629,0,1,15,0,9,247,408,0,69,867,70,1544,28415,49333
287,"HAMELN","HAN",3,196,1725,77,2041,28360,50118,1,3,99,1,15,529,1146,0,0,53,0,7,292,498,4,199,1878,78,2064,29184,51775
288,"HILDESHEIM","HIL",6,223,2511,54,1848,24446,48193,4,95,821,11,927,13498,23304,0,0,51,1,2,452,760,10,318,3388,66,2777,38401,72278
289,"MARIENBURG","HIL",4,185,853,124,1237,25494,44131,1,36,166,28,276,6297,10924,0,0,4,1,6,93,177,5,221,1023,153,1519,31897,55250
290,"LIEBENBURG","HIL",1,107,1156,63,1732,27182,48684,0,24,102,17,151,3247,6187,0,0,5,0,0,53,91,1,131,1264,80,1883,30497,54988
291,"OSTERODE AM HARZ","HIL",8,315,724,52,1020,24737,41229,0,65,390,45,279,13730,21503,0,0,6,0,0,109,167,8,380,1121,97,1299,38579,62905
292,"GOTTINGEN","HIL",1,269,2804,117,2574,39260,69782,0,11,176,6,92,1190,2714,0,0,86,3,7,509,846,1,280,3099,126,2675,40985,73412
293,"EINBECK","HIL",2,83,1794,142,1909,37890,65244,0,2,309,2,34,837,2208,0,0,34,1,8,401,639,2,85,2137,145,1958,39191,68192
294,"ZELLERFELD","HIL",2,61,2557,50,868,25485,43088,0,0,17,0,5,139,270,0,0,1,0,0,17,24,2,61,2581,50,873,25647,43401
295,"CELLE","LUN",1,112,2602,52,2414,35809,67512,0,9,226,3,38,600,1630,0,0,27,0,4,211,363,1,121,2857,55,2456,36642,69538
296,"GIFHORN","LUN",4,31,597,59,1690,29667,52350,0,1,4,0,11,143,700,0,0,1,0,0,12,24,4,32,604,59,1704,29905,53216
297,"FALLINGBOSTEL","LUN",1,92,711,54,2163,29023,51238,0,0,3,1,11,78,159,0,0,3,0,1,56,92,1,92,717,55,2177,29159,51496
298,"ULZEN","LUN",0,15,755,23,1848,22678,43105,0,0,10,3,11,93,243,0,0,3,1,2,45,71,0,15,770,27,1861,22833,43460
299,"DANNENBERG","LUN",2,10,826,24,1531,29066,52975,0,0,5,0,1,31,76,0,0,2,0,1,39,63,2,10,834,24,1534,29139,53119
300,"LUNEBURG","LUN",1,84,1646,53,2312,27403,50644,0,0,21,1,18,305,660,0,0,6,0,3,101,170,1,84,1679,54,2334,27821,51501
301,"HARBURG","LUN",1,357,897,83,2278,43434,75551,1,10,9,2,14,418,881,0,0,9,1,0,125,213,2,367,916,86,2293,44038,76748
302,"STADER MARSCHKREIS","STA",1,8,804,87,1566,22654,40945,0,0,1,0,5,18,127,0,0,2,0,0,10,22,1,8,808,87,1573,22691,41119
303,"STADER GEESTKREIS","STA",2,182,1143,45,2178,29997,53560,0,2,14,0,12,236,519,0,0,5,1,1,72,115,2,184,1164,47,2192,30334,54241
304,"NEUHAUS","STA",2,170,679,37,1225,16105,28543,0,19,0,1,0,21,83,0,0,2,0,1,15,30,2,189,681,38,1226,16141,28657
305,"OTTERNDORF","STA",0,7,563,25,880,9866,17542,0,2,1,0,0,27,71,0,0,1,0,1,2,5,0,9,566,25,881,9902,17631
306,"LEHE","STA",0,36,811,183,2161,34643,59380,0,0,10,10,31,708,1240,0,0,11,3,4,277,421,0,36,832,196,2196,35642,61064
307,"OSTERHOLZ","STA",4,291,564,93,1279,27442,45695,0,6,3,1,10,296,553,0,0,8,0,8,154,262,4,297,575,95,1298,27909,46545
308,"VERDEN","STA",0,32,821,31,1543,25446,43360,0,2,9,0,9,421,876,0,0,4,0,4,160,234,0,34,836,31,1561,26056,44523
309,"ROTENBURG","STA",0,11,258,18,1040,18065,31631,0,0,1,0,0,16,37,0,0,2,0,1,28,48,0,11,261,18,1041,18109,31716
310,"MEPPEN","OSN",0,3,52,1,61,1053,1828,3,37,461,34,1342,29502,54692,0,0,7,1,4,267,414,3,40,520,36,1407,30825,56940
311,"LINGEN","OSN",0,43,550,55,956,15386,28202,0,39,381,26,991,17561,30735,0,0,6,2,4,249,379,0,82,937,83,1951,33196,59320
312,"BERSENBRUCK","OSN",0,47,277,19,820,13594,23778,0,13,115,10,736,11046,19424,0,0,1,0,1,56,90,0,60,393,29,1557,24696,43308
313,"OSNABRUCK","OSN",1,48,1424,43,1899,29275,50279,1,28,587,19,1004,16364,27009,0,0,9,1,0,257,411,2,76,2022,63,2905,45902,77715
314,"MELLE","OSN",1,48,293,9,948,15220,25336,0,32,199,30,907,14452,23993,0,0,3,0,0,34,51,1,80,495,39,1855,29706,49380
315,"AURICH","AUR",1,31,1259,154,2737,42973,77056,0,7,21,9,37,557,2098,0,0,20,5,14,510,836,1,38,1301,168,2794,44192,80252
316,"EMDEN","AUR",2,34,1638,293,2887,33134,59459,0,2,23,0,31,478,1129,0,0,32,5,8,678,1152,2,37,1712,303,2934,34535,62146
317,"LEER","AUR",0,129,1140,219,2288,35656,61809,0,7,47,7,95,2091,3583,0,0,9,1,15,417,652,0,138,1211,229,2431,38649,66880
318,"TECKLENBURG","MUN",0,16,596,5,1053,15997,26970,2,27,222,1,700,11562,19210,27,15,12,0,4,142,226,2,43,830,6,1757,27701,46406
319,"WARENDORF","MUN",0,0,15,1,5,163,315,0,9,369,26,790,15210,27546,0,0,2,0,1,64,97,0,9,386,27,796,15437,27958
320,"BECKUM","MUN",0,3,10,0,29,591,1077,5,50,314,14,1726,23695,41371,0,0,3,0,0,199,303,5,53,327,14,1755,24485,42753
321,"LUDINGHAUSEN","MUN",0,7,31,1,35,274,587,0,17,457,77,1582,22938,39677,0,0,2,0,6,146,246,0,24,490,78,1623,23358,40510
322,"MUNSTER","MUN",1,22,613,4,186,2725,6274,1,178,2835,22,2126,15780,33409,1,0,56,0,10,430,700,3,200,3506,26,2322,18938,40394
323,"MUNSTER","MUN",0,0,5,0,12,75,289,0,11,394,22,1566,20255,37225,0,0,3,0,1,92,127,0,11,402,22,1579,20422,37641
324,"STEINFURT","MUN",0,43,198,0,185,3131,5381,0,518,515,3,1346,23482,42843,0,0,10,0,7,314,491,0,561,726,3,1539,26941,48743
325,"KOESFELD","MUN",0,3,21,0,31,331,596,0,10,459,20,1515,23003,41112,0,0,1,0,5,168,267,0,13,481,20,1551,23502,41975
326,"AHAUS","MUN",0,182,15,2,28,700,1286,0,329,293,22,1042,18693,34058,0,0,3,0,6,201,308,0,511,311,24,1076,19594,35653
327,"BORKEN","MUN",2,12,27,2,54,1080,1833,2,514,335,8,1069,22511,40669,1,0,15,0,7,258,411,5,526,377,10,1130,23849,42914
328,"RECKLINGHAUSEN","MUN",0,8,4,4,87,2088,3409,0,79,802,46,2069,37939,62528,0,0,1,0,3,93,159,0,87,807,50,2159,40126,66106
329,"MINDEN","MIN",4,119,1052,55,2667,43806,72936,0,0,94,5,111,1813,3503,0,0,27,0,4,263,492,4,119,1180,60,2782,45921,77000
330,"LUBBECKE","MIN",0,12,234,75,1496,28839,45779,0,0,8,0,14,123,224,0,0,5,0,0,154,262,0,12,247,75,1510,29120,46271
331,"HERFORD","MIN",0,205,732,125,2043,43362,72150,0,3,59,4,51,1088,1851,0,0,10,1,9,302,490,0,208,802,130,2103,44778,74527
332,"HALLE","MIN",1,66,163,25,993,16553,27520,0,1,5,0,39,281,521,0,0,1,0,4,72,129,1,67,169,25,1036,16921,28203
333,"BIELEFELD","MIN",1,890,328,135,1136,15408,26971,0,91,28,14,113,1839,3478,0,0,61,0,4,520,814,1,981,419,149,1253,17822,31343
334,"BIELEFELD","MIN",5,405,776,50,922,23091,39322,0,16,39,3,13,584,1034,0,0,3,0,0,40,59,5,421,819,53,936,23744,40457
335,"WIEDENBRUCK","MIN",0,25,373,6,424,5818,10315,0,22,307,15,1093,18937,31695,0,0,11,0,6,213,354,0,47,691,21,1523,24969,42366
336,"PADERBORN","MIN",0,1,117,12,125,1483,3356,7,93,967,140,1690,22903,39704,0,0,18,0,8,278,467,7,94,1102,152,1823,24664,43527
337,"BUREN","MIN",0,0,13,5,36,364,712,0,8,305,25,1134,21241,34189,0,0,9,0,9,404,580,0,8,327,30,1179,22009,35481
338,"WARBURG","MIN",0,1,46,6,139,1182,2283,0,19,474,48,832,16751,27665,0,0,41,0,9,593,886,0,20,562,54,980,18537,30848
339,"HOXTER","MIN",0,25,192,4,296,2863,5476,1,52,589,20,1469,27224,44192,0,0,42,0,21,726,1137,1,77,823,24,1786,30817,50812
340,"ARNSBERG","ARN",2,13,73,3,64,1434,2470,6,254,381,59,1414,23393,38284,0,1,4,0,9,236,363,8,268,459,62,1487,25067,41124
341,"MESCHEDE","ARN",0,20,17,1,16,914,1441,0,206,236,19,1231,20180,33581,0,0,3,0,0,145,209,0,226,256,20,1247,21239,35231
342,"BRILON","ARN",2,8,44,9,86,559,1155,0,69,774,199,847,22489,36344,0,0,23,0,11,461,706,2,77,843,208,946,23532,38245
343,"LIPPSTADT","ARN",1,17,422,1,131,2001,4196,0,146,573,28,1391,19011,32528,0,0,26,0,14,387,665,1,163,1021,29,1536,21399,37391
344,"SOEST","ARN",0,31,632,29,682,11379,20500,0,113,341,70,1371,17080,29360,0,0,16,0,8,339,541,0,144,990,99,2061,28810,50420
345,"HAMM","ARN",1,475,1256,140,1643,24975,42614,2,699,593,73,955,15455,25233,0,0,22,0,6,330,541,3,1177,1871,214,2607,40783,68437
346,"DORTMUND","ARN",1,138,1160,9,1338,23085,38382,0,108,576,6,955,19732,31607,0,0,17,0,12,614,1005,1,247,1754,15,2306,43486,71079
347,"DORTMUND","ARN",1,379,1858,59,2337,49632,77984,0,273,644,26,1032,26873,41507,0,0,18,0,16,715,1095,1,652,2521,85,3387,77253,120634
348,"BOCHUM","ARN",8,139,218,12,492,8346,14472,2,174,320,26,759,13172,21550,0,0,14,0,5,431,673,10,313,554,38,1257,21984,36747
349,"BOCHUM","ARN",2,1130,2064,222,2832,74480,118190,2,714,1372,157,1865,59241,92698,0,0,16,0,4,914,1396,4,1845,3459,380,4701,134826,212559
350,"HAGEN","ARN",3,750,1798,113,2882,64374,104253,0,119,222,13,601,13903,21933,0,1,12,0,7,261,481,3,880,2038,128,3507,79007,127374
351,"ISERLOHN","ARN",5,582,663,139,1103,21736,36340,4,478,298,42,860,15627,25511,0,0,23,0,4,447,657,10,1060,984,181,1968,37850,62569
352,"ALTENA","ARN",7,1908,567,208,1696,36967,61910,1,173,28,17,262,3134,5806,0,0,8,0,3,155,256,8,2090,606,225,1967,40513,68371
353,"OLPE","ARN",0,85,68,3,36,943,1762,1,419,326,59,1135,19748,33063,0,0,0,3,1,55,82,1,504,397,62,1172,20747,34909
354,"SIEGEN","ARN",3,402,914,69,1570,34245,58879,1,45,130,12,368,6584,12116,0,0,5,0,3,133,198,4,447,1052,81,1954,41393,71822
355,"WITTGENSTEIN","ARN",0,16,169,19,398,11628,18993,0,1,10,1,13,474,684,0,0,1,5,0,248,374,0,17,184,20,411,12363,20072
356,"KASSEL","KAS",5,174,3341,25,3696,25898,52825,0,16,288,2,257,2388,5119,1,0,206,0,36,1307,2105,6,191,3840,28,4019,29677,60115
357,"KASSEL","KAS",0,465,578,45,774,26357,43022,0,3,19,2,10,446,730,0,0,0,8,1,152,233,0,469,606,47,789,27052,44131
358,"ESCHWEGE","KAS",0,51,268,57,1060,24350,39814,0,2,216,0,28,389,909,0,1,54,1,14,899,1395,0,54,538,58,1102,25655,42148
359,"FRITZLAR","KAS",0,14,329,36,483,13700,22958,0,0,136,2,76,1292,2313,0,0,0,9,0,702,1020,0,14,506,38,568,15694,26291
360,"HOFGEISMAR","KAS",1,82,610,39,733,21296,35190,0,3,15,1,9,189,610,0,0,24,0,4,387,601,1,85,653,40,747,21960,36539
361,"HOMBERG","KAS",0,18,595,94,529,12456,21485,0,0,3,0,3,96,165,0,0,8,1,6,263,390,0,18,606,96,538,12833,22073
362,"MELSUNGEN","KAS",0,104,646,30,548,16584,26737,0,1,94,0,0,57,188,0,0,30,1,11,533,813,0,105,773,31,560,17209,27799
363,"ROTENBURG","KAS",0,5,383,54,644,17767,28524,0,0,8,1,8,214,370,0,0,23,1,9,603,891,0,5,414,56,661,18610,29824
364,"WITZENHAUSEN","KAS",0,250,387,32,607,18443,29359,0,0,2,0,2,139,244,0,0,13,1,2,209,303,0,253,403,33,612,18868,30031
365,"WOLFHAGEN","KAS",0,2,533,5,570,12708,20540,0,0,98,0,19,1826,3010,0,0,0,41,10,368,582,0,2,673,5,600,14908,24146
366,"MARBURG","KAS",0,35,1450,65,1042,21571,39337,0,2,155,4,86,698,1570,0,0,0,41,15,410,648,0,38,1651,69,1146,22801,41779
367,"FRANKENBERG","KAS",0,11,224,65,487,13876,22354,0,0,22,0,1,67,160,0,0,12,0,0,458,617,0,11,258,65,490,14465,23220
368,"KIRCHHAIN","KAS",0,6,167,18,208,7341,12298,0,3,118,11,142,5402,9360,0,0,0,12,9,574,854,0,9,297,29,359,13319,22515
369,"ZIEGENHAIN","KAS",0,24,932,99,719,18319,31215,0,1,5,0,2,77,128,0,0,13,0,5,606,901,0,25,950,99,726,19013,32264
370,"FULDA","KAS",0,18,177,3,102,1909,3268,3,110,1350,82,991,24925,42471,0,0,37,0,15,371,565,3,128,1564,85,1108,27205,46304
371,"HERSFELD","KAS",0,99,549,63,691,19655,31354,0,0,7,1,10,178,391,0,0,14,1,5,385,528,0,99,577,66,711,20300,32411
372,"HUNFELD","KAS",0,4,101,10,169,4553,7405,0,4,339,49,246,8939,15102,0,0,27,8,7,854,1198,0,8,467,67,422,14346,23705
373,"HANAU","KAS",7,529,1268,117,1820,37827,66296,1,133,182,27,647,8108,15618,0,2,62,5,35,1234,2080,8,664,1513,149,2505,47274,84170
374,"GELNHAUSEN","KAS",0,14,232,69,438,16266,26469,0,53,147,39,207,8229,13828,0,0,20,5,19,715,1071,0,67,399,113,664,25227,41398
375,"SCHLUCHTERN","KAS",0,8,398,45,440,12188,19894,0,29,103,14,102,4761,7739,0,0,21,6,13,703,1045,0,37,522,65,555,17652,28678
376,"SCHMALKALDEN","KAS",0,163,340,31,535,18554,30062,0,0,1,0,2,40,74,0,0,12,0,0,188,287,0,168,355,31,540,18840,30511
377,"RINTELN","KAS",0,23,878,60,1318,22641,37588,0,1,29,1,12,311,618,0,0,9,1,4,208,329,0,24,917,62,1334,23171,38549
378,"GERSFELD","KAS",0,0,208,4,154,4743,8075,0,2,301,15,210,7654,13041,0,0,19,0,11,371,560,0,2,528,19,375,12768,21677
379,"DILLKREIS","WIE",0,17,510,35,672,20806,36300,0,4,7,4,20,656,1064,0,0,1,1,1,70,98,0,21,524,40,698,21924,38091
380,"OBERWESTERWALDKREIS","WIE",0,11,108,17,208,13779,22691,0,15,101,27,151,7625,12379,0,0,8,0,2,162,281,0,26,217,44,361,21572,35364
381,"UNTERWESTERWALDKREIS","WIE",0,12,137,2,159,5332,8712,0,40,689,44,717,28123,46797,0,0,13,1,0,356,537,0,52,839,47,876,33811,56047
382,"OBERLAHNKREIS","WIE",1,23,325,66,710,18971,30830,0,28,365,56,389,16568,26578,0,0,14,2,5,529,818,1,51,704,124,1104,36071,58232
383,"UNTERLAHNKREIS","WIE",2,42,1028,7,1120,29771,50468,1,50,501,5,734,11896,20341,0,0,38,0,21,814,1325,3,92,1569,12,1875,42488,72148
384,"RHEINGAUKREIS","WIE",0,19,689,5,519,9538,16464,1,131,1179,11,1064,26581,44077,0,0,36,0,1,356,540,1,150,1910,16,1584,36496,61127
385,"WIESBADEN","WIE",2,17,2638,38,2445,17111,32618,0,14,822,20,1645,8009,15956,0,0,118,0,42,693,1182,2,31,3653,60,4146,26031,50164
386,"WIESBADEN","WIE",7,448,554,156,890,21778,37393,2,477,447,156,743,19078,32226,0,1,29,3,22,721,1143,9,927,1033,315,1655,41613,70819
387,"OBERTAUNUSKREIS","WIE",2,138,959,47,805,16826,29362,0,195,317,41,598,15292,25701,0,0,54,0,29,744,1103,2,333,1332,88,1435,32929,56282
388,"UNTERTAUNUSKREIS","WIE",0,80,294,32,596,17906,28910,0,51,206,33,275,8216,13320,0,0,21,1,6,570,828,0,131,521,66,877,26693,43061
389,"FRANKFURT","WIE",3,130,4400,79,7797,44853,92341,6,71,1153,36,5340,21685,46134,1,1,1297,3,529,7436,14012,11,202,6866,119,13674,74112,152778
390,"BIEDENKOPF","WIE",0,83,172,35,463,22992,39374,0,0,2,0,2,95,174,0,0,10,5,8,336,550,0,83,184,40,475,23472,40179
391,"KOBLENZ","KOB",2,32,735,14,393,5984,12915,3,219,2237,131,2678,36829,69835,0,0,44,4,21,858,1340,5,251,3024,149,3094,43694,84145
392,"SANKT GOAR","KOB",0,3,313,7,150,4103,7049,0,16,425,33,599,18864,31859,0,0,9,0,2,258,400,0,19,750,40,751,23263,39370
393,"KREUZNACH","KOB",1,93,649,107,1131,21498,37356,0,112,254,89,1093,17202,29281,0,0,65,1,22,1160,1783,1,205,971,197,2248,39989,68621
394,"SIMMERN","KOB",0,68,148,43,340,12385,20828,1,102,78,46,252,9356,14923,0,0,3,2,1,353,533,1,170,229,91,593,22129,36341
395,"ZELL","KOB",0,5,73,17,167,6028,10027,0,4,110,36,339,12342,20227,0,0,1,4,1,186,272,0,9,187,53,507,18556,30571
396,"KOCHEM","KOB",0,0,13,3,7,243,411,0,8,204,56,540,20948,36498,0,0,6,0,4,286,457,0,8,223,59,551,21482,37372
397,"MAYEN","KOB",0,2,166,1,23,521,1119,2,32,1000,165,1362,32681,56041,0,0,26,1,7,607,957,2,34,1193,167,1393,33839,58165
398,"ADENAU","KOB",0,0,1,1,0,31,78,0,9,80,31,290,13023,21499,0,0,0,0,0,6,9,0,9,81,32,290,13060,21586
399,"AHRWEILER","KOB",0,1,77,12,46,584,1159,2,221,399,118,683,19589,34474,0,0,5,0,2,252,427,2,222,481,130,731,20425,36060
400,"NEUWIED","KOB",1,240,914,5,641,15307,27129,1,160,560,29,963,25762,44471,0,0,35,3,22,810,1305,2,401,1509,37,1630,41918,72977
401,"ALTENKIRCHEN","KOB",0,28,107,79,628,16319,28344,0,17,108,91,511,17446,28716,0,0,2,1,4,212,326,0,45,217,171,1146,33996,57423
402,"WETZLAR","KOB",1,157,458,33,926,26973,46039,0,32,43,1,48,965,1690,0,0,10,0,10,591,844,1,191,511,34,984,28619,48760
403,"MEISENHEIM","KOB",0,7,100,25,185,6584,11451,0,1,17,9,35,1109,1922,0,0,13,3,3,224,345,0,8,130,37,223,7927,13732
404,"KLEVE","DUS",2,8,264,5,154,3072,5650,0,41,1132,69,1541,25078,43644,0,0,16,1,12,281,448,2,49,1420,75,1707,28455,49798
405,"REES","DUS",0,17,500,7,593,11605,21918,1,91,852,78,1399,23341,40271,0,0,15,1,8,373,608,1,108,1372,86,2000,35337,62834
406,"KREFELD","DUS",2,195,347,83,624,10196,17777,3,610,936,245,1934,33254,57744,0,7,11,6,34,924,1508,5,826,1342,343,2600,44925,77998
407,"KREFELD","DUS",0,1,8,0,56,555,986,0,65,298,47,805,17207,31096,0,0,5,0,8,175,272,0,66,320,47,870,17958,32397
408,"DUISBURG","DUS",4,321,304,172,687,12637,20231,0,537,157,183,574,13760,21582,0,0,0,0,0,215,336,4,861,461,355,1261,26672,42238
409,"MULHEIM","DUS",2,1465,1183,222,1809,50418,78746,0,1739,579,175,1137,34953,54869,0,1,27,2,11,676,1033,2,3209,1803,399,2963,86351,135114
410,"ESSEN","DUS",1,412,358,115,667,14069,22467,0,667,525,224,1162,22731,36502,0,0,17,1,19,592,936,1,1082,905,342,1848,37502,60087
411,"ESSEN","DUS",0,313,907,72,500,21230,32807,0,638,2882,157,1623,57544,88464,0,0,7,0,4,241,386,0,954,3799,229,2127,79154,121849
412,"MORS","DUS",0,151,600,11,820,18070,30701,0,35,529,9,1032,18986,32818,0,1,18,1,14,307,514,0,187,1150,21,1868,37383,64065
413,"GELDERN","DUS",2,7,58,1,57,898,1995,0,24,496,71,1342,27599,50536,0,0,13,1,2,68,169,2,31,569,73,1401,28565,52702
414,"KEMPEN","DUS",0,2,57,1,56,1518,2625,4,150,1010,99,1723,46475,87090,0,0,12,1,12,371,644,4,152,1080,101,1791,48367,90366
415,"DUSSELDORF","DUS",1,78,1438,45,1257,12803,24951,2,342,2725,162,3058,41291,73925,0,0,49,1,17,530,940,3,421,4237,208,4338,54715,99998
416,"DUSSELDORF","DUS",0,214,639,35,367,6901,12966,2,784,758,121,1320,24815,41147,0,0,15,0,1,178,293,2,998,1413,156,1689,31962,54519
417,"ELBERFELD","DUS",2,355,1490,40,2397,43822,72838,0,132,362,22,969,12258,22401,0,3,8,0,20,718,1109,2,490,1865,63,3407,57297,97153
418,"BARMEN","DUS",1,153,1351,230,2139,49014,79465,0,25,214,41,510,9143,15000,0,1,5,0,4,107,199,1,179,1583,273,2672,58808,95521
419,"METTMANN","DUS",0,406,641,118,1147,28520,48823,0,232,123,58,530,9149,16746,0,0,9,1,5,137,221,0,638,773,177,1685,38042,66172
420,"LENNEP","DUS",11,710,1200,133,1777,49703,81892,1,284,166,34,399,7281,13602,0,1,2,4,3,94,160,12,997,1374,172,2187,57562,96411
421,"SOLINGEN","DUS",17,687,798,209,1433,38410,65070,2,598,338,77,1023,26557,41906,0,0,4,0,12,372,521,19,1288,1149,287,2477,65873,108314
422,"NEUSS","DUS",0,6,45,1,44,737,1294,2,214,1047,101,1521,27587,47266,0,0,22,1,15,341,532,2,220,1114,103,1580,28665,49092
423,"GREVENBROICH","DUS",1,15,146,4,69,3394,6046,2,433,368,49,1012,19505,33799,0,0,16,1,14,577,909,3,448,530,54,1095,23492,40779
424,"GLADBACH","DUS",1,361,635,29,497,14738,25077,1,1650,1133,150,2345,56415,100970,0,2,22,4,9,715,1150,2,2014,1795,184,2855,71940,127319
425,"WIPPERFURTH","KOL",1,19,16,12,67,1631,2735,0,265,232,125,776,13725,25312,0,0,0,0,0,0,4,1,284,248,137,843,15356,28051
426,"WALDBROL","KOL",0,30,51,23,250,8333,13820,0,9,54,6,146,5877,8890,0,0,2,0,0,47,69,0,39,107,29,396,14267,22796
427,"GUMMERSBACH","KOL",0,623,237,7,565,16308,27604,0,36,28,2,87,1547,2778,0,0,1,0,1,53,73,0,659,267,9,653,17994,30584
428,"SIEGKREIS","KOL",1,28,355,7,256,5469,9468,1,327,1474,9,2015,46774,78747,0,0,21,0,10,482,763,2,357,1853,16,2281,52744,89010
429,"MULHEIM","KOL",1,158,229,5,189,4861,8229,3,714,887,48,1720,36188,61964,0,0,7,0,5,171,270,4,872,1123,53,1917,41276,70546
430,"KOLN","KOL",2,37,1174,73,969,8409,20198,4,216,4929,354,6940,62503,118164,0,0,289,1,145,2532,4547,6,253,6405,430,8065,73558,143145
431,"KOLN","KOL",3,191,772,20,234,6785,12584,6,2136,3003,215,2713,68543,113646,1,1,27,4,19,701,1107,10,2328,3807,241,2969,76114,127467
432,"BERGHEIM","KOL",0,1,9,0,6,196,341,0,94,576,31,1213,23209,39497,0,0,12,1,4,317,526,0,95,597,32,1223,23724,40368
433,"EUSKIRCHEN","KOL",0,4,5,2,3,187,348,2,245,597,82,1202,22396,39055,0,0,24,1,7,385,664,2,249,626,85,1212,22968,40067
434,"RHEINBACH","KOL",0,0,8,1,11,119,224,3,64,362,74,843,18043,31380,0,0,12,0,4,447,690,3,64,382,75,858,18609,32294
435,"BONN","KOL",5,16,1349,51,544,3944,8213,4,312,2107,174,3500,40665,72694,0,0,109,4,24,829,1423,10,328,3573,229,4068,45445,82347
436,"DAUN","TRI",0,0,5,1,1,97,146,1,20,103,39,382,15211,27027,0,0,0,0,0,19,26,1,20,108,40,383,15327,27199
437,"PRUM","TRI",0,0,1,0,3,146,203,0,7,121,73,705,20482,34585,0,0,0,0,0,17,21,0,7,122,73,708,20645,34809
438,"BITBURG","TRI",0,0,15,0,3,77,137,0,20,252,99,707,24809,43886,0,0,1,0,3,97,141,0,20,268,99,713,24983,44164
439,"WITTLICH","TRI",0,1,4,0,2,133,233,0,9,240,63,487,20730,36955,0,0,9,0,4,316,477,0,10,253,63,493,21186,37675
440,"BERNKASTEL","TRI",0,2,37,11,154,7402,12578,0,17,173,33,450,18591,30859,0,0,8,0,11,572,865,0,19,218,44,615,26572,44314
441,"TRIER","TRI",1,6,188,3,114,2039,4526,0,68,1435,76,1482,16968,32903,1,1,33,0,27,573,940,2,75,1661,79,1623,19580,38380
442,"TRIER","TRI",0,1,7,3,9,599,965,1,81,232,49,511,35750,64056,0,0,12,0,3,498,763,1,82,251,52,523,36858,65803
443,"SAARBURG","TRI",0,0,2,0,0,110,173,0,111,259,32,312,17902,30254,0,0,5,0,1,208,313,0,111,266,32,313,18220,30740
444,"MERZIG","TRI",0,0,71,0,6,127,296,4,172,686,18,413,21549,36573,0,0,15,0,7,205,340,4,172,772,18,426,21881,37209
445,"SAARLOUIS","TRI",0,1,29,5,54,1018,2394,2,119,978,225,876,36903,62756,0,0,20,0,9,590,918,2,120,1027,230,939,38532,66108
446,"SAARBRUCKEN","TRI",1,80,1350,66,937,28153,44644,0,107,1428,96,1237,40552,64717,0,0,5,0,4,220,398,1,187,2787,162,2179,68970,109838
447,"OTTWEILER","TRI",0,23,687,42,333,13996,21829,1,23,1090,66,608,27783,43239,0,0,21,0,5,467,690,1,46,1798,108,946,42288,65819
448,"SANKT WENDEL","TRI",0,4,75,26,339,13351,21502,0,17,200,81,389,15007,23773,0,0,10,1,1,310,440,0,21,285,108,729,28674,45725
449,"ERKELENZ","AAC",0,0,60,2,31,1038,1824,0,7,559,19,909,19626,36427,0,0,3,0,2,96,167,0,7,622,21,942,20760,38418
450,"HEINSBERG","AAC",0,0,23,0,9,579,865,0,17,327,66,689,18801,33610,0,0,9,0,4,131,213,0,17,359,66,702,19511,34688
451,"GEILENKIRCHEN","AAC",0,0,8,0,7,160,292,0,21,262,75,613,14017,25310,0,0,6,0,4,172,272,0,21,276,75,624,14349,25874
452,"JULICH","AAC",0,1,43,0,20,617,1604,0,94,696,24,1222,21540,39361,0,0,24,1,7,380,624,0,95,763,25,1249,22537,41590
453,"DUREN","AAC",1,5,102,5,46,898,1707,2,649,1163,253,1818,38702,69700,0,0,16,2,13,553,852,3,654,1281,260,1877,40153,72259
454,"AACHEN","AAC",2,38,280,4,192,2703,5352,7,996,3170,32,3521,43106,79361,0,1,34,0,24,749,1241,9,1035,3486,36,3738,46572,85992
455,"AACHEN","AAC",1,83,134,12,76,2218,3730,9,2147,2435,166,1912,58998,100425,0,0,8,0,10,385,600,10,2230,2578,178,1998,61602,104759
456,"EUPEN","AAC",0,0,27,2,25,359,564,4,340,468,104,589,14161,25772,0,0,0,0,0,7,9,4,340,495,106,614,14527,26345
457,"MONTJOIE","AAC",0,1,18,0,13,412,799,0,125,194,5,365,9220,17723,0,0,0,0,0,0,2,0,126,212,5,378,9632,18524
458,"SCHLEIDEN","AAC",0,40,48,0,44,1078,1850,0,128,604,8,816,24207,43301,0,0,7,0,0,156,274,0,168,659,8,860,25441,45425
459,"MALMEDY","AAC",0,0,8,2,5,196,312,2,78,293,40,540,16155,29996,0,0,0,0,0,8,14,2,78,301,42,545,16359,30322
460,"SIGMARINGEN","SIG",0,0,18,1,22,401,755,0,10,542,35,628,11191,20541,0,0,1,0,0,3,11,0,10,561,36,650,11600,21313
461,"GAMMERTINGEN","SIG",0,0,2,0,23,127,326,0,16,221,25,213,7316,13130,0,0,0,0,0,0,6,0,16,223,25,236,7443,13462
462,"HECHINGEN","SIG",0,4,7,2,79,378,797,2,46,233,52,353,10438,18741,1,0,26,1,0,229,397,3,50,266,55,432,11045,19935
463,"HAIGERLOCH","SIG",0,1,1,0,26,48,204,0,19,172,4,260,6107,11100,0,0,7,4,2,253,360,0,20,180,8,288,6408,11664
464,"BERLIN","BER",42,1418,35204,536,52293,508838,1009221,4,136,2624,35,5245,40696,89513,11,16,3663,11,400,29890,54069,58,1578,41615,582,58003,581792,1156945
