kreiskey1849,county,rb,fac1849_spin_woolyarn_spindles,fac1849_spin_combyarn_spindles,fac1849_spin_cotton_spindles,fac1849_spin_flax_spindles,fac1849_spin_tow_spindles,fac1849_looms_silk_looms,fac1849_looms_cotton_looms,fac1849_looms_linen_looms,fac1849_looms_wool_looms,fac1849_looms_hosiery_looms,fac1849_looms_band_looms,fac1849_looms_others_looms,fac1849_looms_se_linen_looms,fac1849_looms_se_shag_looms,fac1849_looms_se_others_looms,fac1849_wool_cloth_looms,fac1849_wool_cloth_handlooms,fac1849_halfwool_cloth_looms,fac1849_halfwool_cloth_handlooms,fac1849_cotton_looms,fac1849_cotton_handlooms,fac1849_linen_looms,fac1849_linen_handlooms,fac1849_silk_looms,fac1849_silk_handlooms,fac1849_shawl_looms,fac1849_shawl_handlooms,fac1849_band_looms,fac1849_band_handlooms,fac1849_carpet_looms,fac1849_carpet_handlooms,fac1849_passement_looms,fac1849_passement_handlooms,fac1849_hosiery_looms,fac1849_hosiery_handlooms,fac1849_laces_looms,fac1849_laces_handlooms,fac1849_print_tables,fac1849_print_machines,mill1849_water_grindingstones,mill1849_animals_grindingstones,mill1849_steam_grindingstones,steam1849_spinnery_engines,steam1849_spinnery_horsepower,steam1849_weaving_engines,steam1849_weaving_horsepower,steam1849_fulling_engines,steam1849_fulling_horsepower,steam1849_engineworks_engines,steam1849_engineworks_horsepower,steam1849_flourmill_engines,steam1849_flourmill_horsepower,steam1849_cuttingmill_engines,steam1849_cuttingmill_horsepower,steam1849_othermills_engines,steam1849_othermills_horsepower,steam1849_mining_engines,steam1849_mining_horsepower,steam1849_shipping_engines,steam1849_shipping_horsepower,steam1849_metal_fab_engines,steam1849_metal_fab_horsepower,steam1849_railway_engines,steam1849_railway_horsepower,steam1849_others_engines,steam1849_others_horsepower,fac1849_ironworks_blast_furn,fac1849_ironworks_refining_furn,fac1849_ironworks_puddling_furn,fac1849_ironworks_welding_furn,fac1849_ironworks_cupola_furn,fac1849_ironworks_air_furn,fac1849_steel_finingforge,fac1849_steel_refiningforge,fac1849_steel_cement_furn,fac1849_steel_caststeel_furn,fac1849_glassworks_furnaces,fac1849_paper_vats,fac1849_paper_machines,occ1849_printoffice_book_press
1,"Memel","KON",0,0,0,0,0,0,0,2,0,0,0,0,1537,76,0,0,0,0,0,0,0,0,0,0,0,0,0,0,0,0,0,0,0,0,0,0,0,0,0,16,4,0,0,0,0,0,0,0,0,0,0,0,0,0,0,0,0,0,7,178,1,14,0,0,0,0,0,0,0,0,0,0,0,0,0,0,0,0,0,3
2,"Fischhausen","KON",0,0,0,0,0,0,0,1,0,0,0,0,1702,3,3,0,0,0,0,0,0,0,0,0,0,0,0,0,0,0,0,0,0,0,0,0,0,0,0,45,20,0,0,0,0,0,0,0,0,0,0,0,0,0,0,0,0,0,0,0,0,0,0,0,0,0,0,0,0,0,0,0,0,0,0,0,0,0,0,1
3,"Königsberg Stadt","KON",180,0,0,0,0,0,2,4,13,13,0,18,46,0,0,0,0,3,0,0,0,0,0,0,0,0,0,0,0,0,0,0,0,13,0,0,0,6,0,24,4,10,0,0,0,0,0,0,0,0,3,37,0,0,1,10,0,0,4,330,5,107,0,0,6,45,0,0,0,0,0,0,0,0,0,0,0,0,0,21
4,"Königsberg Land","KON",0,0,0,0,0,0,0,0,0,0,0,0,1597,0,57,0,0,0,0,0,0,0,0,0,0,0,0,0,0,0,0,0,0,0,0,0,0,0,0,32,18,0,0,0,0,0,0,0,0,0,0,0,0,0,0,0,0,0,0,0,0,0,0,0,0,0,0,0,0,0,0,0,0,0,0,0,0,3,0,0
5,"Labiau","KON",0,0,0,0,0,0,0,2,0,0,0,0,2586,46,0,0,0,0,0,0,0,0,0,0,0,0,0,0,0,0,0,0,0,0,0,0,0,0,0,15,25,0,0,0,0,0,0,0,0,0,0,0,0,0,0,0,0,0,0,0,0,0,0,0,0,0,0,0,0,0,0,0,0,0,0,0,0,0,0,0
6,"Welau","KON",294,0,0,0,0,0,34,11,18,0,0,0,1648,0,0,12,0,6,0,34,0,9,0,0,0,0,0,0,0,0,0,0,0,0,0,0,0,5,0,45,18,0,0,0,0,0,0,0,0,0,0,0,0,0,0,0,0,0,0,0,0,0,0,0,0,0,0,0,0,0,0,0,0,0,0,0,0,0,0,1
7,"Gerdauen","KON",0,0,0,0,0,0,0,1,4,0,0,0,2771,0,0,0,0,0,0,0,0,0,0,0,0,0,0,0,0,0,0,0,0,0,0,0,0,0,0,15,14,0,0,0,0,0,0,0,0,0,0,0,0,0,0,0,0,0,0,0,0,0,0,0,0,0,0,0,0,0,0,0,0,0,0,0,0,0,0,0
8,"Rastenburg","KON",0,0,0,0,0,0,0,0,0,0,0,0,2972,2,0,0,0,0,0,0,0,0,0,0,0,0,0,0,0,0,0,0,0,0,0,0,0,0,0,47,29,0,0,0,0,0,0,0,0,0,0,0,0,0,0,0,0,0,0,0,0,0,0,0,0,0,0,0,0,0,0,0,0,0,0,0,0,0,0,1
9,"Friedland","KON",0,0,0,0,0,0,0,1,7,0,0,0,2685,23,22,0,0,0,0,0,0,0,0,0,0,0,0,0,0,0,0,0,0,0,0,0,0,0,0,53,18,0,0,0,0,0,0,0,0,0,0,0,0,0,0,0,0,0,0,0,0,0,0,0,0,0,0,0,0,0,0,0,0,0,0,0,0,0,0,0
10,"Preuss. Eilau","KON",240,0,0,0,0,0,2,0,0,0,0,0,4637,15,0,0,0,0,0,0,2,0,0,0,0,0,0,0,0,0,0,0,0,0,0,0,0,8,0,68,6,0,0,0,0,0,0,0,0,0,0,0,0,0,0,0,0,0,0,0,0,0,0,0,0,0,0,0,0,0,0,0,0,0,0,0,0,2,0,0
11,"Heiligenbeil","KON",0,0,0,0,0,0,0,3,38,0,0,0,3487,38,3,0,0,0,0,0,0,0,0,0,0,0,0,0,0,0,0,0,0,0,0,0,0,0,0,57,7,0,0,0,0,0,0,0,0,0,0,0,0,0,0,0,0,0,0,0,0,0,0,0,0,0,0,0,0,0,0,0,0,0,0,0,0,3,0,0
12,"Braunsberg","KON",678,0,0,0,0,0,8,0,36,0,0,0,2610,0,11,0,4,0,0,0,6,0,0,0,0,0,0,0,0,0,0,0,0,0,0,0,0,3,0,66,1,0,0,0,0,0,0,0,0,0,0,0,0,0,0,0,0,0,0,0,0,0,0,0,1,8,0,0,0,0,0,0,0,0,0,0,0,1,0,2
13,"Heilsberg","KON",240,0,0,0,0,0,0,19,5,0,0,0,4552,0,0,5,0,0,0,0,0,5,8,0,0,0,0,0,0,0,0,0,0,0,0,0,0,3,0,48,3,0,0,0,0,0,0,0,0,0,0,0,0,0,0,0,0,0,0,0,0,0,0,0,0,0,0,0,0,0,0,0,0,0,0,0,0,0,0,1
14,"Rössel","KON",0,0,0,0,0,0,0,1,3,0,0,0,4003,7,0,1,0,0,0,0,0,0,0,0,0,0,0,0,0,0,0,0,0,0,0,0,0,0,0,40,13,0,0,0,0,0,0,0,0,0,0,0,0,0,0,0,0,0,0,0,0,0,0,0,0,0,0,0,0,0,0,0,0,0,0,0,0,0,0,1
15,"Allenstein","KON",0,20,0,0,0,0,0,37,0,0,0,0,3587,0,0,0,0,0,0,0,0,0,54,0,0,0,0,0,0,0,0,0,0,0,0,0,0,0,0,54,2,0,0,0,0,0,0,0,0,0,0,0,0,0,0,0,0,0,0,0,0,0,0,0,0,0,0,0,0,0,0,0,0,0,0,0,0,1,1,1
16,"Ortelsburg","KON",40,0,0,0,0,0,0,0,2,0,0,0,4483,2,0,0,0,0,0,0,0,0,0,0,0,0,0,0,0,0,0,0,0,0,0,0,0,0,0,31,10,0,0,0,0,0,0,0,0,0,0,0,0,0,0,0,0,0,0,0,0,0,0,0,0,0,0,0,0,0,0,0,0,0,0,0,0,2,0,1
17,"Neidenburg","KON",0,0,0,0,0,0,0,5,6,0,0,0,2758,15,2,0,0,0,0,0,0,0,0,0,0,0,0,0,0,0,0,0,0,0,0,0,0,3,0,48,4,2,0,0,0,0,0,0,0,0,0,0,0,0,0,0,0,0,0,0,0,0,0,0,0,0,0,0,0,0,0,0,0,0,0,0,0,0,0,1
18,"Osterode","KON",0,0,0,0,0,0,0,3,6,0,0,0,3835,1,0,0,0,0,0,0,0,0,0,0,0,0,0,0,0,0,0,0,0,0,0,0,0,0,0,69,3,6,0,0,0,0,0,0,0,0,2,18,0,0,0,0,0,0,0,0,0,0,0,0,0,0,0,0,0,0,0,0,0,0,0,0,0,3,0,2
19,"Morungen","KON",0,0,0,0,0,0,0,1,3,0,0,0,2545,0,0,0,0,0,0,0,0,0,0,0,0,0,0,0,0,0,0,0,0,0,0,0,0,2,0,35,4,6,0,0,0,0,0,0,0,0,0,0,0,0,0,0,0,0,0,0,0,0,0,0,0,0,0,0,0,0,0,0,0,0,0,0,0,0,0,3
20,"Pr. Holland","KON",0,0,0,0,0,0,0,26,4,0,0,0,3814,0,0,0,0,0,0,0,0,0,0,0,0,0,0,0,0,0,0,0,0,0,0,0,0,0,0,42,13,0,0,0,0,0,0,0,0,0,0,0,0,0,0,0,0,0,0,0,0,0,0,0,0,0,0,0,0,0,0,0,0,0,0,0,0,1,0,1
21,"Heidekrug","GUM",0,0,0,0,0,0,0,0,0,0,0,0,605,88,0,0,0,0,0,0,0,0,0,0,0,0,0,0,0,0,0,0,0,0,0,0,0,0,0,4,0,0,0,0,0,0,0,0,0,0,0,0,0,0,0,0,0,0,0,0,0,0,0,0,0,0,0,0,0,0,0,0,0,0,0,0,0,0,0,0
22,"Niederung","GUM",0,0,0,0,0,0,0,13,0,0,0,0,3108,24,0,0,0,0,0,0,0,0,0,0,0,0,0,0,0,0,0,0,0,0,0,0,0,0,0,1,19,0,0,0,0,0,0,0,0,0,0,0,0,0,0,0,0,0,0,0,0,0,0,0,0,0,0,0,0,0,0,0,0,0,0,0,0,0,0,0
23,"Tilsit","GUM",0,0,0,0,0,0,0,24,15,0,0,0,2463,49,0,0,0,0,0,0,0,0,0,0,0,0,0,0,0,0,0,0,0,0,0,0,0,0,0,25,0,0,0,0,0,0,0,0,0,0,1,10,0,0,5,44,0,0,0,0,0,0,0,0,2,24,0,0,0,0,0,0,0,0,0,0,0,0,1,0
24,"Ragnit","GUM",0,0,0,0,0,0,0,11,0,0,0,0,2,0,4020,0,0,0,0,0,0,0,0,0,0,0,0,0,0,0,0,0,0,0,0,0,0,0,0,12,1,0,0,0,0,0,0,0,0,0,0,0,0,0,0,0,0,0,0,0,0,0,0,0,0,0,0,0,0,0,0,0,0,0,0,0,0,0,1,0
25,"Pillkallen","GUM",0,0,0,0,0,0,1,27,0,0,0,0,3240,0,0,0,0,0,0,0,0,0,0,0,0,0,0,0,0,0,0,0,0,0,0,0,0,0,0,4,4,0,0,0,0,0,0,0,0,0,0,0,0,0,0,0,0,0,0,0,0,0,0,0,0,0,0,0,0,0,0,0,0,0,0,0,0,0,0,0
26,"Stallupönen","GUM",0,0,0,0,0,0,0,76,0,0,0,0,2976,10,0,0,0,0,0,0,0,0,0,0,0,0,0,0,0,0,0,0,0,0,0,0,0,0,0,24,6,0,0,0,0,0,0,0,0,0,0,0,0,0,0,0,0,0,0,0,0,0,0,0,0,0,0,0,0,0,0,0,0,0,0,0,0,0,0,0
27,"Gumbinnen","GUM",0,0,0,0,0,0,9,44,6,1,0,0,3133,31,4,0,0,0,0,0,0,0,0,0,0,0,0,0,0,0,0,0,0,0,0,0,0,0,0,26,1,0,0,0,0,0,0,0,0,0,0,0,0,0,0,0,0,0,0,0,0,0,0,0,0,0,0,0,0,0,0,0,0,0,0,0,0,0,0,5
28,"Insterburg","GUM",0,0,0,0,0,0,0,40,5,2,0,0,3296,0,0,0,0,0,0,0,0,0,0,0,0,0,0,0,0,0,0,0,0,0,0,0,0,0,0,28,3,3,1,6,0,0,0,0,0,0,0,0,0,0,0,0,0,0,0,0,0,0,0,0,0,0,0,0,0,0,0,0,0,0,0,0,0,0,0,3
29,"Darkehmen","GUM",0,40,0,0,0,0,0,10,12,2,0,0,2362,42,351,0,0,0,0,0,11,0,0,0,0,0,0,0,0,0,0,0,0,0,0,0,0,0,0,15,18,0,0,0,0,0,0,0,0,0,0,0,0,0,0,0,0,0,0,0,0,0,0,0,0,0,0,0,0,0,0,0,0,0,0,0,0,0,0,0
30,"Angerburg","GUM",0,0,0,0,0,0,0,4,10,0,0,0,2133,0,0,0,0,0,0,0,0,0,0,0,0,0,0,0,0,0,0,0,0,0,0,0,0,0,0,13,12,0,0,0,0,0,0,0,0,0,0,0,0,0,0,0,0,0,0,0,0,0,0,0,0,0,0,0,0,0,0,0,0,0,0,0,0,0,0,0
31,"Goldapp","GUM",0,0,0,0,0,0,0,38,5,0,0,0,2734,18,4,0,0,0,0,0,0,0,0,0,0,0,0,0,0,0,0,0,0,0,0,0,0,5,0,23,10,0,0,0,0,0,0,0,0,0,0,0,0,0,0,0,0,0,0,0,0,0,0,0,0,0,0,0,0,0,0,0,0,0,0,0,0,0,1,0
32,"Oletzko","GUM",0,0,0,0,0,0,0,0,0,0,0,0,0,0,0,0,0,0,0,0,0,0,0,0,0,0,0,0,0,0,0,0,0,0,0,0,0,0,0,17,0,0,0,0,0,0,0,0,0,0,0,0,0,0,0,0,0,0,0,0,0,0,0,0,0,0,0,0,0,0,0,0,0,0,0,0,0,0,0,0
33,"Lyck","GUM",0,30,0,0,0,0,0,4,2,0,0,0,3429,21,0,0,2,0,0,0,0,0,0,0,0,0,0,0,0,0,0,0,0,0,0,0,0,0,0,17,12,0,0,0,0,0,0,0,0,0,0,0,0,0,0,0,0,0,0,0,0,0,0,0,0,0,0,0,0,0,0,0,0,0,0,0,0,2,0,1
34,"Lötzen","GUM",0,0,0,0,0,0,0,0,0,0,0,0,2280,316,0,0,0,0,0,0,0,0,0,0,0,0,0,0,0,0,0,0,0,0,0,0,0,0,0,15,4,0,0,0,0,0,0,0,0,0,0,0,0,0,0,0,0,0,0,0,0,0,0,0,0,0,0,0,0,0,0,0,0,0,0,0,0,0,0,1
35,"Sensburg","GUM",0,0,0,0,0,0,0,0,0,0,0,0,2478,0,0,0,0,0,0,0,0,0,0,0,0,0,0,0,0,0,0,0,0,0,0,0,0,0,0,20,15,0,0,0,0,0,0,0,0,0,0,0,0,0,0,0,0,0,0,0,0,0,0,0,0,0,0,0,0,0,0,0,0,0,0,0,0,2,0,1
36,"Johannisburg","GUM",0,0,0,0,0,0,0,0,0,0,0,0,2973,0,0,0,0,0,0,0,0,0,0,0,0,0,0,0,0,0,0,0,0,0,0,0,0,0,0,26,6,0,0,0,0,0,0,0,0,0,0,0,0,0,0,0,0,0,0,0,0,0,0,0,0,0,0,0,0,0,0,0,0,0,0,0,0,0,0,1
37,"Elbing","DAN",270,0,0,0,0,0,83,130,6,3,0,0,1158,1,0,0,6,0,0,0,60,0,105,0,0,0,0,0,0,0,0,0,0,3,0,0,0,14,0,36,33,9,0,0,0,0,0,0,1,6,2,30,0,0,3,27,0,0,5,146,0,0,0,0,0,0,0,0,0,0,0,0,0,0,0,0,0,1,0,8
38,"Marienburg","DAN",0,0,0,0,0,0,10,113,0,0,0,0,48,5,1,0,0,0,0,0,0,0,0,0,0,0,0,0,0,0,0,0,0,0,0,0,0,2,0,15,87,0,0,0,0,0,0,0,0,0,0,0,0,0,0,0,0,0,0,0,0,0,0,0,0,0,0,0,0,0,0,0,0,0,0,0,0,0,0,2
39,"Danzig Stadt","DAN",0,0,0,0,0,0,0,28,6,2,0,0,0,0,0,0,5,0,0,0,0,0,0,0,0,0,0,0,0,0,0,0,0,0,0,0,0,0,0,40,8,0,0,0,0,0,0,0,1,6,0,0,1,6,2,32,0,0,3,106,0,0,0,0,1,6,0,0,0,0,0,0,0,0,0,0,0,1,0,16
40,"Danzig Land","DAN",0,0,0,0,0,0,0,21,0,0,0,0,66,0,0,0,0,0,0,0,0,0,0,0,0,0,0,0,0,0,0,0,0,0,0,0,0,0,0,93,40,0,0,0,0,0,0,0,1,6,0,0,0,0,0,0,0,0,0,0,0,0,0,0,0,0,0,0,0,0,0,0,0,0,0,0,0,1,0,0
41,"Stargard","DAN",0,0,0,0,0,0,0,19,3,0,0,0,138,0,0,0,0,0,0,0,0,0,0,0,0,0,0,0,0,0,0,0,0,0,0,0,0,0,0,40,8,2,1,4,0,0,0,0,1,16,0,0,0,0,0,0,0,0,0,0,0,0,0,0,1,4,0,0,0,0,0,0,0,0,0,0,0,0,0,2
42,"Behrend","DAN",0,120,0,0,0,0,0,16,5,0,0,0,77,70,3,0,0,0,0,0,0,0,0,0,0,0,0,0,0,0,0,0,0,0,0,0,0,3,3,45,0,0,0,0,0,0,0,0,0,0,0,0,0,0,0,0,0,0,0,0,0,0,0,0,0,0,0,0,0,0,0,0,0,0,0,0,0,2,0,0
43,"Karthaus","DAN",0,0,0,0,0,0,0,8,0,0,0,0,23,61,0,0,0,0,0,0,0,0,0,0,0,0,0,0,0,0,0,0,0,0,0,0,0,0,0,53,1,0,0,0,0,0,0,0,0,0,0,0,0,0,0,0,0,0,0,0,0,0,0,0,0,0,0,0,0,0,0,0,0,0,0,0,0,4,0,0
44,"Neustadt","DAN",0,0,0,0,0,0,0,24,24,0,0,0,691,34,0,0,0,0,0,0,0,0,0,0,0,0,0,0,0,0,0,0,0,0,0,0,0,0,0,67,1,0,0,0,0,0,0,0,0,0,0,0,0,0,0,0,0,0,0,0,0,0,0,0,0,0,0,0,0,0,0,0,0,0,0,0,0,15,0,1
45,"Stuhm","MAR",0,0,0,0,0,0,0,0,0,0,0,0,383,0,0,0,0,0,0,0,0,0,0,0,0,0,0,0,0,0,0,0,0,0,0,0,0,0,0,20,17,0,0,0,0,0,0,0,0,0,0,0,0,0,0,0,0,0,0,0,0,0,0,0,0,0,0,0,0,0,0,0,0,0,0,0,0,0,0,1
46,"Marienwerder","MAR",0,0,0,0,0,0,0,47,0,0,0,0,568,1,0,0,0,0,0,0,0,0,0,0,0,0,0,0,0,0,0,0,0,0,0,0,0,0,0,52,29,2,0,0,0,0,0,0,0,0,0,0,0,0,0,0,0,0,0,0,0,0,0,0,0,0,0,0,0,0,0,0,0,0,0,0,0,4,0,7
47,"Rosenberg","MAR",0,450,0,0,0,0,0,25,9,0,0,0,1526,0,0,2,0,0,0,0,0,0,0,0,0,0,0,0,0,0,0,0,0,0,0,0,0,3,0,31,13,3,0,0,0,0,0,0,0,0,0,0,0,0,0,0,0,0,0,0,0,0,0,0,0,0,0,0,0,0,0,0,0,0,0,0,0,2,0,1
48,"Löbau","MAR",0,0,0,0,0,0,0,0,4,0,0,0,1855,0,0,0,0,0,0,0,0,0,0,0,0,0,0,0,0,0,0,0,0,0,0,0,0,0,0,46,3,0,0,0,0,0,0,0,0,0,0,0,0,0,0,0,0,0,0,0,0,0,0,0,0,0,0,0,0,0,0,0,0,0,0,0,0,1,0,1
49,"Strassburg","MAR",0,0,0,0,0,0,0,4,11,0,0,0,1267,4,0,0,0,0,0,0,0,0,0,0,0,0,0,0,0,0,0,0,0,0,0,0,0,0,0,70,7,0,0,0,0,0,0,0,0,0,0,0,0,0,0,0,0,0,0,0,0,0,0,0,0,0,0,0,0,0,0,0,0,0,0,0,0,0,0,3
50,"Thorn","MAR",0,0,0,0,0,0,0,90,0,0,0,0,96,0,0,0,0,0,0,0,0,0,0,0,0,0,0,0,0,0,0,0,0,0,0,0,0,0,0,74,12,0,0,0,0,0,0,0,0,0,0,0,0,0,0,0,0,0,0,0,0,0,0,0,0,0,0,0,0,0,0,0,0,0,0,0,0,0,0,3
51,"Culm","MAR",0,0,0,0,0,0,0,6,0,0,0,0,253,0,0,0,0,0,0,0,0,0,0,0,0,0,0,0,0,0,0,0,0,0,0,0,0,0,0,12,13,2,0,0,0,0,0,0,0,0,1,6,0,0,0,0,0,0,0,0,0,0,0,0,0,0,0,0,0,0,0,0,0,0,0,0,0,0,0,4
52,"Graudenz","MAR",0,174,0,0,0,0,0,5,6,1,0,0,871,17,0,0,0,0,0,0,0,0,0,0,0,0,0,0,0,0,0,0,0,0,0,0,0,0,0,46,15,0,0,0,0,0,0,0,0,0,0,0,0,0,0,0,0,0,0,0,0,0,0,0,0,0,0,0,0,0,0,0,0,0,0,0,0,0,0,3
53,"Schwetz","MAR",0,0,0,0,0,0,0,36,0,0,0,0,441,0,0,0,0,0,0,0,0,0,0,0,0,0,0,0,0,0,0,0,0,0,0,0,0,0,0,85,12,2,0,0,0,0,0,0,0,0,0,0,0,0,0,0,0,0,0,0,0,0,0,0,0,0,0,0,0,0,0,0,0,0,0,0,0,2,0,0
54,"Konitz","MAR",0,0,0,0,0,0,0,18,4,2,0,0,960,234,0,0,0,0,0,0,0,0,0,0,0,0,0,0,0,0,0,0,0,0,0,0,0,0,0,61,1,0,0,0,0,0,0,0,0,0,0,0,0,0,0,0,0,0,0,0,0,0,0,0,0,0,0,0,0,0,0,0,0,0,0,0,0,0,0,1
55,"Schlochau","MAR",0,0,0,0,0,0,0,24,22,0,0,0,2430,24,24,0,0,0,0,0,0,3,2,0,0,0,0,0,0,0,0,0,0,0,0,0,0,0,0,78,1,0,0,0,0,0,0,0,0,0,0,0,0,0,0,0,0,0,0,0,0,0,0,0,0,0,0,0,0,0,0,0,0,0,0,0,0,1,0,0
56,"Flatow","MAR",0,840,0,0,0,0,0,8,32,0,0,0,2512,106,0,0,0,0,0,0,0,0,0,0,0,0,0,0,0,0,0,0,0,0,0,0,0,0,0,65,4,0,0,0,0,0,0,0,0,0,0,0,0,0,0,0,0,0,0,0,0,0,0,0,0,0,0,0,0,0,0,0,0,0,0,0,0,2,0,0
57,"Deutsch-Crone","MAR",1500,0,0,0,0,0,0,11,54,0,0,0,2665,140,0,0,0,0,0,0,0,0,0,0,0,0,0,0,0,0,0,0,0,0,0,0,0,12,0,89,0,0,0,0,0,0,0,0,0,0,0,0,0,0,0,0,0,0,0,0,0,0,0,0,0,0,0,0,0,0,0,0,0,0,0,0,0,2,0,1
58,"Wreschen","POS",0,0,0,0,0,0,0,21,1,0,0,0,1694,0,0,0,0,0,0,0,0,0,0,0,0,0,0,0,0,0,0,0,0,0,0,0,0,0,0,18,5,0,0,0,0,0,0,0,0,0,0,0,0,0,0,0,0,0,0,0,0,0,0,0,0,0,0,0,0,0,0,0,0,0,0,0,0,1,0,0
59,"Pleschen","POS",0,0,0,0,0,0,0,20,0,0,0,0,1820,0,0,0,0,0,0,0,0,0,0,0,0,0,0,0,0,0,0,0,0,0,0,0,0,0,0,33,6,0,0,0,0,0,0,0,0,0,0,0,0,0,0,0,0,0,0,0,0,0,0,0,0,0,0,0,0,0,0,0,0,0,0,0,0,0,0,0
60,"Schroda","POS",0,0,0,0,0,0,0,23,0,0,0,3,645,0,0,0,0,0,0,0,0,0,0,0,0,0,0,0,0,0,0,0,0,0,0,0,0,0,0,16,1,0,0,0,0,0,0,0,0,0,0,0,0,0,0,0,0,0,0,0,0,0,0,0,0,0,0,0,0,0,0,0,0,0,0,0,0,0,0,0
61,"Schrimm","POS",0,0,0,0,0,0,0,85,0,0,0,0,1161,0,0,0,0,0,0,0,0,0,0,0,0,0,0,0,0,0,0,0,0,0,0,0,0,0,0,10,5,0,0,0,0,0,0,0,0,0,0,0,0,0,0,0,0,0,0,0,0,0,0,0,0,0,0,0,0,0,0,0,0,0,0,0,0,0,0,0
62,"Kosten","POS",148,0,0,0,0,0,23,112,4,0,2,0,31,0,0,0,0,0,4,0,19,0,13,0,0,0,0,0,0,0,0,0,0,0,0,0,0,0,0,5,4,0,0,0,0,0,0,0,0,0,0,0,0,0,0,0,0,0,0,0,0,0,0,0,0,0,0,0,0,0,0,0,0,0,0,0,0,0,0,1
63,"Buk","POS",0,0,0,0,0,0,0,17,2,0,0,0,362,0,0,0,0,0,0,0,0,0,0,0,0,0,0,0,0,0,0,0,0,0,0,0,0,4,0,6,5,0,0,0,0,0,0,0,0,0,1,12,0,0,0,0,0,0,0,0,0,0,0,0,0,0,0,0,0,0,0,0,0,0,0,0,0,0,0,0
64,"Posen","POS",750,0,0,0,0,0,26,2,9,1,0,11,412,0,0,0,0,0,0,0,0,0,0,0,0,0,0,0,0,0,0,0,0,0,0,0,0,0,0,57,7,7,0,0,0,0,0,0,0,0,0,0,0,0,0,0,0,0,0,0,0,0,1,67,0,0,0,0,0,0,0,0,0,0,0,0,0,0,0,27
65,"Obornik","POS",0,0,0,0,0,0,0,13,0,0,0,0,1319,0,0,0,0,0,0,0,0,0,0,0,0,0,0,0,0,0,0,0,0,0,0,0,0,2,0,64,5,0,0,0,0,0,0,0,0,0,0,0,0,0,0,0,0,0,0,0,0,0,0,0,0,0,0,0,0,0,0,0,0,0,0,0,0,2,0,0
66,"Samter","POS",0,320,0,0,0,0,0,40,21,0,0,0,903,0,0,0,16,0,0,0,0,0,0,0,0,0,0,0,0,0,0,0,0,0,0,0,0,2,0,32,3,0,0,0,0,0,0,0,0,0,0,0,0,0,0,0,0,0,0,0,0,0,1,66,0,0,0,0,0,0,0,0,0,0,0,0,0,0,0,1
67,"Birnbaum","POS",0,380,0,0,0,0,0,9,9,0,0,0,1370,0,0,0,0,0,0,0,0,0,0,0,0,0,0,0,0,0,0,0,0,0,0,0,0,2,2,86,4,0,0,0,0,0,0,0,0,0,0,0,0,0,0,0,0,0,0,0,0,0,0,0,0,0,0,0,0,0,0,0,0,0,0,0,0,4,0,3
68,"Meseritz","POS",1340,40,0,0,0,0,0,17,67,0,0,0,2221,0,0,0,0,0,0,0,0,0,0,0,0,0,0,0,0,0,0,0,0,0,0,0,0,0,0,44,1,0,0,0,0,0,0,0,0,0,0,0,0,0,0,0,0,0,0,0,0,0,0,0,0,0,0,0,0,0,0,0,0,0,0,0,0,2,0,1
69,"Schildberg","POS",0,0,0,0,0,0,0,19,0,0,0,0,3,0,0,0,0,0,0,0,0,0,0,0,0,0,0,0,0,0,0,0,0,0,0,0,0,0,0,107,1,0,0,0,0,0,0,0,0,0,0,0,0,0,0,0,0,0,0,0,0,0,0,0,0,0,0,0,0,0,0,0,0,0,0,0,0,4,0,0
70,"Bomst","POS",1260,0,0,0,0,0,0,24,29,0,0,0,2346,0,0,0,0,0,0,0,0,0,0,0,0,0,0,0,0,0,0,0,0,0,0,0,0,1,0,23,3,0,0,0,0,0,0,0,0,0,0,0,0,0,0,0,0,0,0,0,0,0,0,0,0,0,0,0,0,0,0,0,0,0,0,0,0,0,0,2
71,"Fraustadt","POS",2340,0,0,0,0,0,34,173,52,3,0,0,809,2,0,0,5,0,0,0,0,0,0,0,0,0,0,0,0,0,0,0,0,0,0,0,0,6,0,9,6,0,1,10,0,0,0,0,0,0,0,0,0,0,0,0,0,0,0,0,0,0,0,0,0,0,0,0,0,0,0,0,0,0,0,0,0,1,0,4
72,"Kröben","POS",5048,0,0,0,0,0,120,175,71,0,0,75,80,0,0,0,0,0,1,0,0,0,0,0,0,0,0,0,0,0,0,0,0,0,0,0,0,0,0,1,14,0,1,16,0,0,1,16,0,0,0,0,0,0,0,0,0,0,0,0,0,0,0,0,0,0,0,0,0,0,0,0,0,0,0,0,0,0,0,2
73,"Krotoschin","POS",200,80,0,0,0,0,0,147,0,0,0,0,1068,0,0,0,0,0,0,0,0,0,0,0,0,0,0,0,0,0,0,0,0,0,0,0,0,0,0,5,2,0,0,0,0,0,0,0,0,0,0,0,0,0,0,0,0,0,0,0,0,0,0,0,0,0,0,0,0,0,0,0,0,0,0,0,0,0,0,2
74,"Adelnau","POS",0,0,0,0,0,0,0,22,1,0,0,0,1856,0,0,0,0,0,0,0,0,0,0,0,0,0,0,0,0,0,0,0,0,0,0,0,0,0,0,23,5,0,0,0,0,0,0,0,0,0,0,0,0,0,0,0,0,0,0,0,0,0,0,0,0,0,0,0,0,0,0,0,0,0,0,0,0,1,0,1
75,"Tscharnikow","BRO",2080,0,0,0,0,0,0,10,266,5,0,0,3110,20,0,0,0,0,0,0,0,0,0,0,0,0,0,0,0,0,0,0,0,0,0,0,0,0,0,79,2,0,0,0,0,0,0,0,0,0,0,0,0,0,0,0,0,0,0,0,0,0,0,0,0,0,0,0,0,0,0,0,0,0,0,0,0,2,0,0
76,"Chodezien","BRO",2744,30,0,0,0,0,0,5,53,0,0,0,792,5,0,0,0,0,0,0,0,0,0,0,0,0,0,0,0,0,0,0,0,0,0,0,0,0,0,46,4,0,0,0,0,0,0,0,0,0,0,0,0,0,0,0,0,0,0,0,0,0,0,0,0,0,0,0,0,0,0,0,0,0,0,0,0,2,0,2
77,"Wirsitz","BRO",0,0,0,0,0,0,0,20,48,0,0,0,1727,237,2,0,0,0,0,0,0,0,0,0,0,0,0,0,0,0,0,0,0,0,0,0,0,0,0,57,7,0,0,0,0,0,0,0,0,0,0,0,0,0,0,0,0,0,0,0,0,0,0,0,0,0,0,0,0,0,0,0,0,0,0,0,0,0,0,1
78,"Bromberg","BRO",120,0,0,0,0,0,60,52,2,0,0,0,1284,0,0,0,0,0,0,0,0,0,0,0,0,0,0,0,0,0,0,0,0,0,0,0,0,5,1,98,2,0,0,0,0,0,0,0,0,0,0,0,0,0,0,0,0,0,0,0,0,0,0,0,0,0,0,0,0,0,0,0,0,0,0,0,0,1,0,4
79,"Schubin","BRO",0,400,0,0,0,0,0,15,42,0,0,9,1320,2,0,0,0,0,0,0,0,0,0,0,0,0,0,0,0,0,0,0,0,0,0,0,0,0,0,41,1,0,0,0,0,0,0,0,0,0,0,0,0,0,0,0,0,0,0,0,0,0,0,0,0,0,0,0,0,0,0,0,0,0,0,0,0,0,0,0
80,"Inowrazlaw","BRO",0,0,0,0,0,0,3,21,0,0,0,0,328,0,0,0,0,0,0,0,0,0,0,0,0,0,0,0,0,0,0,0,0,0,0,0,0,3,0,8,3,0,0,0,0,0,0,0,0,0,0,0,0,0,0,0,0,0,0,0,0,0,0,0,0,0,0,0,0,0,0,0,0,0,0,0,0,0,0,1
81,"Mogilno","BRO",0,0,0,0,0,0,0,5,0,0,0,0,57,1,0,0,0,0,0,0,0,0,0,0,0,0,0,0,0,0,0,0,0,0,0,0,0,0,0,47,0,0,0,0,0,0,0,0,0,0,0,0,0,0,0,0,0,0,0,0,0,0,0,0,0,0,0,0,0,0,0,0,0,0,0,0,0,0,0,0
82,"Gnesen","BRO",0,0,0,0,0,0,0,38,1,0,0,5,413,0,1,0,0,0,0,0,0,0,0,0,0,0,0,0,0,0,0,0,0,0,0,0,0,0,0,7,4,0,0,0,0,0,0,0,0,0,0,0,0,0,0,0,0,0,0,0,0,0,0,0,0,0,0,0,0,0,0,0,0,0,0,0,0,0,0,1
83,"Wongrowiz","BRO",0,0,0,0,0,0,0,15,0,0,0,0,1828,0,0,0,0,0,0,0,0,0,0,0,0,0,0,0,0,0,0,0,0,0,0,0,0,0,0,40,3,0,0,0,0,0,0,0,0,0,0,0,0,0,1,16,0,0,0,0,0,0,0,0,0,0,0,0,0,0,0,0,0,0,0,0,0,0,0,0
84,"Haupt- und Residenzstadt Berlin","POT",1800,1736,610,0,0,2147,2113,63,2270,106,95,173,0,3,0,21,64,372,1210,117,318,0,23,231,940,0,29,0,18,0,59,23,98,146,15,0,0,200,34,48,8,21,7,92,0,0,2,8,11,107,5,135,3,66,5,40,0,0,1,16,28,275,57,2537,52,516,0,0,0,0,0,0,0,0,0,0,0,7,1,198
85,"Prenzlau","POT",716,0,0,0,0,0,15,352,3,5,1,0,2,0,1,0,0,0,0,0,0,0,0,0,0,0,0,0,0,0,0,0,0,0,1,0,0,0,0,67,10,0,0,0,0,0,0,0,0,0,0,0,0,0,0,0,0,0,0,0,0,0,0,0,0,0,0,0,0,0,0,0,0,0,0,0,0,2,0,3
86,"Templin","POT",910,0,0,0,0,0,32,270,3,23,0,0,13,0,0,0,0,0,0,0,0,0,0,0,0,0,0,0,0,0,0,0,0,16,0,0,0,0,0,56,9,0,0,0,0,0,0,0,0,0,0,0,0,0,0,0,0,0,0,0,0,0,0,0,0,0,0,0,0,0,0,0,0,0,0,0,0,0,0,2
87,"Angermünde","POT",0,0,0,0,0,0,8,277,2,3,0,0,7,0,0,0,0,0,0,0,0,0,0,0,0,0,0,0,0,0,0,0,0,0,0,0,0,0,1,57,0,3,0,0,0,0,0,0,0,0,2,26,1,30,0,0,0,0,0,0,0,0,2,40,1,8,0,0,0,0,0,0,0,0,0,0,0,3,2,3
88,"Ober-Barnim","POT",580,0,0,0,0,0,55,128,116,1,0,1,1,0,0,0,2,0,17,0,12,0,0,0,0,0,0,0,0,0,0,0,0,0,0,0,0,1,0,68,8,4,0,0,0,0,0,0,0,0,0,0,0,0,2,30,0,0,0,0,0,0,0,0,1,5,0,0,0,0,0,0,0,0,0,0,0,4,2,3
89,"Nieder-Barnim","POT",655,0,0,0,0,142,415,176,4,4,6,0,23,0,0,0,0,0,0,0,0,0,0,0,140,0,0,0,2,0,0,0,0,0,2,0,0,0,0,70,2,7,0,0,0,0,0,0,3,33,0,0,0,0,2,30,0,0,0,0,4,78,22,440,1,16,0,0,0,0,0,0,0,0,0,0,0,5,0,0
90,"Beeskow-Storkow","POT",660,0,0,0,0,0,4,67,61,0,0,0,1037,1,0,0,0,0,0,0,0,0,0,0,0,0,0,0,0,0,0,0,0,0,0,0,0,0,0,39,5,0,2,16,0,0,0,0,0,0,0,0,0,0,0,0,0,0,0,0,0,0,0,0,0,0,0,0,0,0,0,0,0,0,0,0,0,0,0,1
91,"Teltow","POT",0,0,0,0,0,83,838,210,2,4,0,1,7,0,0,0,0,0,0,0,0,0,0,12,16,0,0,0,0,0,0,0,0,0,0,0,0,65,12,29,3,2,0,0,0,0,0,0,0,0,0,0,0,0,1,6,0,0,0,0,1,6,0,0,2,41,0,0,0,0,0,0,0,0,0,0,0,0,0,0
92,"Jüterbock-Luckenwalde","POT",15741,0,0,0,0,0,466,243,570,16,0,0,836,0,0,0,129,0,18,0,377,0,0,0,0,0,0,0,0,0,0,0,0,0,7,0,0,6,0,33,1,10,6,72,0,0,2,40,0,0,2,22,3,18,0,0,0,0,0,0,0,0,1,36,0,0,0,0,0,0,0,0,0,0,0,0,0,4,0,3
93,"Zauch-Belzig","POT",3690,0,0,0,0,0,33,553,71,7,0,0,31,0,1,0,20,0,0,0,0,0,0,0,0,0,0,0,0,0,0,0,0,0,0,0,0,0,0,78,5,2,1,6,0,0,0,0,0,0,1,12,0,0,0,0,0,0,0,0,0,0,0,0,1,8,0,0,0,0,0,0,0,0,0,0,0,2,1,1
94,"Potsdam","POT",0,0,0,0,0,64,36,6,22,6,0,0,0,0,0,0,20,0,0,0,0,0,0,0,46,0,0,0,0,0,0,0,0,0,0,0,0,3,0,0,8,14,0,0,0,0,0,0,0,0,2,17,0,0,0,0,0,0,0,0,0,0,6,188,10,139,0,0,0,0,0,0,0,0,0,0,0,0,0,10
95,"Ost-Havelland","POT",140,0,0,0,0,0,181,249,1,6,6,0,10,0,0,0,0,0,0,0,0,0,0,0,0,0,0,0,0,0,1,0,0,4,0,0,0,5,0,10,3,1,0,0,0,0,0,0,0,0,0,0,1,8,1,4,0,0,0,0,0,0,1,24,0,0,0,0,0,0,0,0,0,0,0,0,0,0,0,3
96,"West-Havelland","POT",8940,0,0,51,0,352,28,374,389,2,0,3,0,0,0,0,369,0,0,0,0,0,70,0,352,0,0,0,0,0,2,0,3,0,2,0,0,3,0,16,4,5,5,66,1,1,0,0,0,0,0,0,0,0,0,0,0,0,0,0,0,0,0,0,3,26,0,0,0,0,0,0,0,0,0,0,0,0,0,6
97,"Ruppin","POT",4970,0,0,0,0,0,14,364,119,0,0,0,18,1,0,97,0,0,0,0,0,0,0,0,0,0,0,0,0,0,0,0,0,0,0,0,0,0,0,76,2,2,3,30,0,0,0,0,0,0,0,0,0,0,0,0,0,0,0,0,0,0,0,0,0,0,0,0,0,0,0,0,0,0,0,0,0,0,1,2
98,"Ost-Priegnitz","POT",4109,1370,0,0,0,0,0,75,171,0,0,0,3526,0,1,0,69,0,0,0,0,0,0,0,0,0,0,0,0,0,0,0,0,0,0,0,0,0,0,90,2,1,1,6,0,0,0,0,0,0,0,0,0,0,0,0,0,0,0,0,0,0,0,0,1,4,0,0,0,0,0,0,0,0,0,0,0,1,0,3
99,"West-Priegnitz","POT",0,0,0,0,0,0,10,55,0,0,0,0,33,0,0,0,0,0,0,0,0,0,0,0,0,0,0,0,0,0,0,0,0,0,0,0,0,0,0,60,5,0,0,0,0,0,0,0,2,31,0,0,0,0,2,50,0,0,0,0,0,0,7,200,0,0,0,0,0,0,0,0,0,0,0,0,0,1,0,2
100,"Königsberg","FRA",1520,0,0,0,0,0,21,195,167,1,0,0,119,0,0,0,26,0,0,0,0,0,0,0,0,0,0,0,0,0,0,0,0,0,0,0,0,0,0,71,17,1,1,16,0,0,0,0,0,0,0,0,2,24,0,0,0,0,0,0,0,0,0,0,0,0,0,0,0,0,0,0,0,0,0,0,0,0,0,4
101,"Soldin","FRA",940,0,0,0,0,0,4,114,20,0,0,0,48,0,0,0,15,0,0,0,0,0,0,0,0,0,0,0,0,0,0,0,0,0,0,0,0,0,0,35,19,6,0,0,0,0,0,0,0,0,4,33,0,0,3,20,0,0,0,0,0,0,0,0,0,0,0,0,0,0,0,0,0,0,0,0,0,0,1,2
102,"Arnswalde","FRA",0,0,0,0,0,0,0,11,15,0,0,0,2474,0,2,0,0,0,0,0,0,0,0,0,0,0,0,0,0,0,0,0,0,0,0,0,0,0,0,71,16,2,0,0,0,0,0,0,0,0,1,12,0,0,0,0,0,0,0,0,0,0,0,0,0,0,0,0,0,0,0,0,0,0,0,0,0,3,2,1
103,"Friedeberg","FRA",0,0,0,0,0,0,1,21,59,0,0,0,996,0,0,0,0,0,0,0,0,0,0,0,0,0,0,0,0,0,0,0,0,0,0,0,0,0,0,60,1,5,0,0,0,0,0,0,0,0,0,0,0,0,0,0,0,0,0,0,0,0,1,66,0,0,0,0,0,0,0,0,0,0,0,0,0,2,0,2
104,"Landsberg","FRA",200,0,0,0,0,0,4,79,2,0,0,14,1527,0,0,0,2,0,0,0,0,0,0,0,0,0,0,0,0,0,10,2,2,0,0,0,0,0,0,55,3,2,0,0,0,0,0,0,2,12,0,0,0,0,1,12,0,0,0,0,0,0,0,0,0,0,0,0,0,0,0,0,0,0,0,0,0,0,1,3
105,"Lebus","FRA",1600,0,0,0,0,0,31,123,14,1,0,0,167,0,1,0,0,0,0,0,14,0,0,0,0,0,0,0,0,0,0,0,0,0,0,0,0,0,0,100,13,13,0,0,0,0,0,0,0,0,2,20,0,0,0,0,0,0,0,0,0,0,2,96,1,4,0,0,0,0,0,0,0,0,0,0,0,0,0,2
106,"Frankfurt","FRA",120,0,0,0,0,0,0,0,13,0,0,0,0,0,0,12,0,0,0,0,0,0,0,0,0,0,0,0,0,0,0,0,0,0,0,0,0,3,0,7,2,0,0,0,0,0,0,0,0,0,0,0,0,0,0,0,0,0,0,0,0,0,5,270,1,8,0,0,0,0,0,0,0,0,0,0,0,3,0,7
107,"Sternberg","FRA",10410,0,0,0,0,126,2,59,225,0,0,40,2419,0,0,0,0,0,0,0,0,0,0,58,14,0,0,0,0,0,40,0,0,0,0,0,0,0,0,181,11,5,0,0,0,0,0,0,0,0,0,0,0,0,0,0,0,0,0,0,0,0,0,0,0,0,0,0,0,0,0,0,0,0,0,0,0,5,2,2
108,"Züllichau","FRA",6780,0,0,0,0,70,0,18,345,0,0,0,578,0,0,0,192,0,0,0,0,0,0,0,70,0,0,0,0,0,0,0,0,0,0,0,0,0,0,69,11,2,6,72,0,0,2,10,0,0,0,0,0,0,0,0,0,0,0,0,0,0,0,0,1,18,0,0,0,0,0,0,0,0,0,0,0,0,0,2
109,"Guben","FRA",10020,0,0,0,0,0,0,34,357,8,0,0,1622,0,0,0,87,0,0,0,0,0,0,0,0,0,0,0,0,0,0,0,0,0,0,0,0,4,0,166,0,0,3,32,0,0,0,0,0,0,0,0,0,0,0,0,0,0,0,0,0,0,2,120,0,0,0,0,0,0,0,0,0,0,0,0,0,0,0,2
110,"Crossen","FRA",8860,0,0,0,0,0,6,69,538,12,0,0,2987,0,0,0,154,0,0,0,0,0,0,0,0,0,0,0,0,0,0,0,0,0,0,0,0,0,0,125,4,0,5,54,0,0,0,0,0,0,0,0,0,0,0,0,0,0,0,0,0,0,0,0,3,33,0,0,0,0,0,0,0,0,0,0,0,2,0,3
111,"Lübben","FRA",3000,0,0,0,0,0,19,39,3,0,0,0,2123,0,0,0,0,0,0,0,0,0,0,0,0,0,0,0,0,0,0,0,0,0,0,0,0,0,0,54,3,3,0,0,0,0,0,0,0,0,1,16,0,0,0,0,0,0,0,0,0,0,0,0,0,0,0,0,0,0,0,0,0,0,0,0,0,0,0,1
112,"Luckau","FRA",9064,0,0,0,0,0,58,72,513,4,0,79,3794,0,0,0,207,0,0,0,0,0,0,0,0,0,0,0,0,67,12,0,0,0,0,0,0,0,0,85,2,4,5,38,0,0,1,20,1,8,0,0,0,0,0,0,0,0,0,0,0,0,0,0,2,34,0,0,0,0,0,0,0,0,0,0,0,0,0,2
113,"Kalau","FRA",1500,0,0,0,0,0,9,225,0,3,0,1,1718,0,0,0,0,0,0,0,9,0,115,0,0,0,0,0,0,0,0,0,0,0,0,0,0,0,0,166,3,0,1,12,0,0,0,0,0,0,0,0,0,0,0,0,0,0,0,0,0,0,0,0,0,0,0,0,0,0,0,0,0,0,0,0,0,2,0,3
114,"Cottbus","FRA",15680,0,0,0,0,0,11,280,421,8,0,0,1512,0,0,27,154,0,0,0,0,0,0,0,0,0,0,0,0,0,0,0,0,0,0,0,0,7,0,42,0,0,2,14,0,0,1,4,0,0,0,0,0,0,0,0,0,0,0,0,0,0,0,0,0,0,0,0,0,0,0,0,0,0,0,0,0,1,0,2
115,"Sorau","FRA",19242,260,0,0,0,0,127,1354,594,0,1,0,630,0,112,83,41,0,0,0,0,0,0,0,0,0,0,0,0,0,0,0,0,0,0,0,0,0,0,221,4,0,6,34,0,0,0,0,0,0,0,0,0,0,0,0,0,0,0,0,0,0,9,560,1,8,0,0,0,0,0,0,0,0,0,0,0,0,0,3
116,"Spremberg","FRA",6630,0,0,0,0,0,0,34,241,0,0,0,532,0,0,0,0,0,0,0,0,0,0,0,0,0,0,0,0,0,0,0,0,0,0,0,0,0,0,31,0,0,1,10,0,0,0,0,0,0,0,0,0,0,0,0,0,0,0,0,0,0,0,0,0,0,0,0,0,0,0,0,0,0,0,0,0,0,0,3
117,"Demmin","STE",440,0,0,0,0,0,3,391,3,2,0,0,27,0,1,0,0,0,0,0,0,0,0,0,0,0,0,0,0,0,0,0,0,0,0,0,0,0,0,47,23,0,0,0,0,0,0,0,0,0,0,0,0,0,0,0,0,0,0,0,0,0,0,0,0,0,0,0,0,0,0,0,0,0,0,0,0,2,0,3
118,"Anclam","STE",0,0,0,0,0,0,0,168,4,1,0,0,14,0,0,0,0,0,0,0,0,0,0,0,0,0,0,0,0,0,0,0,0,0,0,0,0,0,0,6,4,0,0,0,0,0,0,0,0,0,0,0,0,0,0,0,0,0,0,0,0,0,0,0,0,0,0,0,0,0,0,0,0,0,0,0,0,0,0,2
119,"Usedom-Wollin","STE",0,0,0,0,0,0,0,60,0,0,0,0,1272,0,0,0,0,0,0,0,0,0,0,0,0,0,0,0,0,0,0,0,0,0,0,0,0,0,0,0,2,0,0,0,0,0,0,0,0,0,0,0,0,0,0,0,0,0,0,0,0,0,0,0,0,0,0,0,0,0,0,0,0,0,0,0,0,0,0,1
120,"Uckermünde","STE",0,0,0,0,0,0,2,115,1,2,0,0,137,0,0,0,0,0,0,0,0,0,0,0,0,0,0,0,0,0,0,0,0,0,0,0,0,0,0,19,3,0,0,0,0,0,0,0,0,0,0,0,1,12,0,0,0,0,0,0,0,0,0,0,0,0,0,0,0,0,0,0,0,0,0,0,0,0,0,2
121,"Randow","STE",0,0,0,0,0,0,0,3,0,0,0,0,573,0,0,0,0,0,0,0,0,0,0,0,0,0,0,0,0,0,0,0,0,0,0,0,0,0,0,71,16,40,0,0,0,0,0,0,2,17,7,88,1,13,1,6,0,0,10,435,0,0,27,1431,16,119,0,0,0,0,0,0,0,0,0,0,0,0,0,15
122,"Greiffenhagen","STE",0,0,0,0,0,0,7,81,29,0,0,0,2054,0,4,0,0,0,8,0,0,0,0,0,0,0,0,0,0,0,0,0,0,0,0,0,0,4,0,64,13,2,0,0,0,0,0,0,0,0,2,10,0,0,0,0,0,0,0,0,0,0,0,0,0,0,0,0,0,0,0,0,0,0,0,0,0,3,1,1
123,"Pyritz","STE",0,0,0,0,0,0,2,25,4,0,0,0,2991,0,3,0,0,0,0,0,0,0,0,0,0,0,0,0,0,0,0,0,0,0,0,0,0,0,0,43,2,0,0,0,0,0,0,0,0,0,0,0,0,0,0,0,0,0,0,0,0,0,0,0,0,0,0,0,0,0,0,0,0,0,0,0,0,0,0,1
124,"Saazig","STE",0,0,0,0,0,0,0,39,4,0,0,0,4489,0,0,0,0,0,0,0,0,0,0,0,0,0,0,0,0,0,0,0,0,0,0,0,0,0,0,72,4,2,0,0,0,0,0,0,0,0,0,0,0,0,0,0,0,0,0,0,0,0,18,1272,0,0,0,0,0,0,0,0,0,0,0,0,0,0,0,5
125,"Naugardt","STE",1320,320,0,0,0,0,43,76,13,0,0,0,3806,28,0,0,0,0,5,0,40,0,64,0,0,0,0,0,0,0,0,0,0,0,0,0,0,0,0,60,7,0,0,0,0,0,0,0,0,0,0,0,0,0,0,0,0,0,0,0,0,0,0,0,0,0,0,0,0,0,0,0,0,0,0,0,0,0,0,1
126,"Cammin","STE",0,0,0,0,0,0,0,1,0,0,0,0,3594,0,0,0,0,0,0,0,0,0,0,0,0,0,0,0,0,0,0,0,0,0,0,0,0,0,0,32,2,0,0,0,0,0,0,0,0,0,0,0,0,0,0,0,0,0,2,50,0,0,0,0,0,0,0,0,0,0,0,0,0,0,0,0,0,0,0,1
127,"Greiffenberg","STE",0,0,0,0,0,0,0,14,1,0,0,0,2515,0,0,0,0,0,0,0,0,0,0,0,0,0,0,0,0,0,0,0,0,0,0,0,0,0,0,26,2,3,0,0,0,0,0,0,0,0,0,0,0,0,0,0,0,0,0,0,0,0,0,0,0,0,0,0,0,0,0,0,0,0,0,0,0,1,0,1
128,"Regenwalde","STE",2,0,0,0,0,0,0,20,4,0,0,3,3395,0,20,0,2,0,0,0,0,0,0,0,0,0,0,0,0,0,0,0,0,0,0,0,0,0,0,70,5,0,0,0,0,0,0,0,0,0,0,0,0,0,0,0,0,0,0,0,0,0,0,0,0,0,0,0,0,0,0,0,0,0,0,0,0,0,0,1
129,"Schiefelbein","KOS",480,30,0,0,0,0,0,12,0,0,0,0,1036,328,0,0,0,0,0,0,0,0,0,0,0,0,0,0,0,0,0,0,0,0,0,0,0,0,0,22,3,0,0,0,0,0,0,0,0,0,0,0,0,0,0,0,0,0,0,0,0,0,0,0,0,0,0,0,0,0,0,0,0,0,0,0,0,0,0,0
130,"Dramburg","KOS",3700,0,0,0,0,0,2,27,226,0,0,0,1669,0,0,0,0,0,0,0,0,0,0,0,0,0,0,0,0,0,0,0,0,0,0,0,0,0,0,44,1,0,1,10,0,0,0,0,0,0,0,0,0,0,0,0,0,0,0,0,0,0,0,0,0,0,0,0,0,0,0,0,0,0,0,0,0,1,0,2
131,"Neustettin","KOS",460,1260,0,0,0,0,4,23,81,0,0,0,3160,10,1,0,0,0,0,0,0,0,0,0,0,0,0,0,0,0,0,0,0,0,0,0,0,15,0,87,0,0,0,0,0,0,0,0,0,0,0,0,0,0,0,0,0,0,0,0,0,0,0,0,0,0,0,0,0,0,0,0,0,0,0,0,0,2,0,1
132,"Belgard","KOS",960,0,0,0,0,0,0,17,12,0,0,0,2736,1,0,0,0,0,0,0,0,0,0,0,0,0,0,0,0,0,0,0,0,0,0,0,0,0,0,61,1,0,0,0,0,0,0,0,0,0,0,0,0,0,0,0,0,0,0,0,0,0,0,0,0,0,0,0,0,0,0,0,0,0,0,0,0,0,0,1
133,"Fürstenthum","KOS",0,0,0,0,0,0,1,33,2,0,0,0,6135,0,0,0,0,0,0,0,0,0,0,0,0,0,0,0,0,0,0,0,0,0,0,0,0,2,0,112,4,0,0,0,0,0,0,0,0,0,0,0,0,0,0,0,1,11,0,0,0,0,0,0,0,0,0,0,0,0,0,0,0,0,0,0,0,4,1,14
134,"Schlawe","KOS",0,80,0,0,0,0,0,19,3,0,0,0,3600,17,0,0,0,0,0,0,0,0,0,0,0,0,0,0,0,0,0,0,0,0,0,0,0,0,0,72,2,0,0,0,0,0,0,0,0,0,0,0,0,0,0,0,0,0,0,0,0,0,0,0,0,0,0,0,0,0,0,0,0,0,0,0,0,1,0,1
135,"Rummelsburg","KOS",0,390,0,0,0,0,0,18,182,0,0,0,944,8,39,0,0,0,0,0,0,0,0,0,0,0,0,0,0,0,0,0,0,0,0,0,0,0,0,46,0,0,0,0,0,0,0,0,0,0,0,0,0,0,0,0,0,0,0,0,0,0,0,0,0,0,0,0,0,0,0,0,0,0,0,0,0,0,0,0
136,"Stolpe","KOS",17,40,0,0,0,0,2,89,5,0,3,0,3256,26,0,0,0,0,0,0,0,0,0,0,0,0,0,0,0,0,0,0,0,0,0,0,0,0,0,108,8,0,0,0,0,0,0,0,0,0,0,0,0,0,0,0,0,0,0,0,0,0,0,0,0,0,0,0,0,0,0,0,0,0,0,0,0,3,1,1
137,"Lauenburg","KOS",181,0,0,0,0,0,2,17,3,0,0,0,1224,0,0,0,0,0,0,0,0,0,0,0,0,0,0,0,0,0,0,0,0,0,0,0,0,0,0,58,0,0,0,0,0,0,0,0,0,0,0,0,0,0,0,0,0,0,0,0,0,0,0,0,0,0,0,0,0,0,0,0,0,0,0,0,0,0,0,2
138,"Bütow","KOS",0,0,0,0,0,0,0,3,7,0,0,0,573,36,0,0,0,0,0,0,0,0,0,0,0,0,0,0,0,0,0,0,0,0,0,0,0,0,0,30,1,0,0,0,0,0,0,0,0,0,0,0,0,0,0,0,0,0,0,0,0,0,0,0,0,0,0,0,0,0,0,0,0,0,0,0,0,1,0,0
139,"Rügen","STR",0,0,0,0,0,0,0,74,3,1,0,0,82,3,0,0,0,0,0,0,0,0,0,0,0,0,0,0,0,0,0,0,0,0,0,0,0,0,0,9,6,5,0,0,0,0,0,0,0,0,0,0,0,0,0,0,0,0,0,0,0,0,0,0,0,0,0,0,0,0,0,0,0,0,0,0,0,0,0,1
140,"Franzburg","STR",120,0,0,0,0,0,0,261,7,3,2,0,40,0,0,0,2,0,0,0,0,0,0,0,0,0,0,0,0,0,0,0,0,0,0,0,0,1,1,10,0,5,0,0,0,0,0,0,0,0,0,0,0,0,2,24,0,0,1,56,0,0,0,0,0,0,0,0,0,0,0,0,0,0,0,0,0,1,0,2
141,"Greifswald","STR",0,0,0,0,0,0,1,244,0,0,0,0,41,0,0,0,0,0,0,0,0,0,0,0,0,0,0,0,0,0,0,0,0,0,0,0,0,0,0,22,16,0,0,0,0,0,0,0,0,0,0,0,1,12,0,0,0,0,1,14,1,8,0,0,0,0,0,0,0,0,0,0,0,0,0,0,0,3,0,5
142,"Grimmen","STR",0,30,0,0,0,0,1,343,0,0,1,0,14,0,0,0,0,0,0,0,0,0,0,0,0,0,0,0,0,0,0,0,0,0,0,0,0,0,0,15,26,0,0,0,0,0,0,0,0,0,0,0,0,0,0,0,0,0,0,0,0,0,0,0,0,0,0,0,0,0,0,0,0,0,0,0,0,0,0,1
143,"Namslau","BRE",0,0,0,0,0,0,4,169,0,0,0,0,67,0,0,0,0,0,0,0,0,0,0,0,0,0,0,0,0,0,0,0,0,0,0,0,0,0,0,53,0,0,0,0,0,0,0,0,0,0,0,0,0,0,0,0,0,0,0,0,0,0,0,0,0,0,0,0,0,0,0,0,0,0,0,0,0,0,0,1
144,"Wartenberg","BRE",3000,0,0,0,0,0,2,109,80,0,0,0,142,1,0,0,0,0,0,0,0,0,0,0,0,0,0,0,0,0,0,0,0,0,0,0,0,3,0,67,4,0,0,0,0,0,0,0,0,0,0,0,0,0,0,0,0,0,0,0,0,0,0,0,0,0,0,0,0,0,0,0,0,0,0,0,0,2,0,1
145,"Oels","BRE",0,0,0,2464,0,0,1,95,29,2,9,0,199,12,0,0,0,0,0,0,0,0,0,0,0,0,0,0,0,0,0,0,0,0,0,0,0,0,0,109,12,8,1,40,0,0,0,0,0,0,1,12,0,0,0,0,0,0,0,0,0,0,0,0,7,63,0,0,0,0,0,0,0,0,0,0,0,1,2,3
146,"Trebnitz","BRE",1800,0,0,0,0,0,0,81,53,0,0,0,209,0,0,0,52,0,0,0,0,0,0,0,0,0,0,0,0,0,0,0,0,0,0,0,0,0,0,139,21,5,2,30,0,0,0,0,0,0,1,18,0,0,0,0,0,0,0,0,0,0,0,0,0,0,0,0,0,0,0,0,0,0,0,0,0,0,0,1
147,"Militsch","BRE",240,0,0,0,0,0,0,163,21,1,0,0,318,26,3,0,0,0,0,0,0,0,0,0,0,0,0,0,0,0,0,0,0,0,0,0,0,0,0,47,10,0,0,0,0,0,0,0,0,0,0,0,0,0,0,0,0,0,0,0,0,0,0,0,0,0,0,0,0,0,0,0,0,0,0,0,0,0,0,2
148,"Gurau","BRE",60,0,0,0,0,0,0,74,1,2,0,0,211,1,0,0,0,0,0,0,0,0,0,0,0,0,0,0,0,0,0,0,0,0,0,0,0,0,0,14,10,0,0,0,0,0,0,0,0,0,0,0,0,0,0,0,0,0,0,0,0,0,0,0,0,0,0,0,0,0,0,0,0,0,0,0,0,2,0,1
149,"Steinau","BRE",720,60,0,0,0,0,10,46,5,0,0,0,63,4,0,0,0,0,0,0,0,0,0,0,0,0,0,0,0,0,0,0,0,0,0,0,0,1,1,36,10,0,0,0,0,0,0,0,0,0,0,0,0,0,0,0,0,0,0,0,0,0,0,0,0,0,0,0,0,0,0,0,0,0,0,0,0,0,0,1
150,"Wolau","BRE",0,0,0,0,0,0,0,107,2,4,0,0,79,0,0,0,0,0,0,0,0,0,0,0,0,0,0,0,0,0,0,0,0,0,0,0,0,0,0,69,4,0,0,0,0,0,0,0,0,0,0,0,0,0,0,0,0,0,0,0,0,0,0,0,0,0,0,0,0,0,0,0,0,0,0,0,0,2,0,1
151,"Neumarkt","BRE",0,0,0,0,0,0,0,39,1,0,0,0,88,0,1,0,0,0,0,0,0,0,0,0,0,0,0,0,0,0,0,0,0,0,0,0,0,0,0,65,15,0,0,0,0,0,0,0,0,0,0,0,0,0,0,0,0,0,0,0,0,0,0,0,0,0,0,0,0,0,0,0,0,0,0,0,0,0,0,2
152,"Breslau","BRE",0,3000,0,0,0,0,14,53,23,9,6,60,0,0,0,0,8,0,0,0,0,0,0,0,0,0,0,0,0,0,0,0,60,0,0,0,0,113,15,104,5,7,3,80,0,0,0,0,5,269,0,0,0,0,1,6,0,0,0,0,0,0,36,3000,7,52,0,0,0,0,0,0,0,0,0,0,0,0,0,28
153,"Olau","BRE",840,0,0,0,0,0,7,35,0,0,0,0,191,0,0,0,0,0,0,0,0,0,0,0,0,0,0,0,0,0,0,0,0,0,0,0,0,0,0,58,4,0,0,0,0,0,0,0,0,0,0,0,0,0,0,0,0,0,0,0,0,0,0,0,0,0,0,0,0,0,0,0,0,0,0,0,0,0,0,2
154,"Brieg","BRE",450,0,0,0,0,0,0,26,30,0,2,45,225,0,0,0,0,0,0,0,0,0,0,0,0,0,0,0,0,0,0,0,45,0,0,0,0,0,0,51,4,0,0,0,0,0,0,0,0,0,0,0,0,0,0,0,0,0,0,0,0,0,0,0,1,10,0,0,0,0,0,0,0,0,0,0,0,3,0,2
155,"Strehlen","BRE",0,0,0,0,0,0,484,22,0,0,0,0,34,29,82,0,0,0,0,0,0,0,0,0,0,0,0,0,0,0,0,0,0,0,0,0,0,0,0,83,2,0,0,0,0,0,0,0,0,0,0,0,0,0,0,0,0,0,0,0,0,0,0,0,0,0,0,0,0,0,0,0,0,0,0,0,0,0,0,1
156,"Nimtsch","BRE",0,0,0,0,0,0,73,143,0,1,2,0,20,0,0,0,0,0,0,0,0,0,0,0,0,0,0,0,0,0,0,0,0,0,0,0,0,0,0,101,11,0,0,0,0,0,0,0,0,0,0,0,0,0,0,0,0,0,0,0,0,0,0,0,0,0,0,0,0,0,0,0,0,0,0,0,0,0,0,2
157,"Münsterberg","BRE",0,0,0,0,0,0,0,108,0,5,1,0,0,0,0,0,0,0,0,0,0,0,0,0,0,0,0,0,0,0,0,0,0,0,0,0,0,0,0,93,1,0,0,0,0,0,0,0,0,0,0,0,0,0,0,0,0,0,0,0,0,0,0,0,0,0,0,0,0,0,0,0,0,0,0,0,0,0,0,2
158,"Frankenstein","BRE",0,0,0,0,0,0,470,107,3,21,5,0,117,0,0,0,0,0,0,0,0,0,0,0,0,0,0,0,0,0,0,0,0,0,0,0,0,0,0,97,2,0,0,0,0,0,0,0,0,0,0,0,0,0,0,0,0,0,0,0,0,0,0,0,0,0,0,0,0,0,0,0,0,0,0,0,0,0,0,2
159,"Reichenbach","BRE",0,0,300,0,0,0,7114,106,187,1,18,5,12,33,175,0,0,0,15,0,9552,0,7,0,0,0,0,0,0,0,0,0,0,0,0,0,0,24,0,186,2,3,0,0,1,10,0,0,0,0,0,0,0,0,1,10,0,0,0,0,0,0,0,0,1,10,0,0,0,0,0,0,0,0,0,0,0,0,0,3
160,"Schweidnitz","BRE",1712,0,0,10212,0,0,1784,191,34,3,5,0,47,14,54,0,112,0,0,0,0,0,0,0,0,0,0,0,0,0,0,0,0,0,0,0,0,0,0,178,10,0,1,40,0,0,0,0,1,25,0,0,0,0,0,0,0,0,0,0,0,0,3,82,2,60,0,0,0,0,0,0,0,0,0,0,0,0,1,6
161,"Striegau","BRE",0,0,0,0,0,0,22,32,13,0,1,4,32,0,0,0,0,0,0,0,0,0,0,0,0,0,0,0,0,0,0,0,0,0,0,0,0,0,0,42,14,0,0,0,0,0,0,0,0,0,0,0,0,0,0,0,1,6,0,0,0,0,0,0,0,0,0,0,0,0,0,0,0,0,0,0,0,0,0,2
162,"Waldenburg","BRE",180,0,0,9000,0,0,2390,1430,361,0,2,5,210,100,262,0,0,350,0,0,121,0,13,0,0,0,0,0,0,0,0,0,0,0,0,0,0,4,1,215,2,0,2,120,1,24,0,0,0,0,0,0,0,0,1,8,5,53,0,0,1,6,0,0,1,10,0,0,0,0,0,0,0,0,0,0,0,1,1,4
163,"Glatz","BRE",2280,0,30728,1924,1100,0,5815,244,442,11,28,313,178,168,871,0,0,0,0,467,468,0,0,0,0,0,0,0,0,0,0,0,0,0,0,0,0,3,0,255,3,3,3,66,0,0,0,0,0,0,1,18,0,0,0,0,3,24,0,0,0,0,0,0,0,0,0,0,0,0,0,0,0,0,0,0,0,2,0,6
164,"Habelschwerdt","BRE",0,0,0,0,0,0,617,772,232,22,0,2,522,25,46,0,0,0,215,0,547,0,0,0,0,0,0,0,0,0,0,0,0,0,0,0,0,0,0,361,0,0,0,0,0,0,0,0,0,0,0,0,0,0,0,0,0,0,0,0,0,0,0,0,0,0,0,0,0,0,0,0,0,0,0,0,0,1,1,1
165,"Creutzburg","OPP",780,0,0,0,0,0,0,118,33,0,1,0,67,0,0,0,0,0,0,0,0,0,0,0,0,0,0,0,0,0,0,0,0,0,0,0,0,0,0,62,5,2,0,0,0,0,0,0,0,0,0,0,0,0,0,0,0,0,0,0,0,0,0,0,0,0,0,0,0,0,0,0,0,0,0,0,0,0,0,0
166,"Rosenberg","OPP",0,0,0,0,0,0,0,79,2,1,2,0,56,0,0,0,0,0,0,0,0,0,0,0,0,0,0,0,0,0,0,0,0,0,0,0,0,0,0,89,7,0,0,0,0,0,0,0,0,0,0,0,0,0,0,0,0,0,0,0,0,0,0,0,0,0,0,0,0,0,0,0,0,0,0,0,0,1,0,3
167,"Oppeln","OPP",0,0,0,0,0,0,0,219,0,1,0,0,72,2,0,0,0,0,0,0,0,0,0,0,0,0,0,0,0,0,0,0,0,0,0,0,0,0,0,121,6,0,0,0,0,0,0,0,0,0,0,0,0,0,0,0,0,0,0,0,0,0,0,0,0,0,0,0,0,0,0,0,0,0,0,0,0,0,0,5
168,"Gross-Strehlitz","OPP",0,0,0,0,0,0,0,118,0,0,0,0,0,1,0,0,0,0,0,0,0,0,0,0,0,0,0,0,0,0,0,0,0,0,0,0,0,0,0,104,7,0,0,0,0,0,0,0,0,0,0,0,0,0,0,0,0,0,0,0,0,0,0,0,0,0,0,0,0,0,0,0,0,0,0,0,0,0,0,1
169,"Lublinitz","OPP",0,0,0,0,0,0,0,58,0,0,0,0,25,0,0,0,0,0,0,0,0,0,0,0,0,0,0,0,0,0,0,0,0,0,0,0,0,0,0,49,9,0,0,0,0,0,0,0,0,0,0,0,0,0,0,0,0,0,0,0,0,0,0,0,3,14,0,0,0,0,0,0,0,0,0,0,0,2,0,1
170,"Tost","OPP",320,0,0,0,0,0,0,14,51,0,0,0,41,0,0,0,0,0,0,0,0,0,0,0,0,0,0,0,0,0,0,0,0,0,0,0,0,0,0,101,2,0,0,0,0,0,0,0,0,0,0,0,0,0,0,0,0,0,0,0,2,40,0,0,0,0,0,0,0,0,0,0,0,0,0,0,0,0,0,2
171,"Beuthen","OPP",0,0,0,0,0,0,0,17,0,0,0,0,5,5,0,5,0,0,0,0,0,0,0,0,0,0,0,0,0,0,0,0,0,0,0,0,0,0,0,62,1,4,0,0,0,0,0,0,2,12,1,15,0,0,0,0,86,1405,0,0,26,1373,0,0,1,15,0,0,0,0,0,0,0,0,0,0,0,0,0,3
172,"Pless","OPP",0,0,0,0,0,0,0,137,20,0,0,0,0,0,0,0,0,0,0,0,0,0,0,0,0,0,0,0,0,0,0,0,0,0,0,0,0,0,0,76,0,0,0,0,0,0,0,0,0,0,0,0,0,0,0,0,2,30,0,0,0,0,0,0,0,0,0,0,0,0,0,0,0,0,0,0,0,0,0,3
173,"Riebnick","OPP",0,0,0,0,0,0,40,23,17,0,0,1,19,0,0,0,0,0,0,0,0,0,0,0,0,0,0,0,0,0,0,0,0,0,0,0,0,2,0,113,0,8,0,0,0,0,0,0,0,0,0,0,0,0,0,0,4,48,0,0,0,0,0,0,0,0,0,0,0,0,0,0,0,0,0,0,0,2,0,1
174,"Ratibor","OPP",500,1080,0,0,0,0,57,141,41,10,0,0,74,0,0,0,0,0,0,0,0,0,0,0,0,0,0,0,0,0,0,0,0,0,0,0,0,0,0,150,8,15,1,2,0,0,0,0,0,0,0,0,0,0,1,4,0,0,0,0,0,0,6,216,0,0,0,0,0,0,0,0,0,0,0,0,0,1,0,3
175,"Cosel","OPP",0,0,0,0,0,0,0,34,0,0,0,0,11,0,0,0,0,0,0,0,0,0,0,0,0,0,0,0,0,0,0,0,0,0,0,0,0,0,0,89,11,1,0,0,0,0,0,0,0,0,0,0,0,0,0,0,0,0,0,0,0,0,0,0,0,0,0,0,0,0,0,0,0,0,0,0,0,3,0,1
176,"Leobschütz","OPP",0,180,0,0,0,0,521,357,7,4,5,0,293,2,0,0,0,0,0,0,0,0,0,0,0,0,0,0,0,0,0,0,0,0,0,0,0,0,0,126,0,0,0,0,0,0,0,0,0,0,0,0,0,0,0,0,0,0,0,0,0,0,0,0,0,0,0,0,0,0,0,0,0,0,0,0,0,0,0,3
177,"Neustadt","OPP",440,0,0,0,0,0,258,249,18,16,1,0,79,0,0,0,0,0,0,0,113,0,86,0,0,0,0,0,0,0,0,0,0,0,0,0,0,0,0,162,0,3,0,0,0,0,0,0,0,0,0,0,0,0,0,0,0,0,0,0,0,0,0,0,0,0,0,0,0,0,0,0,0,0,0,0,0,0,0,1
178,"Falkenberg","OPP",0,0,0,0,0,0,0,167,0,1,0,0,0,0,0,0,1,0,0,0,0,0,0,0,0,0,0,0,0,0,0,0,0,0,0,0,0,0,0,71,0,0,0,0,0,0,0,0,0,0,0,0,0,0,0,0,0,0,0,0,0,0,0,0,0,0,0,0,0,0,0,0,0,0,0,0,0,0,0,1
179,"Neisse","OPP",340,0,710,0,0,0,2,449,33,17,2,0,23,0,0,0,0,0,0,0,0,0,0,0,0,0,0,0,0,0,0,0,0,0,0,0,0,0,0,190,0,0,0,0,0,0,0,0,0,0,0,0,0,0,0,0,0,0,0,0,0,0,1,24,0,0,0,0,0,0,0,0,0,0,0,0,0,6,0,7
180,"Grotkau","OPP",0,0,0,0,0,0,3,44,4,4,0,0,0,0,0,0,0,0,0,0,0,0,0,0,0,0,0,0,0,0,0,0,0,0,0,0,0,0,0,67,0,0,0,0,0,0,0,0,0,0,0,0,0,0,0,0,0,0,0,0,0,0,0,0,0,0,0,0,0,0,0,0,0,0,0,0,0,0,0,1
181,"Grünberg","LIE",13620,0,0,0,0,0,0,23,339,0,1,3,1316,0,0,3,20,0,0,0,0,0,0,0,0,0,0,0,0,0,0,0,0,0,0,0,0,0,0,86,16,0,1,8,0,0,0,0,0,0,0,0,0,0,0,0,0,0,0,0,0,0,0,0,3,46,0,0,0,0,0,0,0,0,0,0,0,0,1,3
182,"Freistadt","LIE",240,0,0,978,300,0,36,76,17,1,0,0,1959,0,0,0,0,0,0,0,0,0,0,0,0,0,0,0,0,0,0,0,0,0,0,0,0,0,0,81,31,1,2,30,0,0,0,0,0,0,1,2,0,0,0,0,0,0,0,0,1,12,0,0,1,4,0,0,0,0,0,0,0,0,0,0,0,1,0,2
183,"Sagan","LIE",3105,80,0,4060,0,0,447,140,180,1,1,0,717,9,0,0,36,0,0,0,0,0,0,0,0,0,0,0,0,0,0,0,0,0,0,0,0,5,0,117,3,0,1,35,0,0,0,0,0,0,0,0,0,0,0,0,0,0,0,0,0,0,0,0,0,0,0,0,0,0,0,0,0,0,0,0,0,2,0,2
184,"Sprottau","LIE",1020,0,0,0,0,0,16,22,17,14,3,0,6,0,0,0,3,0,0,0,0,0,0,0,0,0,0,0,0,0,0,0,0,0,0,0,0,0,0,65,6,0,0,0,0,0,0,0,0,0,0,0,0,0,0,0,0,0,0,0,0,0,0,0,0,0,0,0,0,0,0,0,0,0,0,0,0,1,2,1
185,"Glogau","LIE",820,0,0,0,0,0,0,100,7,2,0,0,212,2,10,0,0,0,0,0,0,0,0,0,0,0,0,0,0,0,0,0,0,0,0,0,0,0,0,115,4,4,1,8,0,0,0,0,0,0,0,0,0,0,0,0,0,0,0,0,0,0,9,360,2,18,0,0,0,0,0,0,0,0,0,0,0,0,1,4
186,"Lüben","LIE",1683,0,0,0,0,0,0,41,57,0,0,0,34,1,0,0,0,0,0,0,0,0,0,0,0,0,0,0,0,0,0,0,0,0,0,0,0,0,0,59,5,15,0,0,0,0,0,0,0,0,3,24,0,0,2,4,0,0,0,0,0,0,0,0,1,3,0,0,0,0,0,0,0,0,0,0,0,0,0,1
187,"Bunzlau","LIE",0,0,0,0,0,0,5,108,31,5,4,1,87,0,4,0,0,0,0,0,0,0,0,0,0,0,0,0,4,0,0,0,0,0,0,0,0,0,0,135,13,0,0,0,0,0,0,0,0,0,0,0,1,3,0,0,0,0,0,0,0,0,0,0,0,0,0,0,0,0,0,0,0,0,0,0,0,4,1,4
188,"Hainau-Goldberg","LIE",3985,0,0,0,0,0,0,28,171,0,0,0,0,0,0,0,31,0,0,0,0,0,0,0,0,0,0,0,0,0,0,0,0,0,0,0,0,0,0,114,1,0,0,0,0,0,0,0,0,0,0,0,0,0,0,0,0,0,0,0,0,0,0,0,0,0,0,0,0,0,0,0,0,0,0,0,0,1,0,5
189,"Liegnitz","LIE",1010,0,0,0,0,0,0,98,31,3,0,34,0,0,0,1,30,0,0,0,0,0,0,0,0,0,0,0,0,0,0,0,34,0,3,0,0,0,0,69,0,0,1,8,0,0,0,0,0,0,0,0,0,0,0,0,0,0,0,0,0,0,0,0,1,16,0,0,0,0,0,0,0,0,0,0,0,1,0,8
190,"Jauer","LIE",0,0,0,0,0,0,0,53,0,5,2,0,18,0,0,0,0,0,0,0,0,0,0,0,0,0,0,0,0,0,0,0,0,0,0,0,0,2,0,79,6,0,0,0,0,0,0,0,0,0,0,0,0,0,0,0,0,0,0,0,0,0,0,0,0,0,0,0,0,0,0,0,0,0,0,0,0,0,0,1
191,"Schönau","LIE",1200,0,0,0,0,0,41,483,9,0,0,16,102,0,5,0,0,0,0,0,0,0,0,0,0,0,0,0,0,0,0,0,0,0,0,0,0,0,0,86,11,0,0,0,0,0,0,0,0,0,1,12,0,0,0,0,0,0,0,0,0,0,0,0,0,0,0,0,0,0,0,0,0,0,0,0,0,2,1,0
192,"Bolkenhain","LIE",320,0,2896,0,2296,0,63,1627,50,0,1,0,398,2,0,0,0,0,0,0,190,0,1549,0,0,0,0,0,0,0,0,0,0,0,0,0,0,6,0,99,0,0,0,0,0,0,0,0,0,0,0,0,0,0,0,0,0,0,0,0,0,0,0,0,0,0,0,0,0,0,0,0,0,0,0,0,0,0,0,0
193,"Landshut","LIE",0,0,0,3040,1700,0,1447,2179,9,2,3,36,230,13,20,0,0,0,0,0,1355,4,994,0,0,0,0,0,0,0,0,0,0,0,0,0,0,3,0,95,4,0,2,80,0,0,0,0,0,0,0,0,0,0,0,0,0,0,0,0,0,0,0,0,0,0,0,0,0,0,0,0,0,0,0,0,0,0,0,1
194,"Hirschberg","LIE",720,720,0,7000,0,12,315,1505,476,4,16,40,307,30,52,0,0,0,0,0,89,0,187,0,0,0,45,0,7,0,0,0,0,0,0,0,0,2,0,162,1,0,2,90,0,0,1,15,0,0,0,0,0,0,0,0,0,0,0,0,0,0,0,0,0,0,0,0,0,0,0,0,0,0,0,0,0,5,3,9
195,"Löwenberg","LIE",630,0,0,0,0,0,242,357,37,23,24,3,122,3,8,0,5,0,0,0,0,0,0,0,0,0,0,0,0,0,0,0,0,0,1,0,0,0,0,166,6,0,0,0,0,0,0,0,0,0,0,0,0,0,0,0,0,0,0,0,0,0,0,0,0,0,0,0,0,0,0,0,0,0,0,0,0,0,0,4
196,"Lauban","LIE",0,0,0,0,0,1,4180,2217,467,3,16,8,193,45,97,0,40,4,34,924,1540,0,156,0,0,0,0,0,0,0,0,0,0,0,1,0,0,8,0,162,6,2,0,0,3,80,0,0,0,0,0,0,0,0,0,0,0,0,0,0,0,0,0,0,0,0,0,0,0,0,0,0,0,0,0,0,0,3,0,4
197,"Görlitz","LIE",5980,420,0,0,0,0,68,56,14,8,3,0,77,4,4,0,172,0,0,0,0,0,0,0,0,0,0,0,0,0,0,0,0,0,0,0,16,3,0,136,3,0,5,92,0,0,2,10,0,0,0,0,0,0,0,0,0,0,0,0,0,0,0,0,0,0,0,0,0,0,0,0,0,0,0,0,0,1,0,8
198,"Rothenburg","LIE",1200,0,0,0,0,0,24,49,2,1,0,0,142,0,0,0,0,0,0,0,0,0,0,0,0,0,0,0,0,0,0,0,0,0,0,0,0,0,0,159,3,0,0,0,0,0,0,0,0,0,0,0,0,0,0,0,0,0,0,0,0,0,0,0,0,0,0,0,0,0,0,0,0,0,0,0,0,2,1,1
199,"Hoyerswerda","LIE",360,303,0,0,0,0,21,31,5,8,2,0,88,0,0,0,0,0,0,0,0,0,0,0,0,0,0,0,0,0,0,0,0,0,0,0,0,0,0,93,1,0,0,0,0,0,0,0,0,0,0,0,0,0,0,0,0,0,0,0,1,6,0,0,0,0,0,0,0,0,0,0,0,0,0,0,0,3,0,1
200,"Osterburg","MAG",30,0,0,0,0,0,1,121,0,0,0,0,1397,0,0,0,0,0,0,0,0,0,0,0,0,0,0,0,0,0,0,0,0,0,0,0,0,0,0,7,6,2,0,0,0,0,0,0,0,0,0,0,0,0,0,0,0,0,0,0,0,0,0,0,0,0,0,0,0,0,0,0,0,0,0,0,0,0,0,1
201,"Salzwedel","MAG",4848,0,0,0,0,0,52,140,73,0,0,2,2013,0,0,0,21,0,0,0,52,0,54,0,0,0,0,0,0,0,0,0,0,0,0,0,0,11,0,84,3,1,0,0,0,0,0,0,0,0,0,0,0,0,1,8,0,0,0,0,0,0,0,0,2,16,0,0,0,0,0,0,0,0,0,0,0,2,0,2
202,"Gardelegen","MAG",0,0,0,0,0,0,36,549,8,0,0,0,150,0,0,0,2,0,0,0,0,0,0,0,0,0,0,0,0,0,0,0,0,0,0,0,0,12,0,93,2,5,0,0,0,0,0,0,0,0,0,0,0,0,0,0,0,0,0,0,0,0,0,0,0,0,0,0,0,0,0,0,0,0,0,0,0,0,0,0
203,"Stendal","MAG",1220,0,0,0,0,0,14,69,2,0,0,0,303,0,0,2,0,0,0,0,0,0,0,0,0,0,0,0,0,0,0,0,0,0,0,0,0,23,0,12,4,2,0,0,0,0,0,0,0,0,0,0,0,0,0,0,0,0,0,0,1,10,0,0,2,10,0,0,0,0,0,0,0,0,0,0,0,0,0,2
204,"Jerichow II","MAG",190,0,0,0,0,0,0,353,1,0,0,0,95,0,0,0,0,0,0,0,0,0,0,0,0,0,0,0,0,0,0,0,0,0,0,0,0,0,0,30,0,4,0,0,0,0,0,0,0,0,0,0,0,0,0,0,0,0,0,0,0,0,0,0,4,28,0,0,0,0,0,0,0,0,0,0,0,0,0,0
205,"Jerichow I","MAG",15045,0,0,0,0,0,56,317,465,1,0,1,25,0,0,6,454,0,0,0,0,0,0,0,0,0,0,0,0,0,0,0,1,0,0,0,0,6,3,97,6,3,12,146,0,0,1,10,1,4,5,9,0,0,0,0,0,0,0,0,0,0,0,0,13,99,0,0,0,0,0,0,0,0,0,0,0,9,3,2
206,"Calbe","MAG",2520,0,0,0,0,0,50,213,136,0,0,3,78,4,1,0,99,0,0,0,0,0,0,0,0,0,0,0,0,0,0,0,0,0,0,0,0,6,0,50,2,4,2,36,0,0,1,10,0,0,3,16,0,0,0,0,4,81,0,0,0,0,0,0,16,168,0,0,0,0,0,0,0,0,0,0,0,3,1,4
207,"Magdeburg","MAG",100,0,8176,0,0,0,111,81,4,10,125,1,0,0,0,0,0,0,0,0,36,0,0,0,0,0,0,67,43,0,0,0,0,0,0,0,0,0,0,19,2,8,2,50,1,6,0,0,5,34,2,24,1,6,2,6,0,0,8,490,0,0,0,0,37,363,0,0,0,0,0,0,0,0,0,0,0,0,0,33
208,"Wanzleben","MAG",0,0,0,0,0,0,50,402,1,0,0,0,128,0,0,0,0,0,0,0,0,0,0,0,0,0,0,0,0,0,0,0,0,0,0,0,0,0,0,61,2,13,0,0,0,0,0,0,4,42,2,15,1,30,1,12,2,14,0,0,0,0,36,2160,39,351,0,0,0,0,0,0,0,0,0,0,0,0,0,1
209,"Wollmirstädt","MAG",0,0,0,0,0,0,64,224,0,0,2,36,293,0,9,0,0,0,0,0,13,0,0,0,0,0,0,0,2,0,0,0,0,0,0,0,0,3,0,32,2,5,0,0,0,0,0,0,0,0,0,0,0,0,0,0,0,0,0,0,0,0,0,0,2,14,0,0,0,0,0,0,0,0,0,0,0,0,0,0
210,"Neuhaldensleben","MAG",0,0,0,0,0,0,0,86,1,1,0,0,386,0,0,0,0,0,0,0,0,0,0,0,0,0,0,0,0,0,0,0,0,0,0,0,0,0,0,65,1,4,0,0,0,0,0,0,0,0,0,0,0,0,0,0,0,0,0,0,0,0,0,0,6,46,0,0,0,0,0,0,0,0,0,0,0,1,0,2
211,"Oschersleben","MAG",0,0,0,0,0,0,0,226,0,0,0,0,493,0,0,0,0,0,0,0,0,0,0,0,0,0,0,0,0,0,0,0,0,0,0,0,0,0,0,84,1,4,0,0,0,0,0,0,0,0,0,0,0,0,0,0,6,70,0,0,0,0,0,0,0,0,0,0,0,0,0,0,0,0,0,0,0,1,1,1
212,"Aschersleben","MAG",5504,50,0,0,0,0,41,277,276,1,0,0,217,0,0,0,131,1,144,0,0,0,63,0,0,0,0,0,0,0,0,0,0,0,0,0,0,10,0,117,5,0,1,16,0,0,0,0,0,0,0,0,0,0,0,0,2,17,0,0,0,0,0,0,16,111,0,0,0,0,0,0,0,0,0,0,0,3,0,9
213,"Halberstadt","MAG",220,0,0,0,0,0,26,492,19,0,0,0,0,0,0,4,6,0,0,0,0,0,0,0,0,0,0,0,0,0,0,0,0,0,0,0,0,2,0,135,1,3,0,0,0,0,0,0,0,0,0,0,0,0,0,0,0,0,0,0,0,0,3,70,0,0,0,0,0,0,0,0,0,0,0,0,0,1,1,9
214,"Grafschaft Wernigerode","MAG",0,0,0,0,0,0,2,115,13,0,0,0,11,0,0,0,12,0,0,0,0,0,0,0,0,0,0,0,0,0,0,0,0,0,0,0,0,0,0,68,0,0,0,0,0,0,0,0,1,3,0,0,0,0,0,0,0,0,0,0,1,4,0,0,0,0,0,0,0,0,0,0,0,0,0,0,0,14,0,1
215,"Liebenwerda","MER",450,0,0,0,0,0,30,72,16,5,8,0,196,0,0,0,0,0,0,0,0,0,0,0,0,0,0,0,0,0,0,0,0,0,0,0,0,0,0,81,2,0,0,0,0,0,0,0,0,0,0,0,0,0,0,0,0,0,0,0,3,30,0,0,0,0,0,0,0,0,0,0,0,0,0,0,0,0,0,1
216,"Torgau","MER",720,0,0,0,0,0,11,49,8,10,2,0,188,0,0,0,0,0,0,0,0,0,0,0,0,0,0,0,0,0,0,0,0,0,0,0,0,0,0,126,10,4,1,4,0,0,0,0,0,0,0,0,0,0,0,0,0,0,0,0,0,0,0,0,0,0,0,0,0,0,0,0,0,0,0,0,0,1,0,3
217,"Schweinitz","MER",0,0,0,0,0,0,30,101,20,4,0,0,2267,0,0,0,0,0,0,0,0,0,0,0,0,0,0,0,0,0,0,0,0,0,0,0,0,0,0,61,0,0,0,0,0,0,0,0,0,0,0,0,0,0,0,0,0,0,0,0,0,0,0,0,0,0,0,0,0,0,0,0,0,0,0,0,0,0,0,1
218,"Wittenberg","MER",3760,0,0,0,0,0,106,207,93,4,14,2,12,0,1,0,14,0,0,0,0,0,0,0,0,0,0,0,0,0,0,0,0,0,0,0,0,3,0,98,1,0,0,0,0,0,0,0,0,0,1,8,0,0,0,0,0,0,0,0,0,0,1,35,0,0,0,0,0,0,0,0,0,0,0,0,0,2,0,3
219,"Bitterfeld","MER",1560,0,0,0,0,0,248,339,67,6,0,0,0,0,0,0,60,0,0,0,0,0,0,0,0,0,0,0,0,0,0,0,0,0,0,0,0,0,0,86,4,4,0,0,0,0,1,20,0,0,0,0,0,0,0,0,5,108,0,0,0,0,0,0,0,0,0,0,0,0,0,0,0,0,0,0,0,3,0,6
220,"Delitsch","MER",0,0,0,0,0,0,349,95,1,34,4,30,94,0,0,0,0,0,0,160,30,0,0,0,0,0,0,0,0,0,0,0,0,10,13,0,0,120,23,56,3,6,0,0,0,0,1,12,0,0,0,0,0,0,0,0,1,30,0,0,0,0,0,0,5,103,0,0,0,0,0,0,0,0,0,0,0,0,0,7
221,"Saal-Kreis","MER",0,0,0,0,0,0,39,179,0,0,0,0,0,0,0,0,0,0,0,0,0,0,0,0,0,0,0,0,0,0,0,0,0,0,0,0,0,0,0,81,6,0,0,0,0,0,0,0,1,10,0,0,0,0,0,0,4,58,0,0,0,0,0,0,1,16,0,0,0,0,0,0,0,0,0,0,0,0,2,0
222,"Halle","MER",0,0,0,0,0,0,0,49,6,11,0,0,0,0,0,0,0,0,0,0,0,0,0,0,0,0,0,0,0,0,0,0,0,0,0,0,0,2,0,22,0,0,0,0,0,0,0,0,0,0,1,4,0,0,1,4,0,0,0,0,0,0,5,900,1,10,0,0,0,0,0,0,0,0,0,0,0,0,0,25
223,"Seekreis Mannsfeld","MER",0,0,0,0,0,0,89,168,0,0,0,0,42,0,1,0,0,0,0,0,0,0,0,0,0,0,0,0,0,0,0,0,0,0,0,0,0,0,0,103,6,0,0,0,0,0,0,0,0,0,0,0,0,0,0,0,3,100,0,0,0,0,0,0,0,0,0,0,0,0,0,0,0,0,0,0,0,0,0,6
224,"Gebirgskreis Mannsfeld","MER",0,0,0,0,0,0,0,307,1,0,0,0,8,0,0,0,0,0,0,0,0,0,0,0,0,0,0,0,0,0,0,0,0,0,0,0,0,3,0,97,0,0,0,0,0,0,0,0,0,0,0,0,0,0,0,0,1,7,0,0,0,0,0,0,2,16,0,0,0,0,0,0,0,0,0,0,0,4,2,2
225,"Sangerhausen","MER",0,0,0,0,0,0,138,376,0,0,0,0,180,0,0,0,0,0,0,0,0,0,0,0,0,0,0,0,0,0,0,0,0,0,0,0,0,1,0,204,1,0,0,0,0,0,0,0,0,0,0,0,0,0,0,0,0,0,0,0,0,0,0,0,0,0,0,0,0,0,0,0,0,0,0,0,0,4,0,3
226,"Eckartsberga","MER",0,0,0,0,0,0,30,78,0,3,0,0,440,0,0,0,0,0,0,0,0,0,0,0,0,0,0,0,0,0,0,0,0,0,0,0,0,12,0,127,3,0,0,0,0,0,0,0,0,0,0,0,0,0,0,0,0,0,0,0,0,0,0,0,0,0,0,0,0,0,0,0,0,0,0,0,0,2,0,1
227,"Querfurt","MER",560,0,0,0,0,0,101,48,18,2,2,0,284,2,0,0,0,0,0,0,6,0,0,0,0,0,0,0,0,0,0,0,0,0,0,0,0,0,0,132,7,0,0,0,0,0,0,0,0,0,0,0,0,0,0,0,0,0,0,0,0,0,0,0,0,0,0,0,0,0,0,0,0,0,0,0,0,2,0,2
228,"Merseburg","MER",0,0,0,0,0,0,57,19,2,5,0,0,33,0,0,0,0,0,0,0,28,0,0,0,0,0,0,0,0,0,0,0,0,0,0,0,0,14,0,109,3,0,0,0,0,0,0,0,0,0,0,0,0,0,0,0,0,0,0,0,0,0,0,0,0,0,0,0,0,0,0,0,0,0,0,0,0,5,0,7
229,"Weissenfels","MER",0,0,0,0,0,0,47,62,12,14,0,5,19,0,0,0,0,0,0,0,0,0,0,0,0,0,0,0,0,0,0,0,5,0,0,0,0,2,0,128,0,1,0,0,0,0,0,0,0,0,0,0,0,0,0,0,0,0,0,0,0,0,0,0,0,0,0,0,0,0,0,0,0,0,0,0,0,0,0,3
230,"Naumburg","MER",120,0,0,0,0,0,24,8,0,11,0,0,49,0,0,0,0,0,0,0,0,0,0,0,0,0,0,0,0,0,0,0,0,0,0,0,0,0,0,44,3,2,0,0,0,0,0,0,0,0,1,18,0,0,0,0,0,0,0,0,0,0,0,0,1,4,0,0,0,0,0,0,0,0,0,0,0,1,0,9
231,"Zeitz","MER",1410,0,0,0,0,0,624,1,200,4,20,90,0,0,0,0,0,0,145,0,348,0,0,0,0,0,0,0,0,0,0,0,0,0,0,0,0,15,2,87,1,0,0,0,0,0,0,0,0,0,0,0,0,0,0,0,0,0,0,0,0,0,0,0,1,10,0,0,0,0,0,0,0,0,0,0,0,2,0,2
232,"Nordhausen","ERF",1440,0,0,0,0,0,2816,495,54,0,2,150,457,0,33,10,69,0,0,0,3184,0,0,0,0,0,0,0,0,0,0,0,0,0,0,0,0,15,0,146,1,0,0,0,0,0,0,0,0,0,0,0,0,0,0,0,0,0,0,0,0,0,0,0,0,0,0,0,0,0,0,0,0,0,0,0,0,1,0,5
233,"Worbis","ERF",0,0,0,0,0,0,2030,1774,2,1,0,208,235,0,119,0,0,0,0,0,1366,0,1127,0,0,0,0,0,0,0,0,0,0,0,0,0,0,2,0,111,0,0,0,0,0,0,0,0,0,0,0,0,0,0,0,0,0,0,0,0,0,0,0,0,0,0,0,0,0,0,0,0,0,0,0,0,0,0,0,2
234,"Heiligenstadt","ERF",3976,60,0,0,0,0,1157,93,552,1,0,3,156,30,8,0,0,0,414,0,1722,0,0,0,0,0,0,0,0,0,0,0,0,0,0,0,0,9,2,140,0,0,0,0,0,0,0,0,0,0,0,0,0,0,0,0,0,0,0,0,0,0,0,0,0,0,0,0,0,0,0,0,0,0,0,0,0,2,0,3
235,"Mühlhausen","ERF",12700,2230,0,0,0,3,1255,73,877,3,0,13,177,78,31,0,0,0,277,0,576,0,0,0,0,0,0,0,0,0,0,0,0,0,0,0,0,17,0,124,0,0,0,0,0,0,0,0,0,0,0,0,0,0,0,0,0,0,0,0,0,0,0,0,0,0,0,0,0,0,0,0,0,0,0,0,0,0,0,3
236,"Langensalza","ERF",404,5260,0,0,0,14,28,392,51,0,0,0,0,0,0,0,0,0,0,0,0,0,0,2,5,0,0,0,0,0,0,0,5,0,0,0,0,0,0,72,0,0,1,15,0,0,1,8,0,0,0,0,0,0,0,0,0,0,0,0,0,0,0,0,0,0,0,0,0,0,0,0,0,0,0,0,0,1,0,3
237,"Weissensee","ERF",210,0,0,0,0,0,1,91,4,0,0,0,172,0,0,0,1,0,0,0,0,0,0,0,0,0,0,0,0,0,0,0,0,0,0,0,0,0,0,61,0,0,0,0,0,0,0,0,0,0,0,0,0,0,0,0,0,0,0,0,1,5,0,0,0,0,0,0,0,0,0,0,0,0,0,0,0,1,0,2
238,"Erfurt","ERF",1000,2648,0,0,0,25,220,129,260,51,42,42,130,0,196,0,0,0,0,0,0,0,0,0,0,0,0,30,0,0,10,28,4,15,6,0,0,0,0,191,0,0,0,0,1,12,0,0,0,0,0,0,0,0,0,0,0,0,0,0,0,0,31,5050,0,0,0,0,0,0,0,0,0,0,0,0,0,2,0,25
239,"Ziegenrück","ERF",240,0,0,0,0,0,198,28,2,59,0,0,64,0,0,0,0,0,0,0,0,0,0,0,0,0,0,0,0,0,0,0,0,0,0,0,0,0,0,48,0,0,0,0,0,0,0,0,0,0,0,0,0,0,0,0,0,0,0,0,0,0,0,0,0,0,0,0,0,0,0,0,0,0,0,0,0,4,1,0
240,"Schleusingen","ERF",0,0,0,0,0,0,686,51,0,3,4,0,182,54,12,0,0,0,0,36,252,0,0,0,0,0,0,0,0,0,0,0,0,0,0,0,0,3,1,110,0,0,0,0,0,0,0,0,0,0,0,0,0,0,0,0,0,0,0,0,0,0,0,0,0,0,0,0,0,0,0,0,0,0,0,0,0,4,0,4
241,"Tecklenburg","MUN",160,0,0,0,0,0,281,75,1,7,0,11,3539,2,0,0,1,0,0,0,4,0,0,0,0,0,0,0,0,0,0,0,0,0,0,0,0,5,0,74,3,0,0,0,0,0,0,0,0,0,0,0,0,0,0,0,2,31,0,0,1,8,0,0,0,0,0,0,0,0,0,0,0,0,0,0,0,3,0,1
242,"Warendorf","MUN",0,0,0,0,0,0,484,354,3,0,0,7,833,0,14,0,0,3,0,0,25,25,21,0,0,0,0,0,0,0,0,0,0,0,0,0,0,0,0,53,2,0,0,0,0,0,0,0,0,0,0,0,0,0,0,0,0,0,0,0,0,0,0,0,0,0,0,0,0,0,0,0,0,0,0,0,0,0,0,2
243,"Beckum","MUN",0,0,0,0,0,0,40,254,0,6,28,0,172,0,15,0,0,0,0,0,13,0,0,0,0,0,0,0,28,0,0,0,0,0,0,0,0,0,0,60,40,0,0,0,0,0,0,0,0,0,0,0,0,0,0,0,0,0,0,0,0,0,0,0,0,0,0,0,0,0,0,0,0,0,0,0,0,0,0,1
244,"Lüdinghausen","MUN",0,0,0,0,0,0,55,355,0,11,0,0,349,0,0,0,0,0,0,0,0,0,0,0,0,0,0,0,0,0,0,0,0,0,7,0,0,6,4,64,10,3,0,0,0,0,0,0,0,0,0,0,0,0,0,0,0,0,0,0,0,0,0,0,0,0,0,0,0,0,0,0,0,0,0,0,0,0,0,1
245,"Landkreis Münster","MUN",720,0,0,0,0,0,85,153,6,39,0,0,209,0,4,0,0,0,0,0,0,0,0,0,0,0,0,0,0,0,0,0,0,0,0,0,0,2,0,67,4,3,0,0,0,0,0,0,0,0,0,0,0,0,0,0,0,0,0,0,0,0,4,143,0,0,0,0,0,0,0,0,0,0,0,0,0,0,0,0
246,"Stadt Münster","MUN",40,0,1080,0,0,0,76,22,1,0,0,0,0,0,0,0,0,0,1,0,75,0,21,0,0,0,0,0,0,0,0,0,0,0,0,0,0,0,0,2,0,5,1,6,0,0,0,0,0,0,1,24,0,0,1,4,0,0,0,0,0,0,0,0,0,0,0,0,0,0,0,0,0,0,0,0,0,0,0,18
247,"Steinfurt","MUN",132,0,12200,0,0,22,3663,977,22,7,0,1,416,0,717,0,7,0,7,2,1294,0,0,0,22,0,0,0,0,0,0,0,0,0,0,0,0,4,3,46,6,2,1,50,0,0,0,0,0,0,1,5,0,0,0,0,0,0,0,0,0,0,0,0,2,12,0,0,0,0,0,0,0,0,0,0,0,0,0,1
248,"Coesfeld","MUN",0,0,0,0,0,0,1324,339,1,5,0,0,956,1,140,0,0,0,0,0,1065,0,40,0,0,0,0,0,0,0,0,0,0,0,0,0,0,4,0,60,1,3,0,0,0,0,0,0,1,8,1,12,0,0,0,0,0,0,0,0,1,40,0,0,1,2,0,0,0,0,0,0,0,0,0,0,0,2,0,4
249,"Ahaus","MUN",280,0,3340,0,0,1,4077,46,10,5,0,2,582,5,681,0,8,0,0,0,1401,0,0,0,0,0,0,0,0,0,0,0,0,0,0,0,0,0,0,40,6,0,2,12,0,0,0,0,0,0,0,0,0,0,0,0,0,0,0,0,0,0,0,0,0,0,0,0,0,0,0,0,0,0,0,0,0,0,0,0
250,"Borken","MUN",0,0,7600,0,0,8,1401,233,5,5,0,0,1141,0,586,0,0,0,0,0,1259,0,32,0,8,0,0,0,0,0,0,0,0,0,0,0,0,32,0,44,0,0,0,0,0,0,0,0,0,0,0,0,0,0,0,0,0,0,0,0,0,0,0,0,0,0,0,0,0,0,0,0,0,0,0,0,0,0,0,1
251,"Recklinghausen","MUN",510,0,0,0,0,0,8,293,57,29,0,0,494,0,22,0,29,0,0,0,0,0,0,0,0,0,0,0,0,0,0,0,0,0,0,0,0,10,1,86,0,0,0,0,0,0,0,0,0,0,0,0,0,0,0,0,0,0,0,0,2,18,0,0,1,7,0,0,0,0,0,0,0,0,0,0,0,3,1,3
252,"Minden","MIN",0,0,0,0,0,0,27,20,0,1,0,31,5,0,0,0,0,0,0,27,0,0,0,0,0,0,0,0,0,0,0,0,0,0,0,0,0,6,0,87,4,3,0,0,0,0,0,0,0,0,0,0,0,0,0,0,0,0,0,0,0,0,10,1280,0,0,0,0,0,0,0,0,0,0,0,0,0,0,0,7
253,"Lübbecke","MIN",0,0,0,0,0,0,2,28,0,0,0,0,4183,0,0,0,0,0,0,0,0,0,0,0,0,0,0,0,0,0,0,0,0,0,0,0,0,0,0,72,19,0,0,0,0,0,0,0,0,0,0,0,0,0,0,0,0,0,0,0,0,0,0,0,0,0,0,0,0,0,0,0,0,0,0,0,0,0,0,1
254,"Herfort","MIN",0,0,0,0,2000,7,45,214,0,0,0,2,1087,0,0,0,0,0,0,0,0,0,0,0,0,0,0,0,0,0,0,0,0,0,0,0,0,0,0,144,0,0,0,0,0,0,0,0,0,0,0,0,0,0,0,0,0,0,0,0,0,0,0,0,0,0,0,0,0,0,0,0,0,0,0,0,0,1,0,2
255,"Halle","MIN",0,0,0,0,0,0,9,169,0,0,0,0,1535,0,546,0,0,0,0,0,0,0,0,0,0,0,0,0,0,0,0,0,0,0,0,0,0,0,0,93,3,0,0,0,0,0,0,0,0,0,0,0,0,0,0,0,0,0,0,0,0,0,0,0,0,0,0,0,0,0,0,0,0,0,0,0,0,0,0,1
256,"Bielefeld","MIN",0,360,12,0,0,140,0,2925,12,0,0,46,194,0,0,0,12,0,0,0,0,0,638,0,117,0,0,0,0,0,0,0,0,0,0,0,0,0,0,101,1,6,0,0,0,0,0,0,0,0,1,30,0,0,1,2,0,0,0,0,0,0,0,0,1,26,0,0,0,0,0,0,0,0,0,0,0,4,1,5
257,"Wiedenbrück","MIN",0,0,0,0,0,6,50,98,0,0,0,0,135,0,0,0,0,0,0,0,0,0,0,0,0,0,0,0,0,0,0,0,0,0,0,0,0,5,0,73,0,0,0,0,0,0,0,0,0,0,0,0,0,0,0,0,0,0,0,0,1,20,0,0,0,0,0,0,0,0,0,0,0,0,0,0,0,0,0,3
258,"Paderborn","MIN",0,0,0,0,0,0,16,17,0,0,0,0,1102,1,0,0,0,0,0,16,0,0,0,0,0,0,0,0,0,0,0,0,0,0,0,0,0,0,0,80,0,0,0,0,0,0,0,0,0,0,0,0,0,0,0,0,0,0,0,0,0,0,0,0,0,0,0,0,0,0,0,0,0,0,0,0,0,3,0,7
259,"Büren","MIN",0,0,0,0,0,0,0,19,0,0,0,0,393,0,0,0,0,0,0,0,0,0,0,0,0,0,0,0,0,0,0,0,0,0,0,0,0,2,0,106,3,0,0,0,0,0,0,0,0,0,0,0,0,0,0,0,0,0,0,0,0,0,0,0,0,0,0,0,0,0,0,0,0,0,0,0,0,3,0,1
260,"Warburg","MIN",0,0,0,0,0,0,0,5,0,0,0,0,429,0,0,0,0,0,0,0,0,0,0,0,0,0,0,0,0,0,0,0,0,0,0,0,0,2,0,73,3,0,0,0,0,0,0,0,0,0,0,0,0,0,0,0,0,0,0,0,0,0,1,1,0,0,0,0,0,0,0,0,0,0,0,0,0,0,0,1
261,"Höxter","MIN",0,0,0,0,0,0,44,127,0,2,0,0,126,15,0,0,0,0,0,0,29,0,0,0,0,0,0,0,0,0,0,0,0,0,0,0,0,0,0,128,0,0,0,0,0,0,0,0,0,0,0,0,0,0,0,0,0,0,0,0,0,0,0,0,0,0,0,0,0,0,0,0,0,0,0,0,0,4,0,2
262,"Arnsberg","ARN",60,0,0,0,0,0,0,222,4,1,0,3,26,0,0,0,0,0,0,0,0,0,0,0,0,0,0,0,0,0,0,0,0,0,0,0,0,5,0,87,0,0,0,0,0,0,0,0,0,0,0,0,0,0,0,0,0,0,0,0,0,0,0,0,0,0,0,0,0,0,0,0,0,0,0,0,0,9,7,8
263,"Meschede","ARN",480,0,0,0,0,0,2,86,10,21,0,0,161,0,0,0,14,0,0,0,0,0,0,0,0,0,0,0,0,0,0,0,0,0,0,0,0,0,0,113,0,0,0,0,0,0,0,0,0,0,0,0,0,0,0,0,0,0,0,0,0,0,0,0,0,0,0,0,0,0,0,0,0,0,0,0,0,2,0,1
264,"Brillon","ARN",0,0,0,0,0,0,1,52,0,0,0,0,225,3,0,0,0,0,0,0,0,0,0,0,0,0,0,0,0,0,0,0,0,0,0,0,0,7,0,94,0,0,0,0,0,0,0,0,0,0,0,0,0,0,0,0,0,0,0,0,0,0,0,0,0,0,0,0,0,0,0,0,0,0,0,0,0,1,2,2
265,"Lippstadt","ARN",0,0,0,0,0,0,0,151,0,0,0,0,137,1,0,0,0,0,0,0,0,0,0,0,0,0,0,0,0,0,0,0,0,0,0,0,0,0,0,77,3,0,0,0,0,0,0,0,0,0,0,0,0,0,0,0,0,0,0,0,0,0,0,0,2,8,0,0,0,0,0,0,0,0,0,0,0,1,0,3
266,"Soest","ARN",0,0,0,0,0,0,10,310,0,1,0,0,72,0,0,0,0,0,0,0,0,0,0,0,0,0,0,0,0,0,0,0,0,0,0,0,0,4,0,96,2,0,0,0,0,0,0,0,0,0,1,6,0,0,0,0,0,0,0,0,0,0,0,0,1,10,0,0,0,0,0,0,0,0,0,0,0,0,0,5
267,"Hamm","ARN",0,0,0,0,0,0,5,161,0,4,0,0,247,0,0,0,0,0,0,0,0,0,0,0,0,0,0,0,0,0,0,0,0,0,0,0,0,9,0,60,1,4,0,0,0,0,0,0,0,0,0,0,0,0,0,0,0,0,0,0,0,0,0,0,0,0,0,0,0,0,0,0,0,0,0,0,0,0,0,8
268,"Dortmund","ARN",0,0,0,0,0,0,212,288,16,17,0,0,125,0,0,6,0,0,0,0,195,0,0,0,0,0,0,0,0,0,0,0,0,0,0,0,0,15,0,71,4,12,0,0,0,0,0,0,1,30,1,16,2,18,0,0,24,1555,0,0,14,504,24,2016,1,6,0,0,0,0,0,0,0,0,0,0,0,0,0,3
269,"Bochum","ARN",2100,0,0,0,0,101,16,171,96,4,45,0,90,0,0,9,87,0,0,0,0,0,0,0,0,0,0,0,13,0,0,0,0,0,2,0,0,15,1,115,2,13,2,8,0,0,1,10,0,0,2,27,0,0,0,0,18,724,0,0,4,40,0,0,0,0,0,0,0,0,0,0,0,0,0,0,0,13,0,5
270,"Hagen","ARN",840,0,6162,0,0,76,62,71,108,15,930,32,16,0,0,0,97,0,0,0,163,0,629,0,0,0,0,1,408,0,0,0,0,0,0,0,0,12,3,88,1,4,2,32,1,10,0,0,7,120,1,8,0,0,2,14,14,480,0,0,4,156,0,0,0,0,0,0,0,0,0,0,0,0,0,0,0,12,1,4
271,"Iserlohn","ARN",480,0,0,0,0,0,11,192,15,6,0,0,0,0,0,0,16,0,0,0,0,0,0,0,0,0,0,0,0,0,0,0,0,0,0,0,0,14,2,72,0,0,0,0,0,0,0,0,0,0,0,0,0,0,2,23,0,0,0,0,1,4,0,0,0,0,0,0,0,0,0,0,0,0,0,0,0,19,7,3
272,"Altena","ARN",480,0,0,0,0,0,0,16,8,16,0,0,124,0,0,0,8,0,0,0,0,0,0,0,0,0,0,0,0,0,0,0,0,0,0,0,0,2,0,116,0,2,0,0,0,0,0,0,0,0,1,7,0,0,0,0,0,0,0,0,1,3,0,0,0,0,0,0,0,0,0,0,0,0,0,0,0,6,4,3
273,"Olpe","ARN",100,0,0,0,0,0,0,12,0,0,0,0,157,4,2,0,0,0,0,0,0,0,0,0,0,0,0,0,0,0,0,0,0,0,0,0,0,0,0,64,0,0,0,0,0,0,0,0,0,0,0,0,0,0,0,0,0,0,0,0,0,0,0,0,0,0,0,0,0,0,0,0,0,0,0,0,0,2,0,3
274,"Siegen","ARN",960,180,0,0,0,1,1160,137,86,5,0,0,969,1,24,10,60,0,26,0,790,0,34,0,0,0,0,0,0,0,0,0,0,0,0,0,0,14,0,79,0,0,1,6,0,0,0,0,1,6,0,0,0,0,0,0,0,0,0,0,3,25,0,0,0,0,0,0,0,0,0,0,0,0,0,0,0,0,2,2
275,"Wittgenstein","ARN",240,0,0,0,0,0,101,54,171,3,0,0,37,137,2,0,0,0,153,0,64,0,0,0,0,0,0,0,0,0,0,0,0,0,0,0,0,0,0,53,0,0,0,0,0,0,0,0,0,0,0,0,0,0,0,0,0,0,0,0,0,0,0,0,0,0,0,0,0,0,0,0,0,0,0,0,0,1,0,0
276,"Wipperfurt","KOL",5450,0,8000,0,0,0,5,30,40,2,0,1,82,1,2,0,38,0,0,0,0,0,0,0,0,0,0,0,0,0,0,0,0,0,0,0,0,2,0,71,0,0,5,101,1,1,1,9,0,0,0,0,0,0,0,0,0,0,0,0,0,0,0,0,1,16,0,0,0,0,0,0,0,0,0,0,0,0,0,1
277,"Gummersbach","KOL",970,0,0,0,0,0,4,6,0,226,22,20,286,0,0,0,0,0,0,0,4,0,0,0,0,0,0,0,0,0,0,0,0,0,0,0,0,11,0,56,0,0,0,0,0,0,0,0,0,0,0,0,0,0,0,0,0,0,0,0,0,0,0,0,0,0,0,0,0,0,0,0,0,0,0,0,0,9,1,1
278,"Waldbroel","KOL",0,0,0,0,0,0,2,48,0,0,0,0,59,0,0,0,0,0,0,0,0,0,0,0,0,0,0,0,0,0,0,0,0,0,0,0,0,0,0,44,0,0,0,0,0,0,0,0,0,0,0,0,0,0,0,0,0,0,0,0,0,0,0,0,0,0,0,0,0,0,0,0,0,0,0,0,0,0,0,0
279,"Sieg","KOL",0,0,0,0,0,0,150,7,0,2,0,0,345,7,30,0,0,0,0,0,0,0,0,0,0,0,0,2,0,0,0,20,0,0,221,0,0,48,5,167,0,0,0,0,0,0,0,0,0,0,0,0,0,0,0,0,0,0,0,0,0,0,0,0,1,12,0,0,0,0,0,0,0,0,0,0,0,2,0,1
280,"Mühlheim","KOL",1090,0,0,0,0,972,54,12,4,8,0,0,67,2,1,0,14,0,0,0,42,0,0,0,889,0,0,0,0,0,0,0,0,0,0,0,0,0,0,136,1,0,0,0,0,0,0,0,0,0,0,0,0,0,0,0,1,20,0,0,0,0,0,0,0,0,0,0,0,0,0,0,0,0,0,0,0,6,3,3
281,"Stadt Cöln","KOL",2177,0,710,0,0,140,155,2,1,29,0,16,1,0,0,0,0,0,0,0,0,0,0,0,0,0,0,53,16,0,14,1,1,1,1,0,0,11,8,2,1,12,4,19,0,0,1,4,1,2,2,93,1,6,1,30,0,0,22,1920,2,14,18,1176,16,145,0,0,0,0,0,0,0,0,0,0,0,0,0,46
282,"Landkreis Cöln","KOL",120,0,0,0,0,4,52,49,0,4,6,0,22,0,0,0,0,0,0,0,0,0,0,0,0,0,0,0,0,0,0,0,0,0,0,0,0,8,1,59,3,5,0,0,1,4,0,0,3,22,1,12,3,48,0,0,0,0,0,0,1,6,7,12,0,0,0,0,0,0,0,0,0,0,0,0,0,0,0,1
283,"Bergheim","KOL",0,0,0,0,0,6,47,118,0,12,0,1,70,2,0,0,0,0,0,0,0,0,0,0,0,0,0,0,0,0,0,0,0,0,0,0,0,3,1,57,0,0,0,0,0,0,0,0,0,0,0,0,0,0,0,0,0,0,0,0,0,0,1,3,0,0,0,0,0,0,0,0,0,0,0,0,0,2,0,1
284,"Euskirchen","KOL",2835,300,0,0,0,0,0,0,67,0,0,0,196,9,0,0,62,0,0,0,0,0,0,0,0,0,0,0,0,0,0,0,0,0,0,0,0,0,0,96,0,0,0,0,0,0,0,0,0,0,0,0,0,0,0,0,1,6,0,0,0,0,0,0,0,0,0,0,0,0,0,0,0,0,0,0,0,2,0,2
285,"Rheinbach","KOL",1310,0,0,0,0,0,5,71,38,5,0,0,139,3,7,0,18,0,0,0,0,0,0,0,0,0,0,0,0,0,0,0,0,0,0,0,0,0,0,62,0,2,0,0,0,0,0,0,0,0,0,0,0,0,0,0,0,0,0,0,0,0,0,0,0,0,0,0,0,0,0,0,0,0,0,0,0,2,0,0
286,"Bonn","KOL",0,0,6000,0,0,0,124,157,0,23,0,0,33,0,0,0,0,0,0,20,9,0,0,0,0,0,0,0,0,0,0,0,0,0,0,0,0,6,4,82,3,0,1,27,1,6,1,3,0,0,0,0,0,0,1,4,1,4,0,0,0,0,9,326,2,20,0,0,0,0,0,0,0,0,0,0,0,0,0,14
287,"Cleve","DUS",0,0,0,0,0,0,69,135,2,18,0,0,15,0,0,0,0,0,0,27,37,0,0,0,0,0,0,0,0,0,0,0,0,0,0,0,0,3,0,19,8,0,0,0,0,0,0,0,0,0,0,0,0,0,0,0,0,0,0,0,0,0,0,0,0,0,0,0,0,0,0,0,0,0,0,0,0,0,0,3
288,"Rees","DUS",0,0,1520,0,0,0,12,21,0,3,0,17,58,0,0,0,0,0,0,0,0,0,0,0,0,0,0,0,0,0,3,0,14,0,0,0,0,9,4,8,28,5,0,0,0,0,0,0,2,22,2,17,1,5,1,9,0,0,0,0,0,0,0,0,3,15,0,0,0,0,0,0,0,0,0,0,0,0,0,15
289,"Duisburg","DUS",5640,240,7000,0,0,12,298,101,334,13,0,0,123,0,0,24,307,0,0,0,114,0,0,0,0,0,0,0,0,0,0,0,0,0,0,0,0,12,1,140,5,10,10,172,1,5,0,0,9,158,4,36,0,0,1,8,64,4105,9,4200,18,723,5,350,9,107,0,0,0,0,0,0,0,0,0,0,0,8,0,11
290,"Geldern","DUS",700,0,5664,0,0,480,429,440,50,33,27,11,117,0,81,0,20,0,10,302,55,0,0,0,171,0,0,0,0,0,0,2,7,0,1,0,0,13,3,54,21,4,3,26,0,0,1,4,0,0,0,0,0,0,0,0,0,0,0,0,0,0,0,0,0,0,0,0,0,0,0,0,0,0,0,0,0,0,0,4
291,"Kempen","DUS",780,0,0,0,0,3671,1260,553,4,51,920,2,72,0,1,0,0,0,0,0,355,0,56,211,336,0,0,13,28,0,0,0,0,0,8,0,0,17,0,42,2,5,1,4,0,0,0,0,0,0,0,0,0,0,0,0,0,0,0,0,0,0,0,0,1,12,0,0,0,0,0,0,0,0,0,0,0,0,1,2
292,"Crefeld","DUS",800,0,0,0,0,6957,12,94,46,209,586,0,44,0,23,0,40,0,2,0,0,0,0,0,6062,0,0,0,250,0,0,16,4,0,166,0,0,13,0,4,9,12,1,16,0,0,0,0,0,0,3,20,0,0,0,0,0,0,0,0,0,0,8,728,6,8,0,0,0,0,0,0,0,0,0,0,0,0,0,9
293,"Düsseldorf","DUS",360,0,6000,0,0,183,571,106,87,32,0,4,39,3,76,0,2,0,16,165,196,0,0,33,66,0,0,0,0,0,0,1,1,0,7,0,0,17,18,125,0,3,1,30,1,4,0,0,0,0,1,10,2,19,0,0,2,41,11,1060,0,0,10,400,6,57,0,0,0,0,0,0,0,0,0,0,0,4,1,13
294,"Elberfeld","DUS",0,0,29444,0,0,5264,695,18,1559,5,954,177,0,0,12,0,0,12,1324,0,345,0,3,15,3819,0,0,0,867,0,47,0,21,0,0,0,56,172,6,140,0,3,2,80,3,17,0,0,1,10,2,24,0,0,1,6,0,0,0,0,5,21,21,756,12,67,0,0,0,0,0,0,0,0,0,0,0,6,0,29
295,"Lennep","DUS",15684,0,0,0,0,160,1801,76,1008,72,351,0,25,0,38,89,281,0,29,0,315,0,0,16,7,0,0,27,26,0,0,0,0,0,0,0,0,2,0,84,1,0,9,73,1,4,2,20,3,22,0,0,0,0,1,12,0,0,0,0,1,6,0,0,0,0,0,0,0,0,0,0,0,0,0,0,0,0,1,1
296,"Solingen","DUS",1100,2100,0,0,0,708,1318,64,81,135,12,0,18,0,0,0,11,0,7,0,269,0,0,0,0,0,0,0,9,0,0,0,0,0,51,0,0,3,0,118,4,1,0,0,0,0,0,0,0,0,1,4,1,4,1,1,0,0,0,0,2,15,0,0,0,0,0,0,0,0,0,0,0,0,0,0,0,7,0,4
297,"Neuss","DUS",840,0,0,0,0,39,131,84,19,20,0,1,3,2,0,1,6,0,0,0,40,0,0,2,19,0,0,0,0,0,0,0,0,0,0,0,0,0,6,22,4,4,1,10,0,0,1,16,1,10,1,12,0,0,2,42,0,0,0,0,1,10,0,0,1,16,0,0,0,0,0,0,0,0,0,0,0,0,0,4
298,"Grevenbroich","DUS",0,0,7000,0,0,30,1397,138,63,23,2,0,27,0,184,0,0,0,12,270,187,0,0,0,4,0,0,0,0,0,0,0,0,4,2,0,0,1,1,36,2,0,0,0,0,0,0,0,0,0,0,0,0,0,0,0,0,0,0,0,0,0,0,0,0,0,0,0,0,0,0,0,0,0,0,0,0,0,0,1
299,"Gladbach","DUS",0,0,29470,0,0,1782,4527,132,529,23,505,0,41,0,149,0,0,0,1320,0,9875,0,29,0,1106,0,10,34,202,0,0,0,0,0,0,0,0,39,0,71,4,4,10,56,1,16,0,0,0,0,1,6,0,0,0,0,0,0,0,0,0,0,0,0,4,28,0,0,0,0,0,0,0,0,0,0,0,2,0,5
300,"Simmern","KOB",160,0,0,0,0,0,0,20,2,22,0,0,988,10,0,0,0,0,0,0,0,0,0,0,0,0,0,0,0,0,0,0,0,0,0,0,0,0,0,262,0,0,0,0,0,0,0,0,0,0,0,0,0,0,0,0,0,0,0,0,0,0,0,0,0,0,0,0,0,0,0,0,0,0,0,0,0,0,0,2
301,"Coblenz","KOB",660,0,0,0,0,0,8,33,0,15,0,0,39,0,0,0,26,0,0,0,0,0,0,0,0,0,0,0,0,0,0,0,0,0,0,0,0,11,1,124,0,4,1,12,0,0,0,0,0,0,1,12,0,0,1,3,1,4,0,0,0,0,0,0,0,0,0,0,0,0,0,0,0,0,0,0,0,1,0,15
302,"St. Goar","KOB",0,0,0,0,0,0,0,65,11,25,0,0,182,0,0,0,0,0,0,0,0,0,0,0,0,0,0,0,0,0,0,0,0,0,0,0,0,1,0,133,0,0,0,0,0,0,0,0,0,0,0,0,0,0,0,0,0,0,0,0,0,0,0,0,0,0,0,0,0,0,0,0,0,0,0,0,0,0,0,2
303,"Kreuznach","KOB",180,0,0,0,0,0,7,98,4,2,0,0,231,0,0,0,2,0,0,0,0,0,0,0,0,0,0,0,0,0,0,0,0,0,0,0,0,0,0,176,0,0,0,0,0,0,0,0,0,0,0,0,0,0,0,0,0,0,0,0,1,16,0,0,0,0,0,0,0,0,0,0,0,0,0,0,0,3,0,6
304,"Zell","KOB",0,0,0,0,0,0,0,5,10,5,0,0,219,0,0,0,0,0,0,0,0,0,0,0,0,0,0,0,0,0,0,0,0,0,0,0,0,0,0,137,0,0,0,0,0,0,0,0,0,0,0,0,0,0,0,0,0,0,0,0,1,60,0,0,0,0,0,0,0,0,0,0,0,0,0,0,0,0,0,1
305,"Kochheim","KOB",720,0,0,0,0,0,0,73,0,1,0,0,130,0,0,0,0,0,0,0,0,0,0,0,0,0,0,0,0,0,0,0,0,0,0,0,0,1,0,133,0,0,0,0,0,0,0,0,0,0,0,0,0,0,0,0,0,0,0,0,0,0,0,0,0,0,0,0,0,0,0,0,0,0,0,0,0,0,0,2
306,"Mayen","KOB",1305,0,0,0,0,0,86,64,80,16,0,0,132,0,0,0,24,0,0,0,0,0,0,0,0,0,0,0,0,0,0,0,0,0,0,0,0,0,0,219,1,0,0,0,0,0,0,0,0,0,0,0,0,0,0,0,0,0,0,0,0,0,0,0,0,0,0,0,0,0,0,0,0,0,0,0,0,6,0,2
307,"Adenau","KOB",420,360,0,0,0,0,16,92,10,1,0,0,68,20,0,0,0,0,0,0,0,0,0,0,0,0,0,0,0,0,0,0,0,0,0,0,0,0,0,86,0,0,0,0,0,0,0,0,0,0,0,0,0,0,0,0,0,0,0,0,0,0,0,0,0,0,0,0,0,0,0,0,0,0,0,0,0,0,0,0
308,"Ahrweiler","KOB",0,0,0,0,0,0,26,125,4,0,0,0,54,0,0,0,0,0,0,0,0,0,0,0,0,0,0,0,0,0,0,0,0,0,0,0,0,1,0,80,0,0,0,0,0,0,0,0,0,0,0,0,0,0,0,0,0,0,0,0,0,0,0,0,0,0,0,0,0,0,0,0,0,0,0,0,0,2,1,1
309,"Neuwied","KOB",0,0,0,0,0,0,64,58,3,8,0,0,252,1,0,0,2,0,0,0,24,0,0,0,0,0,0,0,0,0,0,0,0,0,0,0,0,12,2,119,0,2,0,0,0,0,0,0,0,0,1,3,1,3,2,15,3,69,0,0,1,4,0,0,0,0,0,0,0,0,0,0,0,0,0,0,0,2,0,6
310,"Altenkirchen","KOB",0,0,16396,0,0,0,0,2,0,1,0,0,404,0,61,0,0,0,0,0,0,0,0,0,0,0,0,0,0,0,0,0,0,0,0,0,0,0,0,59,1,0,0,0,0,0,0,0,0,0,0,0,0,0,0,0,0,0,0,0,0,0,0,0,1,10,0,0,0,0,0,0,0,0,0,0,0,3,0,2
311,"Wetzlar","KOB",0,0,0,0,0,0,0,31,0,23,0,0,944,5,0,0,0,0,0,0,0,0,0,0,0,0,0,0,0,0,0,0,0,0,0,0,0,0,0,120,0,0,0,0,0,0,0,0,0,0,0,0,0,0,0,0,0,0,0,0,0,0,0,0,0,0,0,0,0,0,0,0,0,0,0,0,0,0,0,2
312,"Daun","TRI",0,0,0,0,0,0,0,8,0,0,0,0,331,4,0,0,0,0,0,0,0,0,0,0,0,0,0,0,0,0,0,0,0,0,0,0,0,0,0,132,0,0,0,0,0,0,0,0,0,0,0,0,0,0,0,0,0,0,0,0,0,0,0,0,0,0,0,0,0,0,0,0,0,0,0,0,0,0,0,0
313,"Prüm","TRI",0,300,0,0,0,0,0,10,14,0,0,0,1171,7,0,0,0,0,0,0,0,0,0,0,0,0,0,0,0,0,0,0,0,0,0,0,0,1,1,169,0,0,0,0,0,0,0,0,0,0,0,0,0,0,0,0,0,0,0,0,0,0,0,0,0,0,0,0,0,0,0,0,0,0,0,0,0,0,0,2
314,"Bitburg","TRI",0,0,0,0,0,0,0,115,8,0,0,0,1025,12,0,0,0,0,0,0,0,0,0,0,0,0,0,0,0,0,0,0,0,0,0,0,0,1,0,204,0,0,0,0,0,0,0,0,0,0,0,0,0,0,0,0,0,0,0,0,0,0,0,0,0,0,0,0,0,0,0,0,0,0,0,0,0,1,0,0
315,"Wittlich","TRI",0,0,0,0,0,0,0,22,7,6,0,4,101,0,0,0,0,0,0,0,0,0,0,0,0,0,0,0,0,0,0,0,0,0,0,0,0,0,0,149,0,0,0,0,0,0,0,0,0,0,0,0,0,0,0,0,0,0,0,0,0,0,0,0,0,0,0,0,0,0,0,0,0,0,0,0,0,0,0,1
316,"Trier (Stadt)","TRI",340,0,0,0,0,0,59,69,20,11,0,0,0,0,0,0,7,0,0,0,59,0,14,0,0,0,0,0,0,0,0,0,0,0,0,0,0,0,0,19,2,0,1,4,0,0,0,0,0,0,0,0,0,0,0,0,0,0,6,318,0,0,0,0,0,0,0,0,0,0,0,0,0,0,0,0,0,0,0,15
317,"Trier (Land)","TRI",0,0,0,0,0,0,0,0,0,2,0,0,544,0,3,0,0,0,0,0,0,0,0,0,0,0,0,0,0,0,0,0,0,0,0,0,0,0,0,262,0,0,0,0,0,0,0,0,0,0,0,0,0,0,0,0,0,0,0,0,8,280,0,0,0,0,0,0,0,0,0,0,0,0,0,0,0,0,0,0
318,"Berncastel","TRI",0,0,0,0,0,0,0,36,1,5,0,0,944,0,0,0,0,0,0,0,0,0,0,0,0,0,0,0,0,0,0,0,0,0,0,0,0,4,0,294,0,0,0,0,0,0,0,0,0,0,0,0,0,0,0,0,0,0,0,0,0,0,0,0,0,0,0,0,0,0,0,0,0,0,0,0,0,3,0,2
319,"Saarburg","TRI",0,0,0,0,0,0,0,0,0,4,0,0,355,0,0,0,3,0,0,0,0,0,0,0,0,0,0,0,0,0,0,0,0,0,0,0,0,0,0,97,0,0,0,0,0,0,0,0,0,0,0,0,0,0,0,0,0,0,0,0,0,0,0,0,0,0,0,0,0,0,0,0,0,0,0,0,0,0,0,0
320,"Merzig","TRI",340,0,0,0,0,0,2,141,6,22,0,0,154,0,0,0,0,0,0,0,0,0,0,0,0,0,0,0,0,0,0,0,0,0,0,0,0,2,0,116,0,0,0,0,0,0,0,0,0,0,0,0,0,0,0,0,0,0,0,0,0,0,0,0,0,0,0,0,0,0,0,0,0,0,0,0,0,0,0,2
321,"Saarlouis","TRI",100,0,0,0,0,0,8,273,7,0,0,0,276,25,0,0,0,0,0,0,0,0,0,0,0,0,0,0,0,0,0,0,0,0,0,0,0,0,0,112,0,0,0,0,0,0,0,0,0,0,0,0,0,0,0,0,5,142,0,0,1,40,0,0,3,24,0,0,0,0,0,0,0,0,0,0,0,4,2,4
322,"Saarbrücken","TRI",280,0,3272,0,0,8,10,168,11,2,0,0,185,0,0,0,0,0,0,0,3,0,0,0,0,0,0,0,0,0,0,0,0,0,0,0,0,0,0,104,0,0,3,25,0,0,0,0,0,0,0,0,0,0,0,0,5,108,0,0,1,40,0,0,0,0,0,0,0,0,0,0,0,0,0,0,0,0,0,7
323,"Ottweiler","TRI",0,0,0,0,0,0,0,31,0,7,0,0,408,0,0,0,0,0,0,0,0,0,0,0,0,0,0,0,0,0,0,0,0,0,0,0,0,5,0,101,0,0,0,0,0,0,0,0,0,0,0,0,0,0,0,0,1,25,0,0,6,250,0,0,0,0,0,0,0,0,0,0,0,0,0,0,0,1,0,0
324,"St. Wendel","TRI",152,0,0,0,0,0,0,37,12,7,0,0,643,17,0,0,2,0,0,0,0,0,0,0,0,0,0,0,0,0,0,0,0,0,0,0,0,0,0,170,1,0,0,0,0,0,0,0,0,0,0,0,0,0,0,0,0,0,0,0,0,0,0,0,0,0,0,0,0,0,0,0,0,0,0,0,0,0,0,1
325,"Erkelens","AAC",0,0,0,0,0,143,781,136,25,12,17,0,22,28,2,0,0,0,0,0,15,0,0,0,0,0,0,0,0,0,0,0,0,0,0,0,0,6,1,51,1,0,0,0,0,0,0,0,0,0,0,0,0,0,0,0,0,0,0,0,0,0,0,0,0,0,0,0,0,0,0,0,0,0,0,0,0,0,0,1
326,"Heinsberg","AAC",0,0,0,0,0,74,228,116,126,0,15,0,387,5,4,0,0,0,105,9,16,0,0,0,0,0,0,0,0,0,0,0,0,0,0,0,0,0,0,53,0,0,0,0,0,0,0,0,0,0,0,0,0,0,0,0,0,0,0,0,0,0,0,0,0,0,0,0,0,0,0,0,0,0,0,0,0,6,0,1
327,"Geilenkirchen","AAC",0,0,0,0,0,6,512,40,30,0,2,0,161,0,2,0,0,0,30,7,473,0,0,0,0,0,0,0,0,0,0,0,0,0,0,0,0,4,0,35,0,0,0,0,0,0,0,0,0,0,0,0,0,0,0,0,0,0,0,0,0,0,0,0,0,0,0,0,0,0,0,0,0,0,0,0,0,1,1,1
328,"Jülich","AAC",0,0,0,0,0,2,14,110,5,1,0,0,60,0,0,0,3,0,0,0,0,0,0,0,0,0,0,0,0,0,0,0,0,0,0,0,0,0,0,48,0,0,0,0,0,0,0,0,0,0,0,0,0,0,0,0,0,0,0,0,0,0,0,0,0,0,0,0,0,0,0,0,0,0,0,0,0,4,1,2
329,"Düren","AAC",4900,0,0,0,0,0,23,164,288,3,0,0,18,5,0,0,226,0,0,0,11,0,0,0,0,0,0,0,0,0,0,0,0,0,0,0,0,6,0,91,0,0,6,102,0,0,5,64,1,12,0,0,0,0,2,12,3,34,0,0,5,235,2,4,0,0,0,0,0,0,0,0,0,0,0,0,0,11,7,3
330,"Stadt Aachen","AAC",27440,0,0,0,0,0,0,4,2524,21,0,14,0,0,0,6,2518,0,0,0,0,0,0,0,0,0,0,0,0,0,4,0,10,0,21,0,0,0,0,23,0,6,3,36,21,365,0,0,8,80,2,28,1,6,0,0,0,0,0,0,8,60,15,1840,6,24,0,0,0,0,0,0,0,0,0,0,0,0,0,19
331,"Landkreis Aachen","AAC",18044,7375,0,0,0,0,3,22,1105,0,27,1,10,19,0,7,999,0,0,0,0,0,0,0,0,0,0,0,0,0,0,0,0,0,0,0,0,0,0,70,1,0,4,60,0,0,5,20,5,199,0,0,0,0,0,0,54,4235,0,0,17,620,1,2,0,0,0,0,0,0,0,0,0,0,0,0,0,3,0,5
332,"Eupen","AAC",29305,720,0,0,0,0,2,0,1435,0,0,0,0,0,0,15,1131,0,0,0,0,0,0,0,0,0,0,0,0,0,0,0,0,0,0,0,0,0,0,29,0,0,13,162,0,0,3,36,2,12,0,0,0,0,0,0,2,30,0,0,0,0,0,0,1,4,0,0,0,0,0,0,0,0,0,0,0,0,0,2
333,"Montjoie","AAC",15220,0,0,0,0,0,0,29,752,0,0,0,37,90,2,0,514,0,0,0,0,0,0,0,0,0,0,0,0,0,0,0,0,0,0,0,0,0,0,27,0,0,1,16,0,0,0,0,0,0,0,0,0,0,0,0,0,0,0,0,0,0,0,0,0,0,0,0,0,0,0,0,0,0,0,0,0,0,0,1
334,"Schleiden","AAC",0,240,0,0,0,0,4,49,9,0,0,0,69,1,0,0,0,0,0,0,0,0,0,0,0,0,0,0,0,0,0,0,0,0,0,0,0,4,0,120,0,0,0,0,0,0,0,0,0,0,0,0,0,0,0,0,1,20,0,0,4,106,0,0,0,0,0,0,0,0,0,0,0,0,0,0,0,0,0,2
335,"Malmedy","AAC",0,0,0,0,0,0,5,5,3,0,0,0,72,2,0,0,3,0,0,0,0,0,0,0,0,0,0,0,0,0,0,0,0,0,0,0,36,4,0,91,0,0,0,0,0,0,0,0,0,0,0,0,0,0,0,0,0,0,0,0,0,0,0,0,0,0,0,0,0,0,0,0,0,0,0,0,0,0,1,1
