kreiskey1800,county,rb,pop181621_born_tot,pop181621_born_oow_tot,pop181621_stillborn_oow_tot,pop181621_died_un1_tot,pop181621_died_m_1to3,pop181621_died_f_1to3,pop181621_died_m_3to5,pop181621_died_f_3to5,pop181621_died_m_10to14,pop181621_died_f_10to14,pop181621_died_m_14to20,pop181621_died_f_14to20,pop181621_died_m_80to84,pop181621_died_f_80to84,pop181621_died_m_85to89,pop181621_died_f_85to89,pop181621_died_m_ov89,pop181621_died_f_ov89,pop181621_died_m_tot,pop181621_died_f_tot,pop181621_died_tot,pop181621_died_m_sui,pop181621_died_f_sui,pop181621_died_f_birth
1,"(Preussisch) Eilau","KON",5910,414,102,834,243,236,99,115,27,16,30,25,21,20,11,10,6,2,1534,1473,3007,11,3,43
1,"Brandenburg","KON",6652,613,186,853,205,203,94,83,18,25,36,29,20,26,16,12,5,3,1609,1560,3169,13,3,42
1,"Friedland","KON",5206,457,205,730,259,243,102,128,19,29,35,24,26,26,13,11,12,8,1506,1561,3127,7,2,38
1,"Zinten","KON",5236,360,167,739,261,183,108,103,22,22,33,31,28,24,13,10,8,1,1460,1390,2850,19,5,30
2,"Allenstein","KON",5958,484,63,922,318,300,163,120,29,27,38,34,23,20,11,12,3,3,1757,1682,3439,2,0,48
2,"Heilsberg","KON",6905,562,155,924,223,184,99,102,28,22,26,39,14,26,8,8,2,2,1587,1557,3144,7,0,71
2,"Heilsberg","KON",6973,447,170,1113,337,316,125,110,13,13,28,27,12,17,3,5,6,1,1759,1653,3412,2,2,58
2,"Rössel","KON",6047,405,58,970,314,303,155,146,31,35,41,39,32,20,22,19,7,3,1845,1894,3739,5,2,68
3,"(Preussisch) Holland","KON",5359,435,243,879,244,225,101,100,16,29,32,30,17,27,7,11,2,4,1569,1518,3087,15,1,53
3,"Mohrungen","KON",6997,552,231,1142,309,241,132,107,29,14,38,30,29,31,8,15,2,7,1915,1790,3705,3,0,65
3,"Mohrungen","KON",8384,756,306,1208,323,295,142,29,31,37,53,46,27,21,14,15,7,4,2185,2046,4231,14,2,86
3,"Osterode","KON",6924,550,157,1192,322,298,144,116,49,35,40,38,28,22,17,12,9,9,1996,1880,3876,4,1,53
4,"Neidenburg","KON",5969,496,143,866,274,236,101,129,30,41,40,42,30,29,19,19,9,14,1629,1662,3291,3,1,56
4,"Neidenburg","KON",7136,640,170,1080,358,344,155,122,47,32,56,37,40,36,17,15,11,10,2088,1894,398,2,1,42
4,"Ortelsburg","KON",7957,522,146,1322,437,396,104,132,33,41,46,31,34,43,21,28,20,21,2339,2189,4528,1,0,71
5,"Gerdauen","KON",5334,390,169,876,274,239,100,88,32,36,30,30,25,29,14,16,5,6,1630,1563,3193,9,0,57
5,"Rastenburg","KON",5912,670,230,827,192,222,104,99,25,29,30,43,28,24,12,16,10,10,1611,1670,3281,12,3,61
5,"Rastenburg","KON",5824,739,171,964,277,284,108,101,40,31,41,37,41,38,13,18,12,15,1687,1743,3630,12,1,58
6,"Fischhausen","KON",5035,392,121,747,165,134,80,79,23,23,23,23,30,32,13,17,11,9,1496,1345,2841,12,2,43
6,"Königsberg, Landkreis","KON",5985,444,171,974,198,217,91,119,32,20,32,34,26,29,25,23,8,14,1630,1663,3293,9,5,49
6,"Königsberg, Stadtkreis","KON",14316,2293,703,2686,642,604,251,219,68,61,122,107,81,126,49,67,53,41,5650,5340,10990,70,12,105
6,"Schaken","KON",4403,420,140,682,147,140,55,75,15,13,29,35,30,31,14,14,9,5,1292,1208,2500,12,2,22
7,"Labiau","KON",5968,402,174,811,186,189,97,86,25,21,34,20,20,26,11,15,6,12,1576,1518,3094,4,0,49
7,"Tapiau","KON",6242,563,204,841,239,227,118,114,34,24,45,49,25,15,16,19,10,5,1818,1542,3360,9,,48
7,"Wehlau","KON",5933,474,166,851,252,218,110,97,25,31,40,31,29,26,15,19,12,8,1791,1623,3414,14,4,55
8,"Darkehmen","GUM",5287,229,147,738,205,174,95,76,24,19,28,30,29,26,15,32,7,10,1369,1304,2673,4,1,57
8,"Goldap","GUM",5462,286,127,896,246,261,96,94,33,22,27,31,30,25,11,10,10,6,1661,1562,3223,5,0,55
8,"Gumbinnen","GUM",9153,586,174,1253,400,351,165,140,51,45,59,33,38,40,16,20,9,13,2466,2133,4599,7,3,88
8,"Gumbinnen","GUM",5836,343,106,787,206,214,65,78,24,16,25,28,17,37,15,16,7,11,1433,1413,2846,2,0,53
8,"Heidekrug","GUM",4315,258,117,864,189,146,68,85,34,29,42,41,35,40,23,14,14,13,1540,1328,2868,4,1,30
8,"Insterburg","GUM",8562,538,206,1183,266,289,107,96,30,26,43,44,42,18,22,18,10,11,2128,213,4141,12,3,76
8,"Niederung","GUM",8031,893,174,1356,261,254,130,97,34,39,58,48,44,36,10,19,9,5,2236,2029,4265,7,2,77
8,"Niederung","GUM",3803,466,110,750,200,201,69,68,17,30,32,25,10,21,7,10,5,4,1326,1215,2541,2,0,36
8,"Pillkallen","GUM",6272,326,123,853,283,267,105,91,26,20,46,34,35,33,13,12,9,10,1622,1573,3195,2,0,47
8,"Ragnit","GUM",6995,331,148,942,252,254,96,96,30,30,30,22,23,44,15,11,7,8,1674,1571,3245,1,0,67
8,"Stallupöhnen","GUM",7856,451,173,1131,421,374,153,161,36,47,45,38,30,51,18,22,11,11,2206,2062,4268,1,0,65
8,"Stallupöhnen","GUM",6601,289,113,1006,265,263,107,93,29,32,24,44,31,37,12,13,7,11,1716,1672,3388,4,0,61
8,"Tilsit","GUM",7474,581,156,1262,269,280,105,97,34,31,46,37,24,32,21,13,4,7,2094,1917,4011,6,1,68
8,"Tilsit","GUM",5460,413,126,902,242,258,99,101,45,26,44,39,12,18,10,10,4,2,1566,1501,3067,3,0,55
9,"Johannsburg","GUM",5431,325,111,781,294,241,131,106,32,39,29,36,37,29,14,14,3,6,1739,1576,3315,2,2,55
9,"Johannsburg","GUM",1989,135,33,322,114,111,56,32,19,9,14,19,12,12,6,6,7,7,681,609,1290,2,1,20
9,"Lik","GUM",5181,396,90,780,227,192,89,99,26,26,31,37,48,42,18,28,19,17,1670,1534,3204,2,0,52
9,"Oletzko","GUM",4959,464,83,816,243,218,118,114,28,33,33,36,38,30,17,14,12,13,1643,1541,3184,1,1,45
9,"Oletzko","GUM",4819,361,102,722,198,164,91,92,23,30,27,25,27,33,16,11,4,7,1461,1376,2837,6,0,49
10,"Angerburg","GUM",5285,414,101,810,318,268,96,93,31,21,24,29,46,30,16,11,9,10,1666,1505,3171,6,1,58
10,"Angerburg","GUM",5356,455,110,797,242,265,91,109,20,25,18,33,22,26,17,16,8,5,1511,1519,3060,6,1,53
10,"Lötzen","GUM",4585,353,79,736,261,240,117,94,25,23,36,25,29,24,18,13,5,15,1561,1418,2979,4,1,52
10,"Rhein","GUM",4142,335,87,516,166,156,55,48,13,14,17,37,32,25,7,8,11,18,1067,1015,2082,2,0,31
10,"Sensburg","GUM",5763,377,102,875,365,320,139,137,24,27,39,41,40,29,19,17,6,19,1827,1739,3566,3,2,56
11,"Christburg","MAR",2357,197,12,294,119,88,34,29,18,17,28,18,3,5,6,4,2,4,653,591,1244,3,1,21
11,"Elbing","DAN",8228,1109,331,1533,382,316,185,147,32,39,54,62,26,25,11,19,8,2,2619,2430,5049,10,4,96
11,"Marienburg","DAN",8051,1019,272,1415,264,222,109,96,40,38,67,67,20,16,8,12,8,4,2265,2221,4486,9,3,136
11,"Marienburg","DAN",9367,917,181,1696,422,351,164,180,53,48,71,63,49,28,12,14,8,10,2829,2592,5421,11,2,103
11,"Stuhm","MAR",5397,365,39,808,252,285,107,75,30,26,53,54,23,17,11,8,8,6,1553,1489,3042,4,1,51
12,"Graudenz","MAR",6853,387,119,1066,342,254,121,115,39,24,71,33,21,34,23,33,12,18,2033,1723,3756,6,3,51
12,"Kulm","MAR",4620,258,56,645,229,244,134,113,57,40,42,35,17,14,7,9,8,16,1434,1277,2711,2,0,43
12,"Kulm","MAR",7245,347,42,1156,233,250,116,104,34,29,71,54,40,34,14,16,11,12,1812,1805,3617,4,0,63
12,"Thorn","MAR",4447,264,60,667,245,236,59,122,37,33,31,52,26,15,11,11,12,12,1377,1370,2747,2,0,57
12,"Thorn","MAR",6774,444,105,1164,328,252,123,98,42,39,57,45,29,39,21,19,15,17,2075,1815,3890,5,1,57
13,"Löbau","MAR",5176,238,30,877,318,302,120,115,29,28,32,42,23,33,14,17,8,9,1608,1508,3116,0,1,78
13,"Michelau","MAR",3197,282,45,725,294,236,130,113,27,20,44,33,19,19,11,11,11,8,1549,1429,2978,2,0,59
13,"Strasburg","MAR",7982,432,105,1307,391,365,160,162,41,60,49,51,46,43,38,37,29,17,2343,2270,4813,0,0,84
14,"Konitz","MAR",5772,220,54,691,201,189,105,93,33,26,33,55,19,27,7,19,18,12,1460,1345,2805,2,2,65
14,"Konitz","MAR",7455,357,51,863,276,276,118,107,62,56,56,60,28,22,20,14,15,17,1893,1803,3696,3,2,71
14,"Schlochau","MAR",5570,213,83,670,250,209,110,91,32,42,26,64,42,33,16,10,12,9,1499,1429,2928,0,0,58
14,"Schwetz","MAR",8069,397,34,1082,323,289,121,134,36,28,81,65,26,29,20,16,15,18,1997,1856,3853,9,1,82
15,"Berent","DAN",4204,183,15,506,185,80,80,73,15,14,36,33,18,15,15,9,8,12,1075,1000,2075,0,1,30
15,"Neuenburg","MAR",2681,177,14,373,79,67,42,32,15,16,21,18,7,6,5,10,1,5,651,594,1245,2,0,25
15,"Stargard","DAN",6251,331,32,982,365,382,155,128,35,31,63,50,24,30,20,20,14,10,1936,1862,3798,1,0,55
15,"Stargard","DAN",4382,242,27,463,159,147,66,54,29,19,31,42,8,17,20,12,8,5,1092,994,2086,0,0,44
16,"Danzig, Landkreis","DAN",7899,767,163,1244,318,307,153,112,39,36,83,59,23,23,12,8,8,5,2111,1995,4106,6,1,59
16,"Dirschau","DAN",5273,365,44,573,220,169,97,85,41,33,55,52,23,22,11,16,11,11,1394,1274,2668,2,1,72
16,"Karthaus","DAN",4426,263,38,595,249,207,86,78,41,30,43,27,29,9,17,7,8,4,1312,1149,2461,1,0,50
16,"Neustadt","DAN",5402,416,35,659,213,215,127,120,22,26,38,47,33,35,21,21,22,18,1483,1476,2959,5,1,47
17,"Marienwerder","MAR",8231,593,122,1330,409,391,183,169,42,54,51,51,30,27,9,14,14,8,2427,2198,4625,7,0,77
17,"Marienwerder","MAR",6048,332,135,936,245,222,120,112,23,29,49,30,25,27,25,16,8,2,1748,1625,3373,4,0,51
17,"Rosenberg","MAR",6247,486,168,978,303,256,127,136,32,27,37,32,41,27,15,20,11,7,1853,1615,3468,7,0,51
18,"Danzig, Stadtkreis","DAN",6359,824,224,1150,198,156,95,84,47,31,50,48,20,26,4,11,8,1,2022,1807,3829,7,2,95
18,"Danzig, Stadtkreis","DAN",7923,1297,283,1450,260,229,140,164,36,24,59,49,38,53,10,29,5,11,2811,2831,5642,12,1,42
19,"Braunsberg","KON",5766,386,87,684,153,160,59,66,10,11,13,16,10,15,3,4,5,5,1015,1003,2018,5,1,38
19,"Braunsberg","KON",6425,574,129,1002,323,303,135,127,14,17,23,14,29,24,11,10,3,1,1762,1628,3390,7,2,57
20,"Bromberg","BRO",7289,330,82,935,334,277,121,119,28,28,36,44,16,27,14,13,16,20,1821,1673,3494,4,0,60
20,"Bromberg","BRO",6739,322,50,912,348,306,131,131,34,33,28,42,16,16,10,13,9,7,1772,1608,3380,1,0,72
20,"Schubin","BRO",7118,302,61,125,426,425,145,140,32,23,39,56,34,34,16,21,12,18,1952,1829,3781,0,0,61
21,"Inowrazlaw","BRO",5910,282,32,831,271,235,105,97,47,29,56,45,21,30,10,14,9,13,1556,1398,2954,2,0,60
21,"Inowrazlaw","BRO",9574,467,43,1337,455,374,164,143,55,42,63,66,43,35,23,23,24,22,2593,2181,4774,5,0,97
21,"Mogilno","BRO",3716,261,43,704,386,289,112,118,36,33,39,30,19,22,13,12,12,24,1576,1440,3016,5,2,58
22,"Flatow","MAR",5533,144,69,729,239,238,94,113,27,35,37,32,31,19,18,15,5,7,1456,1360,2816,0,0,69
22,"Kammin","MAR",2604,65,23,310,104,121,48,33,17,11,15,18,11,10,7,6,5,4,668,637,1305,0,0,24
22,"Wirlitz","BRO",4605,135,61,506,262,197,87,84,27,17,23,25,17,5,15,13,8,8,1149,1022,2171,0,0,40
22,"Wirlitz","BRO",6193,195,64,778,330,270,102,107,24,26,34,48,27,35,19,4,15,19,1563,1520,3083,0,0,64
23,"(Deutsch)Krone","MAR",3454,93,66,337,144,101,48,54,25,15,19,22,9,9,9,6,3,5,874,725,1599,1,2,15
23,"(Deutsch)Krone","MAR",5562,138,104,589,253,244,116,112,16,23,35,38,29,30,16,14,7,9,1443,1472,2915,4,0,55
23,"Chodzesen","BRO",5986,209,90,751,276,284,96,85,16,12,29,42,20,28,13,13,11,10,1434,1397,2831,1,1,74
23,"Tscharnikow","BRO",7409,247,132,849,312,293,147,144,36,36,60,59,34,36,13,12,11,11,1959,1801,3760,2,0,78
23,"Tscharnikow","BRO",4270,136,62,561,192,157,82,63,14,19,22,38,14,17,6,9,6,9,1102,994,2096,1,0,39
24,"Buk","POS",6473,316,99,1008,230,226,88,101,29,27,35,35,52,43,27,21,21,16,1854,1700,3554,8,1,64
24,"Posen","POS",1309,768,185,1745,458,422,162,144,50,58,87,77,48,72,23,23,10,36,3034,2874,5908,10,0,138
24,"Posen","POS",6852,525,71,1239,382,397,158,148,55,47,52,72,30,28,10,9,11,6,2299,2133,4432,5,0,78
24,"Samter","POS",5935,236,79,870,249,223,140,122,41,20,47,52,24,37,17,14,19,33,1668,1571,3239,0,0,56
25,"Birnbaum","POS",5406,358,93,772,239,223,136,135,27,27,64,41,20,26,11,12,16,15,1285,1513,3198,1,0,40
25,"Meseritz","POS",3828,244,67,549,195,148,64,53,20,24,24,25,17,15,2,7,4,6,1096,997,2093,1,0,32
25,"Meseritz","POS",5211,312,149,692,140,132,80,65,22,14,32,29,30,29,16,14,8,11,1379,1291,2670,2,0,39
26,"Peisern","POS",4129,207,14,748,231,206,77,81,16,23,34,29,18,22,7,5,17,4,1190,1125,2324,0,0,32
26,"Wreschen","POS",3906,150,51,604,162,131,44,52,19,22,26,25,16,27,8,8,11,13,1031,906,1937,1,0,32
27,"Bolkenhain","LIE",4975,380,298,1390,161,177,43,37,16,22,20,22,26,38,16,6,0,0,1843,1836,3679,12,1,52
27,"Bolkenhain","LIE",5705,377,272,1975,272,260,62,55,21,27,20,34,29,40,17,9,8,3,2458,2334,4792,12,2,64
27,"Landshut","LIE",6952,441,256,2504,278,290,55,52,21,20,25,35,43,40,15,9,8,4,2857,2822,5679,9,2,84
28,"Glaz","BRE",8288,682,179,1976,265,282,118,111,41,32,52,52,78,51,28,17,15,13,2987,2930,5917,18,4,41
28,"Glaz","BRE",11092,911,241,2612,402,380,144,147,52,43,67,64,90,58,35,27,21,12,3816,3744,7560,11,6,95
28,"Habelschwerdt","BRE",6606,659,108,1744,205,206,82,59,26,27,40,40,76,57,25,20,7,5,2408,2411,4819,7,1,62
29,"Hirschberg","LIE",8775,709,586,2695,297,323,71,63,31,25,40,48,70,46,26,28,10,2,3734,3817,7551,17,6,91
29,"Hirschberg","LIE",5957,454,378,1823,199,230,41,64,19,16,32,30,48,52,16,11,6,6,2575,2661,5236,16,2,80
29,"Schönau","LIE",3460,181,231,935,98,97,20,27,8,5,11,17,29,22,11,6,0,2,1405,1393,2798,6,1,37
30,"Schweidnitz","BRE",7207,592,377,1772,258,238,67,92,27,29,42,46,44,41,17,22,8,1,2707,2478,5185,16,4,54
30,"Schweidnitz","BRE",8680,744,427,1985,292,282,81,91,30,39,56,42,59,62,26,22,4,4,3024,2952,5976,18,2,66
30,"Waldenburg","BRE",6506,448,382,1518,221,220,63,72,24,28,38,39,32,32,21,9,3,1,2396,2289,4685,9,1,67
31,"Pless","OPP",13381,658,344,2244,665,591,316,314,89,81,114,126,56,52,41,30,17,14,4652,4165,8817,3,0,124
31,"Pless","OPP",3420,166,77,484,165,152,63,77,23,23,29,22,8,18,8,8,2,5,1108,977,2085,1,0,28
31,"Ribnik","OPP",10439,643,240,1886,510,429,207,153,57,63,68,63,49,46,30,36,22,22,3215,3020,6235,5,1,85
32,"Anklam","STE",3165,341,105,310,102,79,35,37,14,14,17,15,39,40,21,16,3,5,924,880,1804,4,1,25
32,"Anklam","STE",3132,317,108,375,78,99,49,47,21,9,20,22,28,25,10,16,3,3,972,956,1928,6,1,28
32,"Uckermünde","STE",4229,397,53,482,128,125,76,67,28,23,34,20,34,28,14,15,4,4,1174,1112,2286,8,2,25
33,"Adelnau","POS",4222,166,30,688,290,286,97,94,28,31,39,31,24,13,3,3,4,9,1380,1192,2572,0,0,31
33,"Adelnau","POS",7550,286,86,1208,248,275,101,87,29,37,51,44,33,24,13,23,19,18,1847,1776,3623,6,1,50
33,"Krotoschin","POS",8470,316,178,1292,344,334,136,103,40,44,53,69,53,46,20,21,20,29,2320,2199,4519,6,0,92
33,"Krotoschin","POS",6096,266,86,825,305,289,155,109,41,36,31,49,26,23,9,9,21,13,1759,1585,3344,1,0,46
33,"Pleschen","POS",6632,227,66,935,238,196,102,100,33,19,52,40,43,44,14,21,23,22,1640,1485,3125,0,2,69
34,"Lübben","FRA",7962,806,325,1157,269,275,107,132,26,36,58,39,59,72,31,24,12,6,2765,2517,5282,13,5,59
35,"Lauenburg","KOS",9042,927,246,986,316,270,152,137,40,53,48,84,55,62,26,23,13,8,2500,2344,4844,6,1,101
36,"Spremberg","FRA",7057,639,259,1260,166,182,75,83,24,23,30,25,70,69,30,31,9,20,2260,2140,4400,7,4,83
37,"Osterwiek","MAG",3828,488,175,555,144,137,77,58,27,19,26,23,37,34,21,12,1,0,1403,1400,2803,8,3,41
38,"Memel","KON",2418,154,77,424,86,79,39,36,13,9,24,15,20,22,6,7,5,9,856,741,1597,5,0,10
38,"Memel","KON",5214,327,119,851,183,153,73,83,27,27,49,36,36,47,16,17,14,19,1765,1581,3346,5,3,47
38,"Memel","GUM",2051,144,33,392,65,73,26,26,8,13,20,20,19,17,8,6,5,5,626,557,1183,1,0,20
39,"Schrodda","POS",3290,144,32,585,202,191,91,92,26,25,21,39,11,6,6,6,5,9,1063,1077,2140,1,0,28
39,"Schrodda","POS",7517,322,68,1071,318,261,132,109,33,44,61,56,38,38,21,18,13,14,1901,1689,3590,4,0,57
40,"Schrimm","POS",8744,335,90,1205,336,291,124,122,43,59,80,83,61,41,24,20,28,19,2359,2197,4556,4,0,58
40,"Schrimm","POS",4466,188,35,833,257,227,120,105,34,32,45,47,24,23,8,6,10,6,1459,1399,2858,2,0,33
41,"Kosten","POS",6693,292,120,1088,250,194,94,99,37,36,45,56,41,39,13,8,13,20,1784,1742,3526,5,1,81
41,"Kosten","POS",3780,180,60,675,152,138,87,63,20,26,30,31,16,23,9,14,7,5,1167,1042,2209,1,0,29
42,"Obernik","POS",5239,217,49,723,311,275,127,106,33,32,59,34,20,24,10,5,13,10,1572,1431,3003,0,0,41
42,"Obernik","POS",6251,256,82,861,294,236,110,99,25,21,37,51,32,27,11,17,10,28,1703,1549,3252,3,0,66
43,"Schildberg","POS",7734,327,114,1195,335,309,108,107,35,29,45,58,42,29,13,13,12,11,2029,1912,3941,6,2,75
43,"Schildberg","POS",3696,153,34,604,218,191,86,83,23,36,28,23,16,17,5,3,2,6,1172,1092,2264,1,0,45
45,"Bomst","POS",4569,300,80,748,134,153,103,69,41,26,27,21,18,23,16,15,9,10,1320,1279,2599,0,0,33
45,"Bomst","POS",5301,326,123,777,200,172,87,70,28,27,29,39,21,26,13,10,5,5,1442,1372,2814,6,0,48
46,"Fraustadt","POS",8132,587,284,1386,284,263,119,102,28,40,68,55,41,52,15,18,15,12,2539,2418,4957,17,2,88
46,"Fraustadt","POS",5198,324,138,1047,265,218,117,108,37,31,44,38,26,18,9,14,5,4,1837,1744,3581,10,2,31
47,"Kröben","POS",4331,209,102,812,158,132,46,50,17,33,30,33,22,22,14,14,7,8,1263,1217,2480,4,2,36
47,"Kröben","POS",9784,458,228,1643,360,341,147,154,50,58,57,55,71,84,24,19,33,25,2838,2772,5610,7,2,99
48,"Gnesen","BRO",8287,431,74,996,403,339,133,129,35,29,58,68,30,51,27,37,27,23,2059,1938,3997,5,1,78
48,"Gnesen","BRO",5225,248,56,797,279,279,156,155,46,35,52,43,17,18,13,6,7,8,1625,1548,3173,1,1,52
49,"Wongrowiz","BRO",7109,269,49,828,325,260,116,102,42,43,63,61,19,16,23,7,12,13,1831,1570,3401,2,0,110
49,"Wongrowiz","BRO",3591,126,26,369,140,149,112,102,19,20,24,44,10,8,7,6,6,4,955,918,1873,1,1,44
50,"Berlin","POT",,,,,,,,,,,,,,,,,,,,,,87,21,
51,"Prenzlow","POT",9605,808,314,1328,409,405,154,144,39,53,69,57,73,74,33,29,17,18,3068,2844,5912,32,8,106
52,"Templin","POT",7343,568,206,860,285,238,116,125,23,28,52,43,36,43,16,18,11,6,2017,1911,3928,14,5,75
53,"Angermünde","POT",9668,736,344,1186,347,327,173,158,37,49,58,72,62,76,26,28,11,10,2835,2665,5500,12,6,98
54,"(Ober-)Barnim","POT",10580,864,355,1367,407,386,155,160,44,50,67,67,54,56,20,32,7,7,3055,2833,5888,35,12,110
55,"(Nieder-)Barnim","POT",10180,632,361,1306,344,275,153,151,32,31,50,43,58,63,25,21,5,8,2878,2565,5443,33,3,86
56,"Teltow","POT",13823,1484,592,2220,445,392,181,173,48,53,80,92,66,92,29,43,17,15,4317,3912,8229,54,11,100
57,"Jüterbok","POT",8235,777,305,1283,320,289,119,122,32,33,41,38,69,44,25,15,6,6,2625,2408,5033,10,6,54
58,"Belzig","POT",11074,860,487,1826,455,386,160,148,37,46,70,58,53,65,23,30,6,6,3721,3384,7105,28,8,129
59,"Potsdam","POT",,,,,,,,,,,,,,,,,,,,,,16,2,
60,"(Ost-)Havelland","POT",8713,679,308,1419,345,381,162,148,38,38,67,62,50,72,27,34,2,5,2922,2780,5702,37,10,83
61,"(West-)Havelland","POT",9489,700,377,1475,361,306,169,142,53,52,84,52,53,64,27,31,10,10,3201,3018,6219,26,10,96
62,"Ruppin","POT",11898,855,384,1609,419,372,200,195,48,63,84,67,106,84,35,36,9,15,3719,3469,7188,28,10,97
63,"(Ost-)Priegnitz","POT",10393,781,369,1326,357,328,154,139,46,58,74,60,96,82,31,23,7,9,3433,3062,6495,24,6,93
64,"(West-)Priegnitz","POT",10603,947,454,1364,318,313,157,118,52,48,63,68,80,75,34,30,10,22,3437,3318,6755,22,6,107
65,"Königsberg","FRA",9716,853,379,1108,296,275,124,108,33,28,63,66,51,62,35,25,14,13,2633,2375,5008,20,7,70
65,"Küstrin","FRA",8822,767,376,1121,325,305,155,136,53,33,65,44,51,55,25,14,5,9,2623,2180,4803,26,2,60
66,"Soldin","FRA",6844,456,228,715,277,222,118,118,33,37,45,27,42,26,18,22,7,11,1819,1679,3498,4,2,60
67,"Arnswalde","FRA",6586,268,191,712,241,251,139,135,33,22,43,34,30,35,21,17,8,9,1779,1721,3500,4,1,75
68,"Friedeberg","FRA",8558,620,254,1080,273,268,133,117,49,39,50,48,55,50,28,27,11,11,2237,2050,4287,11,7,50
69,"Landsberg","FRA",11102,783,443,1102,307,276,163,158,56,55,65,59,49,63,52,35,22,21,2892,2708,5600,15,4,89
70,"Lebus","FRA",7863,821,333,1157,269,275,137,110,37,43,53,37,43,40,16,15,6,6,2579,2161,4740,23,7,72
71,"Frankfurt","FRA",6360,789,279,1089,197,215,86,67,20,25,47,37,29,44,21,30,4,13,2099,1982,4081,29,7,43
72,"Sternberg","FRA",11589,791,479,1531,371,326,192,161,56,44,73,61,80,105,37,36,8,8,3379,3124,6503,21,8,112
73,"Züllichau","FRA",7028,457,308,1097,205,187,99,86,30,18,52,39,49,68,25,27,6,15,2163,2089,4252,13,4,60
74,"Guben","FRA",6328,659,218,912,242,215,111,102,22,29,43,34,52,69,18,32,7,7,2135,2068,4203,2,2,47
75,"Krossen","FRA",8117,649,359,1145,242,226,105,114,32,28,53,46,48,84,18,31,9,10,2562,2533,5095,17,5,89
76,"Luckau","FRA",7473,697,251,1181,243,222,116,123,23,29,41,40,67,74,28,19,2,2,2618,2456,5074,13,5,69
77,"Kalau","FRA",6072,508,202,920,201,196,107,94,25,33,35,38,72,66,22,29,10,7,2286,2147,4433,8,2,51
78,"Kottbus","FRA",7876,671,337,1321,320,259,147,126,40,27,35,32,80,69,31,15,10,11,3029,2686,5715,14,0,43
79,"Sorau","FRA",9100,833,293,1314,208,225,103,91,42,31,42,39,77,90,27,35,12,12,2836,2799,5635,19,4,60
80,"Demmin","STE",1681,143,33,167,52,26,20,20,11,4,15,13,12,12,3,6,1,4,447,407,854,1,2,15
80,"Demmin","STE",4364,384,103,484,152,144,83,71,39,29,35,30,31,33,19,18,4,8,1373,1317,2690,8,1,41
81,"Usedom","STE",1513,132,269,178,27,15,9,8,6,7,11,4,14,10,10,7,1,2,417,357,774,4,0,10
81,"Usedom","STE",3290,272,106,383,100,81,50,55,21,22,32,24,19,33,18,11,3,10,1023,946,1969,5,0,26
82,"Randow","STE",5899,568,214,744,207,202,89,70,29,19,41,47,28,23,13,20,6,8,1673,1480,3153,11,2,37
82,"Randow","STE",5400,634,180,753,161,157,63,74,18,21,50,40,18,46,18,18,6,8,1689,1478,3167,10,4,31
82,"Stettin","STE",3935,700,177,674,138,143,65,60,22,25,36,22,21,30,20,17,5,6,1463,1412,2875,21,7,31
83,"Greifenhagen","STE",5273,416,165,587,215,180,93,78,19,24,37,30,22,25,22,16,3,6,1448,1335,2783,9,3,35
83,"Greifenhagen","STE",1631,165,51,212,68,59,14,16,9,9,13,11,8,9,8,3,1,2,454,402,856,2,0,11
84,"Piritz","STE",4728,322,129,540,144,151,89,52,24,23,25,26,25,24,13,13,4,3,1258,1208,2466,3,0,44
84,"Piritz","STE",2862,267,82,383,99,90,51,44,13,8,22,16,13,20,8,9,2,1,786,717,1503,4,0,22
85,"Saazig","STE",3816,292,107,460,131,114,60,48,14,14,25,22,23,20,9,13,4,5,1065,985,2050,6,3,35
85,"Saazig","STE",6107,404,148,776,247,224,138,118,25,31,54,47,43,45,13,22,6,7,1946,1776,3722,13,8,55
86,"Naugard","STE",4778,334,117,601,142,144,68,70,21,13,29,23,29,24,10,11,3,5,1250,1190,2440,9,0,43
86,"Naugard","STE",1085,86,37,111,34,36,10,13,5,4,2,8,9,9,5,4,0,2,270,289,559,0,0,9
87,"Kammin","STE",1650,83,57,188,40,36,14,16,2,5,12,4,11,19,4,3,1,3,431,439,870,2,0,11
87,"Kammin","STE",4230,300,146,535,139,121,86,77,34,29,28,42,30,18,7,13,3,6,1288,1240,2528,5,3,48
88,"Greifenberg","STE",3893,350,89,646,145,115,64,68,18,24,26,27,30,22,4,9,3,2,1253,1198,2451,6,2,27
88,"Greifenberg","STE",2275,173,52,371,50,60,29,26,10,7,20,17,13,19,8,6,1,2,702,686,1388,5,1,23
89,"Osten","STE",424,29,310,63,10,14,5,5,1,1,4,0,2,4,0,0,0,0,112,106,218,0,0,7
89,"Regenwalde","STE",1043,66,24,120,29,62,11,16,8,8,5,4,7,8,1,2,0,1,258,290,548,0,0,11
89,"Regenwalde","STE",4177,241,128,437,143,128,60,56,21,17,21,23,16,24,14,11,6,5,1047,1074,2121,4,2,40
90,"Schiefelbein","KOS",2336,126,59,267,84,57,44,40,11,23,13,12,13,11,10,11,2,1,641,585,1226,0,2,22
91,"Dramburg","KOS",5290,205,164,553,196,179,90,101,13,19,32,33,38,16,17,10,10,1,1396,1363,2759,8,2,86
92,"(Neu-)Stettin","KOS",8661,350,203,1002,287,268,105,121,32,37,56,69,64,46,39,33,7,4,2321,2060,4381,2,1,80
93,"Belgard","KOS",5441,411,134,694,183,181,68,93,20,18,27,23,36,36,16,24,5,2,1489,1451,2940,3,2,59
94,"Fürstenthum","KOS",13600,1185,296,1885,438,442,214,241,59,74,77,80,98,87,31,37,18,10,3862,3821,7683,21,7,128
95,"Schlawe","KOS",10351,788,273,1385,366,326,217,213,59,62,73,59,71,56,33,25,6,6,3205,3071,6276,14,4,118
96,"Rummelsburg","KOS",4269,232,81,547,143,139,73,74,36,24,43,38,32,35,17,11,6,7,1195,1179,2374,0,1,53
97,"Stolp","KOS",9749,832,325,1165,272,268,139,137,47,42,61,64,76,75,29,28,10,30,2709,2729,5438,8,5,121
98,"Bergen","STR",6750,600,162,911,129,103,68,66,24,24,34,46,55,52,22,31,7,10,1902,1834,3736,7,5,65
99,"Franzburg","STR",9508,1055,199,1204,289,272,154,159,54,60,77,65,71,107,54,72,23,47,3077,3139,6216,35,6,88
100,"Greifswald","STR",6565,649,179,671,177,152,74,72,38,41,59,50,58,54,30,34,15,22,1884,1942,3826,11,6,51
101,"Grimmen","STR",5322,446,157,547,162,137,89,60,35,29,40,49,41,49,15,25,9,8,1597,1529,3126,10,1,56
102,"Namslau","BRE",6484,509,277,1044,192,210,83,87,30,25,37,50,38,32,14,13,5,16,1870,1857,3727,10,0,50
103,"Wartenberg","BRE",7094,400,260,1013,212,233,94,81,35,22,43,24,36,30,15,11,8,10,1848,1799,3647,3,5,55
103,"Wartenberg","BRE",2450,158,103,402,109,100,59,40,22,19,19,14,12,14,2,4,3,4,848,759,1607,1,0,27
104,"Oels","BRE",8140,630,591,1413,253,237,108,97,35,42,42,45,57,52,18,28,11,12,2567,2368,4935,16,2,90
104,"Oels","BRE",4624,354,210,796,193,175,111,109,36,44,38,38,15,34,5,8,4,4,1672,1595,3267,10,1,39
105,"Trebnitz","BRE",6769,449,369,1275,225,212,108,72,28,19,36,35,42,48,17,21,6,9,2164,2088,4252,12,6,83
105,"Trebnitz","BRE",3269,236,155,605,109,105,53,59,27,19,25,19,14,15,10,7,1,4,1102,1113,2215,4,0,43
106,"Militsch","BRE",8230,428,357,1438,262,241,82,108,28,34,47,50,61,49,26,24,7,10,2386,2327,4713,5,0,66
106,"Militsch","BRE",3597,228,143,675,130,132,61,62,21,31,25,20,22,16,13,10,3,7,1193,1163,2356,3,1,27
107,"Guhrau","BRE",2005,129,88,400,53,66,17,29,16,10,15,18,9,9,2,6,2,3,666,662,1328,4,1,23
107,"Guhrau","BRE",5532,353,309,1034,131,135,58,48,20,24,24,25,27,33,10,13,2,3,1672,1674,3346,8,3,63
108,"Steinau","BRE",1366,99,68,294,46,40,17,13,5,10,8,7,5,7,2,3,2,0,492,472,964,1,2,9
108,"Steinau","BRE",3469,228,177,646,105,86,45,53,13,17,24,23,13,12,10,3,2,2,1108,1031,2139,5,1,38
109,"Wohlau","BRE",3154,176,153,562,99,104,46,38,17,15,21,13,17,14,11,7,5,6,1029,998,2027,6,1,39
109,"Wohlau","BRE",5901,370,228,1231,206,180,69,76,30,33,30,29,32,31,18,17,7,7,1862,1799,3661,13,4,45
110,"Neumarkt","BRE",2846,197,161,593,92,99,36,31,14,6,22,16,8,11,3,3,2,3,925,883,1808,2,1,24
110,"Neumarkt","BRE",6761,457,309,1302,232,243,79,64,15,26,38,33,38,25,11,20,9,6,2052,1864,3916,6,2,53
111,"Breslau","BRE",19722,2517,906,4464,874,836,303,303,86,98,139,161,118,122,44,61,19,31,7575,7184,14759,44,10,171
111,"Breslau","BRE",9764,1212,480,2330,443,434,151,133,47,48,111,71,65,60,29,21,9,15,4047,3785,7832,23,2,92
112,"Ohlau","BRE",2529,205,410,483,102,100,38,42,12,16,12,15,20,9,5,6,4,3,835,845,1680,4,0,32
112,"Ohlau","BRE",5557,477,241,910,177,153,48,51,18,21,29,36,40,32,12,20,8,9,1604,1504,3108,5,3,46
113,"Brieg","BRE",7299,635,357,1289,258,231,84,81,52,47,64,50,63,64,32,23,10,3,2685,2401,5086,28,3,57
114,"Strehlen","BRE",1439,118,65,279,49,55,17,16,4,6,7,8,9,6,4,1,0,0,480,476,956,2,0,14
114,"Strehlen","BRE",3538,315,198,587,106,105,47,43,12,14,24,18,16,16,4,5,2,5,1025,1017,2042,3,1,18
115,"Nimptsch","BRE",6019,650,341,1069,182,171,60,67,24,23,46,38,45,31,17,11,4,4,1966,1753,3719,15,1,42
116,"Münsterberg","BRE",1801,175,60,366,71,54,19,14,9,8,10,9,21,9,5,4,3,3,620,563,1183,4,1,13
116,"Münsterberg","BRE",4405,370,194,861,127,140,48,41,21,14,28,17,25,17,9,11,4,2,1392,1354,2746,6,3,29
117,"Frankenstein","BRE",8918,897,293,1958,287,286,130,127,37,43,65,53,74,54,27,26,19,10,3184,3092,6276,18,3,12
118,"Reichenbach","BRE",10199,964,585,1993,300,277,101,104,52,41,62,46,74,66,40,31,10,9,3391,3164,6555,24,5,110
119,"Striegau","BRE",1865,123,89,506,37,41,16,17,3,4,10,8,11,9,5,7,2,0,649,579,1228,6,1,21
119,"Striegau","BRE",3571,227,180,846,118,126,45,39,12,13,22,10,23,10,8,8,4,0,1203,1152,2355,4,1,28
120,"Kreutzburg","OPP",7238,657,243,1019,246,209,132,84,30,27,40,36,48,58,27,22,17,16,2169,2023,4192,6,0,73
121,"Rosenberg","OPP",9159,564,194,1389,312,296,151,127,41,40,57,40,31,44,22,14,8,16,2550,2307,4857,6,2,66
122,"Oppeln","OPP",2661,173,109,500,107,89,34,31,11,14,11,12,11,9,7,7,9,2,849,744,1593,2,1,19
122,"Oppeln","OPP",13142,888,517,2169,606,497,232,209,62,44,60,72,75,70,38,38,28,28,4065,3661,7726,9,0,108
123,"(Gross-)Strehlitz","OPP",7607,416,217,1401,417,390,181,154,30,38,31,35,50,48,30,24,21,23,2445,2370,4815,1,2,68
123,"(Gross-)Strehlitz","OPP",1063,78,44,186,48,47,13,17,5,4,6,4,10,12,3,1,0,1,328,338,666,0,0,7
124,"Lublinitz","OPP",7994,400,228,1239,362,348,132,121,29,42,43,41,32,37,28,21,23,6,2408,2275,4683,3,0,70
125,"Tost","OPP",2496,162,79,437,145,123,39,34,17,44,10,13,10,9,11,5,6,6,861,785,1646,0,0,21
125,"Tost","OPP",10421,726,323,1896,584,568,213,215,54,39,44,60,51,38,32,22,15,26,3335,3297,6632,7,0,100
126,"Beuthen","OPP",1288,66,29,187,60,51,23,12,7,7,11,6,5,4,0,2,2,2,438,339,777,2,0,11
126,"Beuthen","OPP",9641,534,246,1517,572,508,178,182,45,47,63,49,37,31,15,25,5,13,3012,2844,5856,3,1,116
127,"Ratibor","OPP",15928,1011,358,3102,826,744,281,285,65,74,99,98,54,75,27,28,18,14,5078,5018,10096,10,3,125
127,"Ratibor","OPP",2801,161,84,497,147,137,43,45,14,11,19,19,19,8,11,9,6,5,903,853,1756,0,0,21
128,"Kosel","OPP",1165,73,21,224,59,57,26,15,8,4,5,6,3,3,2,2,1,2,404,369,773,2,0,13
128,"Kosel","OPP",8877,631,209,1656,451,455,125,163,34,44,61,59,32,32,22,14,16,14,2757,2718,5475,3,0,78
129,"Leobschütz","OPP",3199,201,92,660,128,134,27,31,16,20,32,26,18,23,6,7,3,0,1041,1104,2145,3,1,30
129,"Leobschütz","OPP",12215,774,371,2471,493,501,189,190,75,64,72,78,62,35,37,29,8,9,4072,3905,7977,11,3,103
130,"Neustadt","OPP",12439,789,309,2372,554,549,217,193,50,66,66,77,70,38,42,22,19,9,3865,3867,7732,5,4,97
130,"Neustadt","OPP",2247,120,65,473,94,86,41,41,15,10,15,9,9,12,11,4,8,2,808,803,1611,3,0,24
131,"Falkenberg","OPP",701,58,33,146,26,17,9,5,5,1,1,8,6,3,3,2,1,1,253,244,497,0,0,10
131,"Falkenberg","OPP",5655,446,254,921,196,197,81,66,22,21,26,24,27,28,10,15,10,8,1677,1603,3280,3,1,44
132,"Neisse","OPP",12995,1157,443,3024,326,513,192,172,70,59,72,90,77,34,40,39,13,8,4541,4306,8847,15,3,102
132,"Neisse","OPP",2436,186,114,589,66,85,22,28,9,6,10,19,12,18,8,7,3,3,843,832,1675,1,0,17
133,"Grottkau","OPP",1128,92,29,230,30,33,8,7,7,5,5,5,5,13,3,0,1,1,354,350,704,0,0,12
133,"Grottkau","OPP",6578,533,238,1385,238,215,86,75,22,27,27,33,27,34,23,12,14,2,2069,2061,4130,4,3,53
134,"Grünberg","LIE",6770,381,351,1100,232,212,79,87,15,31,43,36,31,40,11,22,6,4,2166,2045,4211,14,1,53
134,"Grünberg","LIE",3275,231,216,602,85,81,37,31,10,13,15,20,6,23,8,11,3,1,1055,979,2034,0,1,28
135,"Freistadt","LIE",2817,240,157,499,57,82,35,32,11,9,13,16,18,15,3,11,3,0,978,880,1858,7,3,25
135,"Freistadt","LIE",5657,404,273,922,142,171,64,58,29,28,30,30,27,32,14,14,2,7,1789,1884,3673,13,3,62
136,"Sagan","LIE",8672,865,403,1402,212,170,104,91,28,29,48,36,57,65,22,23,4,3,2697,2647,5344,10,5,58
137,"Sprottau","LIE",4993,475,261,869,132,130,50,43,12,19,28,25,32,32,14,16,3,4,1598,1587,3185,3,0,45
138,"Glogau","LIE",5088,435,271,914,164,139,59,77,26,27,50,37,27,24,13,14,5,5,1677,1697,3374,7,3,51
138,"Glogau","LIE",9804,780,495,1866,309,294,150,158,55,45,74,60,57,50,29,38,12,9,3310,3330,6640,21,4,96
139,"Lüben","LIE",6198,426,369,1233,203,184,79,69,21,26,27,24,30,37,13,8,4,5,2073,1920,3993,9,2,52
140,"Bunzlau","LIE",3426,312,202,809,90,74,32,27,8,4,14,14,14,12,3,2,2,0,1075,1062,2137,3,1,36
140,"Bunzlau","LIE",7249,566,427,1562,156,146,63,49,23,23,33,33,37,34,9,9,3,4,2297,2175,4472,6,1,54
141,"Hainau","LIE",3442,262,210,961,118,104,27,21,14,17,11,15,13,21,7,7,2,2,1309,1197,2506,5,0,36
141,"Hainau","LIE",7383,510,475,1886,184,214,68,55,24,21,30,39,42,38,12,14,4,6,2636,2517,5153,22,5,70
142,"Liegnitz","LIE",10160,602,392,2507,323,343,105,100,46,38,58,50,57,45,25,17,6,3,3605,3502,7107,25,5,80
143,"Jauer","LIE",6398,448,302,1731,180,156,61,68,15,22,36,28,41,39,13,15,0,3,2384,2141,4525,11,7,34
144,"Löwenberg","LIE",18403,1402,1121,6191,503,569,120,110,63,40,82,66,125,119,39,46,12,9,7793,7171,14964,36,24,160
145,"Lauban","LIE",11690,1201,609,3513,278,287,91,101,37,32,41,37,92,69,28,20,3,4,4518,4423,8941,12,6,118
146,"Görlitz","LIE",10133,1207,502,2440,242,241,82,88,29,30,63,28,72,71,19,22,3,5,3484,3335,6819,11,7,84
147,"Rothenburg","LIE",8109,909,331,1421,170,170,78,76,29,20,46,25,66,49,18,19,2,4,2427,2330,4757,5,1,59
148,"Osterburg","MAG",6569,893,262,899,240,219,95,106,45,25,58,60,65,55,22,13,10,7,2425,2295,4720,19,4,65
149,"Salzwedel","MAG",6512,874,359,861,243,176,107,96,30,32,44,51,63,71,19,27,9,4,2431,2328,4759,12,2,70
150,"Gardelegen","MAG",7011,757,358,834,266,255,96,85,36,27,52,38,52,63,14,22,7,5,2440,2335,4775,15,5,63
151,"Stendal","MAG",6626,555,268,955,237,204,86,86,38,31,52,48,53,51,18,24,5,5,2358,2209,4567,10,4,63
152,"2. Jerichow","MAG",8838,478,305,1379,319,311,136,147,45,33,60,48,30,54,12,23,6,5,2810,2641,5451,20,5,82
153,"1. Jerichow","MAG",10268,682,482,1573,375,329,133,160,53,51,60,60,57,49,20,21,8,7,3177,3008,6185,26,10,68
154,"Kalbe","MAG",9119,773,405,1393,318,298,122,132,47,42,76,63,66,61,27,25,7,4,3008,2807,5815,13,5,74
155,"Magdeburg","MAG",7908,846,511,1486,397,410,176,146,56,45,61,59,48,66,27,30,5,7,3409,3240,6649,26,7,58
156,"Wanzleben","MAG",7696,589,360,1157,316,291,118,99,37,46,45,45,44,29,18,13,1,2,2524,2397,4921,14,5,95
157,"Wollmirstädt","MAG",6835,559,301,926,206,220,89,99,30,36,35,47,34,38,23,21,5,4,2057,2066,4123,14,3,87
158,"(Neu-)Haldensleben","MAG",7348,673,320,967,226,227,91,102,40,35,50,33,42,60,17,18,6,7,2381,2328,4709,18,7,75
159,"Oschersleben","MAG",6990,575,8,1034,310,257,113,107,46,38,49,43,61,61,16,17,5,6,2591,2614,5205,27,12,78
160,"Aschersleben","MAG",8118,858,416,1330,268,272,131,124,40,46,49,53,54,59,30,21,1,2,2832,3047,5879,24,6,76
161,"Halberstadt","MAG",4189,460,241,716,190,184,82,90,45,31,27,37,31,51,12,21,2,2,1773,1776,3549,10,3,38
162,"Liebenwerda","MER",6190,676,231,1166,199,157,64,85,16,20,27,34,48,56,12,26,6,3,2111,1911,4022,13,1,43
163,"Torgau","MER",9958,1241,447,1837,304,287,126,105,46,31,56,42,68,69,28,14,4,2,3289,2905,6194,22,4,55
164,"Schweinitz","MER",6283,656,233,1101,220,178,90,96,36,28,37,28,40,33,18,9,0,1,2061,1862,3923,9,2,57
165,"Wittenberg","MER",7962,959,380,1467,233,233,106,85,28,33,42,33,43,44,9,13,4,3,2477,2300,4777,11,3,96
166,"Bitterfeld","MER",7842,959,318,1402,196,161,86,75,32,33,48,31,55,49,25,18,11,9,2515,2302,4812,12,3,76
167,"Delitzsch","MER",9171,1169,404,1984,228,218,82,70,29,34,43,44,77,79,25,34,6,10,3091,2843,5934,13,10,65
168,"Saalkreis","MER",7435,711,317,1260,211,182,100,103,27,26,50,47,44,53,20,24,5,9,2351,2284,4635,4,8,83
169,"Halle","MER",4660,919,201,943,189,197,77,90,24,27,56,33,40,47,16,21,3,5,1968,2044,4012,27,4,35
170,"Mansfeld, Seekreis","MER",7187,533,322,1281,197,204,87,88,27,38,50,53,41,46,16,26,7,5,2405,2286,4691,17,5,69
171,"Mansfeld, Gebirgskreis","MER",6719,467,275,1041,190,160,83,76,45,38,58,68,40,48,14,17,5,4,2370,2422,4792,10,6,70
172,"Sangerhausen","MER",8601,648,347,1422,219,212,124,122,45,52,71,57,80,39,17,25,7,6,2975,3041,6016,7,5,112
173,"Eckartsberga","MER",6332,468,294,1123,152,177,59,70,37,36,39,40,52,33,18,15,4,3,2029,2088,4117,9,4,73
174,"Querfurt","MER",8200,747,412,1684,189,164,85,99,37,39,51,56,61,69,25,17,0,4,2743,2799,5542,13,2,91
175,"Merseburg","MER",10274,1078,486,2065,228,217,98,106,35,45,52,47,82,59,29,34,2,7,3454,2990,6444,27,9,87
176,"Weissenfels","MER",8568,549,336,1668,181,198,76,80,16,32,55,47,72,78,34,47,6,6,2797,2616,5413,20,11,91
177,"Naumburg","MER",3346,256,171,635,91,101,34,41,13,14,25,19,28,24,9,15,1,2,1132,1138,2270,7,7,29
178,"Zeiz","MER",5657,572,253,1097,149,172,46,58,19,22,32,22,43,51,15,26,4,3,1876,1830,3706,11,4,51
179,"Nordhausen","ERF",9134,57,345,1224,337,338,161,141,60,37,69,56,78,66,30,29,3,4,3133,3011,6144,25,7,76
180,"Worbis","ERF",6553,333,112,871,258,222,115,134,46,44,49,51,66,57,21,16,9,11,2179,2246,4425,4,1,86
181,"Heiligenstadt","ERF",6904,319,124,1136,266,224,103,99,30,48,37,57,72,63,20,14,13,14,2338,2329,4667,3,1,130
182,"Mühlhausen","ERF",7230,479,223,1068,243,240,108,97,46,56,46,63,59,52,22,20,5,3,2483,2513,4996,12,0,95
183,"Langensalza","ERF",6077,498,292,982,184,195,71,66,27,26,40,32,50,37,17,16,6,2,1947,1997,3944,14,4,47
184,"Weissensee","ERF",4132,318,154,691,122,94,51,35,10,16,30,19,19,35,15,8,5,2,1295,1203,2498,7,7,45
185,"Erfurt","ERF",7145,901,336,1240,230,253,82,83,28,35,61,59,40,56,20,17,2,5,2426,2408,4834,21,6,66
186,"Ziegenrück","ERF",2175,230,80,461,51,65,37,21,11,12,20,20,14,12,5,12,1,0,873,800,1673,1,1,13
187,"Schleusingen","ERF",5733,427,259,996,211,196,53,57,30,35,50,54,44,42,14,7,3,5,2289,2189,4478,2,0,48
188,"Teklenburg","MUN",7465,216,237,805,226,214,106,90,56,64,118,86,83,69,21,31,4,9,2619,2513,5132,4,2,55
189,"Warendorf","MUN",5862,194,148,821,216,207,72,79,47,63,64,77,81,102,23,46,11,27,2271,2373,4644,2,0,59
190,"Beckum","MUN",5348,482,89,743,213,197,87,107,48,50,60,73,95,99,32,49,8,16,2152,2082,4234,2,0,41
191,"Lüdingshausen","MUN",5490,242,80,799,208,198,87,87,45,67,85,63,94,113,49,60,24,12,2157,2279,4436,0,0,42
192,"Münster","MUN",3123,198,102,724,173,162,67,81,53,51,65,63,75,100,39,36,24,20,2037,2001,4038,10,4,41
193,"Münster","MUN",,,,,,,,,,,,,,,,,,,,,,8,0,
194,"Steinfurt","MUN",6695,141,116,864,206,189,86,98,73,85,112,90,106,119,46,42,19,25,2784,2825,5609,3,2,79
195,"Koesfeld","MUN",6674,157,94,1097,291,283,134,109,75,67,78,77,93,116,43,44,21,25,2880,2785,5665,3,0,54
196,"Ahaus","MUN",6703,114,150,979,251,216,101,103,60,65,92,81,124,96,50,65,27,28,2920,2859,5779,3,1,74
197,"Borken","MUN",6696,146,108,903,232,236,99,90,52,52,84,70,95,87,48,46,11,27,2616,2499,5115,7,1,55
198,"Recklinghausen","MUN",7378,277,111,1002,343,315,141,152,97,100,99,105,122,109,37,46,24,24,2973,2976,5949,8,0,52
199,"Minden","MIN",10737,758,368,1507,568,551,200,239,93,88,119,118,71,83,23,33,11,21,3878,4023,7901,8,4,87
200,"Rahden","MIN",8244,355,239,1129,352,314,167,166,70,83,82,103,60,50,17,16,4,2,2819,2844,5663,7,1,53
201,"Bünde","MIN",9953,485,345,1527,414,404,177,184,67,115,105,114,40,33,13,9,3,2,3347,3468,6815,5,3,92
201,"Herford","MIN",6215,320,235,889,205,218,110,121,59,51,56,52,22,33,14,7,2,3,2094,2123,4217,3,1,61
202,"Halle","MIN",6010,366,248,775,216,192,78,85,57,41,63,67,44,47,14,17,6,5,2067,2108,4175,6,2,56
203,"Bielefeld","MIN",7616,527,288,972,307,291,97,145,58,56,65,82,41,40,20,23,12,7,2532,2508,5040,11,0,80
204,"Wiedenbrück","MIN",6806,315,127,993,252,225,114,102,43,57,51,76,91,70,35,32,9,15,2504,2521,5025,6,0,58
205,"Paderborn","MIN",6498,275,57,949,245,258,95,108,53,50,59,71,49,50,17,12,5,5,2257,2117,4428,2,0,59
206,"Büren","MIN",6500,356,114,898,294,280,109,127,39,41,52,47,29,30,10,11,6,7,2325,2075,4400,1,1,50
207,"Warburg","MIN",6143,394,90,776,280,309,99,117,43,57,38,55,41,47,15,9,3,3,2028,2136,4164,10,5,73
208,"Brakel","MIN",4606,269,81,598,198,199,74,82,29,47,39,41,41,43,17,17,7,6,1500,1516,3016,1,0,46
208,"Höxter","MIN",4706,230,97,631,197,209,87,89,40,41,46,45,43,40,10,13,5,11,1705,1645,3350,1,2,69
209,"Arnsberg","ARN",2996,240,70,379,129,88,63,40,26,33,23,30,21,13,8,4,1,3,1064,996,2060,1,0,41
209,"Arnsberg","ARN",2094,208,32,339,87,65,31,32,12,17,24,27,15,23,5,10,3,4,887,829,1716,4,0,17
210,"Medebach","ARN",816,85,18,116,39,52,19,19,6,7,5,8,6,9,1,3,1,2,381,349,730,0,0,3
210,"Meschede","ARN",2988,220,21,350,111,116,54,56,18,25,39,38,20,32,5,7,1,1,1045,1084,2129,2,0,58
211,"Brilon","ARN",4243,348,82,593,161,161,67,74,27,29,28,41,29,31,11,12,4,9,1453,1505,2958,2,2,40
211,"Brilon","ARN",1164,148,30,168,69,53,18,14,6,10,15,9,8,9,4,3,1,1,492,434,926,1,0,16
212,"Lippstadt","ARN",4881,659,85,669,159,160,81,84,31,31,44,61,41,40,15,8,8,9,1699,1649,3348,6,1,45
213,"Soest","ARN",4982,524,112,672,250,219,139,147,54,60,53,58,39,38,20,19,4,5,1910,1970,3880,12,0,43
213,"Soest","ARN",1951,255,45,347,76,74,34,28,23,20,19,13,22,16,6,9,3,3,865,775,1640,0,2,12
214,"Hamm","ARN",6670,530,233,833,298,304,153,167,73,83,98,95,83,76,34,46,15,20,2594,2727,5321,13,2,57
215,"Dortmund","ARN",7175,484,258,926,364,348,162,166,66,73,103,57,57,78,31,36,22,18,2918,2745,5663,5,1,49
216,"Bochum","ARN",7392,316,252,896,346,330,168,169,73,76,86,98,72,81,39,57,18,16,2800,2702,5532,2,0,67
217,"Hagen","ARN",2800,56,95,349,192,143,52,48,19,22,38,23,32,31,6,8,7,5,1153,958,2111,1,0,34
217,"Hagen","ARN",7537,174,256,823,444,441,241,201,66,76,83,72,54,58,27,27,6,9,2836,2630,5466,4,2,59
218,"Iserlohn","ARN",1821,98,46,262,120,117,69,46,40,29,39,35,18,18,9,6,1,3,986,900,1886,3,0,20
218,"Iserlohn","ARN",3832,164,121,470,206,166,63,87,31,50,50,49,39,30,5,15,4,3,1478,1437,2915,4,1,46
219,"Altena","ARN",4246,60,218,491,265,237,110,99,39,42,49,62,20,27,15,13,6,7,1741,1634,3375,2,1,56
219,"Altena","ARN",2151,39,91,245,135,133,30,32,9,9,23,20,20,18,3,6,1,2,864,780,1653,3,0,20
220,"Bilstein","ARN",1471,65,13,230,82,70,17,37,10,9,13,13,9,13,6,5,2,1,697,683,1380,1,0,13
220,"Olpe","ARN",3295,85,35,425,149,124,6,72,23,31,36,46,8,21,6,7,0,3,1292,1367,2659,0,0,41
221,"Siegen","ARN",7047,585,220,955,265,265,108,105,64,60,81,63,32,41,9,12,2,7,2816,2668,5484,20,3,76
222,"Wittgenstein","ARN",2215,372,73,243,69,55,40,33,20,12,19,18,2,19,12,6,0,2,728,736,1464,1,2,25
222,"Wittgenstein","ARN",967,176,42,130,33,51,6,12,7,8,7,6,8,5,3,4,0,0,345,364,709,0,0,4
223,"Wipperfürth","KOL",4391,85,282,616,261,201,103,99,50,52,58,65,35,35,11,16,6,6,1930,1918,3848,0,0,41
224,"Gimborn","KOL",2797,45,165,321,133,138,49,53,17,19,40,35,16,16,6,7,1,0,1137,1179,2318,1,0,21
224,"Homburg","KOL",2063,52,112,264,107,101,45,37,17,25,25,32,5,2,4,1,0,1,846,865,1711,0,0,21
225,"Waldbröl","KOL",3265,104,128,456,172,172,93,89,47,50,55,42,5,7,5,2,5,2,1523,1420,2943,1,0,38
226,"Siegburg","KOL",5873,208,149,930,265,241,118,111,59,78,68,53,30,37,15,24,6,13,2170,2172,4342,2,0,88
226,"Siegburg","KOL",2391,62,97,338,113,87,57,49,27,29,23,21,13,15,5,5,1,5,877,863,1740,2,0,21
226,"Ukerath","KOL",5390,188,108,827,270,275,114,149,80,58,84,69,30,22,14,4,4,6,2295,2240,4535,2,0,149
227,"Mühlheim","KOL",6731,223,331,967,285,284,124,122,50,53,56,64,48,50,20,19,13,13,2567,2358,4925,3,0,46
228,"Köln","KOL",,,,,,,,,,,,,,,,,,,,,,12,2,
229,"Köln","KOL",7634,397,207,1442,367,329,158,147,70,57,87,67,85,75,40,32,22,20,3091,2755,5846,3,1,143
230,"Bergheim","KOL",6793,416,150,1206,283,288,115,134,58,54,52,55,75,80,41,38,14,24,2570,2418,4988,2,0,58
231,"Lechenich","KOL",5483,249,95,1040,256,243,118,96,44,38,65,43,52,66,24,30,9,14,2119,2058,4177,2,0,48
232,"Rheinbach","KOL",5017,169,85,789,217,236,100,110,39,50,59,52,51,51,25,20,7,10,1905,1949,3854,3,1,66
233,"Bonn","KOL",8523,408,298,1480,362,373,182,178,64,79,93,90,72,85,37,62,15,25,3315,3269,6584,10,5,43
234,"Kleve","DUS",7709,330,188,935,189,186,84,102,48,55,101,74,92,99,55,45,22,21,2546,2401,4947,14,2,51
235,"Rees","DUS",6680,404,148,827,212,210,95,109,51,39,74,61,81,86,47,51,21,26,2274,2184,4458,9,0,58
236,"Dinslaken","DUS",5740,173,185,732,219,193,77,118,39,52,64,72,68,68,25,29,10,11,2000,1957,3957,8,3,46
236,"Essen","DUS",8372,299,251,989,359,345,172,169,87,79,111,92,98,110,40,61,22,29,3276,2040,216,8,0,43
237,"Geldern","DUS",7410,152,163,826,274,266,113,94,60,65,94,105,79,98,37,44,16,19,2701,2659,5360,2,0,54
237,"Rheinberg","DUS",7395,270,102,866,285,240,106,110,52,57,92,71,86,97,40,56,18,23,2695,2492,5187,6,5,53
238,"Kempen","DUS",8496,232,71,1161,388,301,151,163,88,89,103,95,74,79,43,43,15,20,3450,3466,6916,1,0,87
239,"Krefeld","DUS",6888,212,231,915,254,231,97,100,37,33,84,63,60,76,35,34,14,16,2408,2265,4673,9,1,37
240,"Düsseldorf, Landkreis","DUS",6783,304,198,845,268,331,89,105,55,56,100,89,53,64,39,23,11,16,2475,2313,4788,7,0,48
240,"Düsseldorf, Stadtkreis","DUS",4474,349,235,749,209,192,104,87,20,20,48,31,47,55,34,33,11,25,1872,1667,3539,8,1,13
241,"Elberfeld","DUS",3260,238,275,780,275,272,74,87,33,40,63,63,47,39,13,17,5,4,2039,1940,3979,11,1,41
241,"Elberfeld","DUS",6319,191,395,1004,503,440,204,211,47,45,81,76,42,36,22,29,4,12,3009,2719,5728,14,3,37
241,"Mettmann","DUS",3764,161,196,466,217,241,89,97,28,51,54,42,31,34,13,16,5,6,1623,1534,3157,4,1,37
242,"Lennep","DUS",9893,230,456,1143,560,488,213,186,73,83,118,109,70,59,22,26,9,5,3708,3355,7063,8,3,83
243,"Opladen","DUS",2339,72,90,291,116,96,41,40,15,24,33,25,22,18,7,4,4,0,927,824,1751,2,0,11
243,"Solingen","DUS",5088,144,223,696,246,235,122,127,38,56,44,42,45,35,12,21,5,1,1872,1797,3669,8,0,61
243,"Solingen","DUS",2648,82,129,348,228,182,56,59,18,18,35,31,29,25,16,9,5,3,1273,1064,2337,7,2,17
244,"Neuss","DUS",5816,256,116,927,209,207,96,107,37,52,44,59,55,87,22,34,10,14,2066,2092,4158,1,0,43
245,"Grevenbroich","DUS",5867,376,120,873,196,203,90,76,41,39,74,57,61,78,29,44,13,12,2065,2016,4081,3,0,42
246,"Gladbach","DUS",7890,353,150,1070,275,298,114,140,68,47,103,89,98,95,42,48,30,20,2916,2847,5763,1,0,33
247,"Simmern","KOB",6355,251,248,958,277,285,113,123,41,60,73,77,38,24,8,10,2,5,2386,2197,4583,7,3,72
248,"Koblenz","KOB",10507,527,351,1942,397,396,145,153,62,74,105,76,86,100,42,52,6,17,3752,3611,7363,9,1,118
249,"St. Goar","KOB",6539,180,242,1014,283,288,128,134,60,44,60,54,42,46,14,13,5,7,2299,2315,4614,11,1,66
250,"Kreutznach","KOB",9101,389,246,1453,376,389,147,151,61,58,77,90,59,67,27,17,7,12,2924,3027,5951,5,4,70
251,"Zell","KOB",4575,126,116,768,185,177,92,103,40,46,60,45,24,29,15,19,3,4,1656,1757,3413,0,0,47
252,"Kochem","KOB",5715,185,260,787,264,241,151,148,44,38,65,44,39,38,15,27,5,8,2176,2022,4198,2,0,75
253,"Maien","KOB",7463,271,279,1176,234,252,127,117,59,74,72,81,64,54,29,27,10,7,2577,2593,5170,2,1,91
254,"Adenau","KOB",4137,97,106,681,168,184,102,102,38,38,36,40,24,31,18,13,8,4,1805,1666,3471,0,0,30
255,"Ahrweiler","KOB",5714,153,202,890,260,263,125,139,49,54,51,42,44,39,25,15,5,11,2345,2268,4613,4,0,65
256,"Linz","KOB",2504,74,27,430,104,91,44,61,23,28,13,20,29,31,17,11,4,9,976,1057,2033,1,0,41
256,"Neuwied","KOB",6601,316,238,1061,215,210,113,92,39,57,77,64,33,28,10,16,3,3,2349,2291,4640,7,1,118
257,"Altenkirchen","KOB",6150,360,216,916,234,219,80,86,52,49,60,73,21,29,5,9,4,3,2328,2232,4560,5,1,75
258,"Braunfels","KOB",3790,199,146,533,106,123,53,61,24,26,37,35,20,21,5,3,4,2,1304,1340,2644,3,1,42
258,"Wetzlar","KOB",2622,181,123,354,77,79,35,33,19,21,24,27,38,20,7,15,3,2,1023,1051,2074,7,1,36
259,"Daun","TRI",3867,130,78,526,149,152,97,98,39,27,39,31,29,25,16,17,8,11,1475,1387,2562,0,0,25
260,"Prüm","TRI",4937,108,58,818,235,233,139,129,57,39,53,58,47,37,7,13,5,8,2020,1918,3938,2,0,44
261,"Bitburg","TRI",6703,122,76,1035,290,288,187,148,67,72,76,70,47,29,10,20,7,15,2484,2348,4832,3,0,91
262,"Wittlich","TRI",5726,141,89,837,232,254,120,152,51,47,36,40,48,26,18,14,7,6,2007,1941,3948,0,1,57
263,"Trier, Stadtkreis","TRI",3819,271,78,790,167,181,93,98,29,38,52,41,29,42,24,25,7,24,1723,1595,3318,4,1,40
264,"Trier, Landkreis","TRI",9603,204,120,1427,403,338,193,206,66,76,79,82,72,48,30,22,15,14,3238,2985,6223,0,0,127
265,"Bernkastel","TRI",7460,221,173,954,271,296,167,173,65,84,59,77,68,63,28,31,7,8,2691,2604,5295,3,1,80
266,"Saarburg","TRI",5328,114,44,859,173,170,72,115,50,33,56,47,35,33,19,11,24,8,1659,1612,3271,0,0,68
267,"Merzig","TRI",6004,150,49,897,267,254,117,121,42,54,49,51,21,36,13,22,13,10,1957,1840,3797,4,0,59
268,"Saarlouis","TRI",9003,310,65,1330,322,304,153,141,67,53,86,73,41,48,32,28,7,9,2640,2552,5192,3,0,107
269,"Saarbrücken","TRI",608,302,61,842,230,208,130,129,45,49,49,47,33,36,11,18,4,6,1804,1778,3582,6,1,64
270,"Ottweiler","TRI",3039,205,11,659,175,179,88,68,28,30,52,53,17,20,4,9,7,4,1412,1312,2724,1,0,49
271,"Erkelenz","AAC",6136,264,54,884,238,222,113,118,37,40,54,69,80,81,43,25,19,17,2289,2312,4001,3,0,53
272,"Heinsberg","AAC",5821,125,54,738,250,206,101,112,37,41,48,59,52,54,28,22,7,9,1990,1991,3981,1,0,49
273,"Geilenkirchen","AAC",4634,129,79,719,223,203,66,86,15,27,35,48,44,60,34,30,10,9,1717,1642,3359,1,2,46
274,"Jülich","AAC",6410,380,87,1096,266,234,122,106,48,51,66,57,73,83,45,51,22,16,2438,2227,4665,3,0,38
275,"Düren","AAC",8378,260,190,1513,372,356,159,178,54,67,98,79,109,118,60,58,21,32,3416,3116,6532,4,2,102
276,"Aachen","AAC",,,,,,,,,,,,,,,,,,,,,,4,4,
277,"Achen","AAC",9421,345,225,1484,415,401,198,201,75,69,102,87,98,143,63,73,26,44,3826,3460,7286,1,0,56
278,"Eupen","AAC",3362,120,130,484,138,165,62,60,29,23,30,33,26,50,24,23,8,16,1395,1429,2824,1,1,38
279,"Montjoie","AAC",3791,74,69,564,193,194,85,84,18,25,36,32,28,29,7,13,3,8,1503,1447,2950,4,0,35
280,"Blankenheim","AAC",848,13,9,116,56,57,23,21,11,11,7,6,9,11,7,3,1,2,408,370,778,1,0,5
280,"Gemünd","AAC",4323,90,60,561,218,219,98,106,32,48,39,52,35,30,13,14,5,4,1608,1675,3283,1,0,37
280,"Gemünd","AAC",1204,20,16,181,100,61,26,24,11,12,12,17,12,9,6,3,1,3,549,476,1025,1,0,7
281,"Malmedy","AAC",855,23,20,120,35,39,5,11,8,6,12,5,8,5,2,2,0,2,295,295,590,1,0,10
281,"Malmedy","AAC",2255,54,60,279,120,107,65,57,12,15,23,25,45,35,12,19,5,9,977,925,1902,0,0,42
281,"St. Vith","AAC",1665,39,10,235,77,71,50,52,21,13,25,32,16,17,11,10,5,5,757,773,1530,0,0,21
